ISO-10303-21;
HEADER;
FILE_DESCRIPTION((''),'2;1');
FILE_NAME('PGF0176A_ASM','2017-05-16T',('a0412086'),(''),
'CREO PARAMETRIC BY PTC INC, 2016050','CREO PARAMETRIC BY PTC INC, 2016050','');
FILE_SCHEMA(('AUTOMOTIVE_DESIGN { 1 0 10303 214 1 1 1 1 }'));
ENDSEC;
DATA;
#28=CARTESIAN_POINT('',(-1.1E1,6.365E-1,-1.1E1));
#29=DIRECTION('',(0.E0,1.E0,0.E0));
#30=DIRECTION('',(1.E0,0.E0,0.E0));
#31=AXIS2_PLACEMENT_3D('',#28,#29,#30);
#33=DRAUGHTING_PRE_DEFINED_CURVE_FONT('continuous');
#34=CURVE_STYLE('',#33,POSITIVE_LENGTH_MEASURE(2.E-2),#6);
#35=PRESENTATION_STYLE_ASSIGNMENT((#34));
#36=STYLED_ITEM('',(#35),#32);
#37=CARTESIAN_POINT('',(-1.1E1,6.365E-1,-1.1E1));
#38=DIRECTION('',(0.E0,1.E0,0.E0));
#39=DIRECTION('',(-1.E0,0.E0,0.E0));
#40=AXIS2_PLACEMENT_3D('',#37,#38,#39);
#42=CURVE_STYLE('',#33,POSITIVE_LENGTH_MEASURE(2.E-2),#6);
#43=PRESENTATION_STYLE_ASSIGNMENT((#42));
#44=STYLED_ITEM('',(#43),#41);
#45=DIRECTION('',(0.E0,0.E0,1.E0));
#46=VECTOR('',#45,2.280961564677E1);
#47=CARTESIAN_POINT('',(-1.176186517628E1,6.365E-1,-1.140136132634E1));
#48=LINE('',#47,#46);
#49=CURVE_STYLE('',#33,POSITIVE_LENGTH_MEASURE(2.E-2),#6);
#50=PRESENTATION_STYLE_ASSIGNMENT((#49));
#51=STYLED_ITEM('',(#50),#48);
#52=DIRECTION('',(0.E0,0.E0,1.E0));
#53=VECTOR('',#52,2.280961564677E1);
#54=CARTESIAN_POINT('',(-1.188608992157E1,5.359047847339E-1,-1.140136132634E1));
#55=LINE('',#54,#53);
#56=CURVE_STYLE('',#33,POSITIVE_LENGTH_MEASURE(2.E-2),#6);
#57=PRESENTATION_STYLE_ASSIGNMENT((#56));
#58=STYLED_ITEM('',(#57),#55);
#59=CARTESIAN_POINT('',(-1.176186517628E1,5.095E-1,1.140825432043E1));
#60=DIRECTION('',(-2.073519689733E-1,-9.755143164912E-1,7.332788885223E-2));
#61=DIRECTION('',(-6.929114036896E-1,1.993679344172E-1,6.929114036896E-1));
#62=AXIS2_PLACEMENT_3D('',#59,#60,#61);
#64=CURVE_STYLE('',#33,POSITIVE_LENGTH_MEASURE(2.E-2),#6);
#65=PRESENTATION_STYLE_ASSIGNMENT((#64));
#66=STYLED_ITEM('',(#65),#63);
#67=CARTESIAN_POINT('',(-1.176186517628E1,5.095E-1,1.140825432043E1));
#68=DIRECTION('',(0.E0,0.E0,-1.E0));
#69=DIRECTION('',(-9.781476007338E-1,2.079116908178E-1,0.E0));
#70=AXIS2_PLACEMENT_3D('',#67,#68,#69);
#72=CURVE_STYLE('',#33,POSITIVE_LENGTH_MEASURE(2.E-2),#6);
#73=PRESENTATION_STYLE_ASSIGNMENT((#72));
#74=STYLED_ITEM('',(#73),#71);
#75=CARTESIAN_POINT('',(-1.176186517628E1,5.095E-1,1.140825432043E1));
#76=DIRECTION('',(7.071067811865E-1,0.E0,7.071067811865E-1));
#77=DIRECTION('',(0.E0,1.E0,1.398706172756E-14));
#78=AXIS2_PLACEMENT_3D('',#75,#76,#77);
#80=CURVE_STYLE('',#33,POSITIVE_LENGTH_MEASURE(2.E-2),#6);
#81=PRESENTATION_STYLE_ASSIGNMENT((#80));
#82=STYLED_ITEM('',(#81),#79);
#83=CARTESIAN_POINT('',(-1.196317196171E1,3.378072164390E-6,1.153682600460E1));
#84=CARTESIAN_POINT('',(-1.197073311085E1,3.378072163907E-6,1.152926485546E1));
#85=CARTESIAN_POINT('',(-1.198436051744E1,1.220214158752E-3,1.151136889797E1));
#86=CARTESIAN_POINT('',(-1.199696800924E1,1.251049590573E-3,1.148095569947E1));
#87=CARTESIAN_POINT('',(-1.199999832598E1,3.791271473346E-6,1.145863505767E1));
#88=CARTESIAN_POINT('',(-1.199999832598E1,3.791271473343E-6,1.144796557019E1));
#90=CURVE_STYLE('',#33,POSITIVE_LENGTH_MEASURE(2.E-2),#6);
#91=PRESENTATION_STYLE_ASSIGNMENT((#90));
#92=STYLED_ITEM('',(#91),#89);
#93=DIRECTION('',(2.073661662327E-1,9.755885448200E-1,-7.229290641486E-2));
#94=VECTOR('',#93,5.493104611650E-1);
#95=CARTESIAN_POINT('',(-1.199999832598E1,3.791271473343E-6,1.144796557019E1));
#96=LINE('',#95,#94);
#97=CURVE_STYLE('',#33,POSITIVE_LENGTH_MEASURE(2.E-2),#6);
#98=PRESENTATION_STYLE_ASSIGNMENT((#97));
#99=STYLED_ITEM('',(#98),#96);
#100=DIRECTION('',(2.066927212799E-1,9.756026585644E-1,-7.401061796840E-2));
#101=VECTOR('',#100,5.481907464109E-1);
#102=CARTESIAN_POINT('',(-1.196317196171E1,3.378072164390E-6,1.153682600460E1));
#103=LINE('',#102,#101);
#104=CURVE_STYLE('',#33,POSITIVE_LENGTH_MEASURE(2.E-2),#6);
#105=PRESENTATION_STYLE_ASSIGNMENT((#104));
#106=STYLED_ITEM('',(#105),#103);
#107=CARTESIAN_POINT('',(-1.196323917713E1,-1.270031547430E-1,
1.153675820311E1));
#108=CARTESIAN_POINT('',(-1.196932083601E1,-1.270031547430E-1,
1.153067654424E1));
#109=CARTESIAN_POINT('',(-1.197939825607E1,-1.280998419774E-1,
1.151808487648E1));
#110=CARTESIAN_POINT('',(-1.199107875169E1,-1.280890847002E-1,
1.149633821700E1));
#111=CARTESIAN_POINT('',(-1.199821627647E1,-1.280748587445E-1,
1.147269718674E1));
#112=CARTESIAN_POINT('',(-1.199999840261E1,-1.270028332692E-1,
1.145657695841E1));
#113=CARTESIAN_POINT('',(-1.199999840261E1,-1.270028332692E-1,
1.144796539044E1));
#115=CURVE_STYLE('',#33,POSITIVE_LENGTH_MEASURE(2.E-2),#6);
#116=PRESENTATION_STYLE_ASSIGNMENT((#115));
#117=STYLED_ITEM('',(#116),#114);
#118=DIRECTION('',(6.033945944069E-7,9.999999999988E-1,1.415263540013E-6));
#119=VECTOR('',#118,1.270066245408E-1);
#120=CARTESIAN_POINT('',(-1.199999840261E1,-1.270028332692E-1,
1.144796539044E1));
#121=LINE('',#120,#119);
#122=CURVE_STYLE('',#33,POSITIVE_LENGTH_MEASURE(2.E-2),#6);
#123=PRESENTATION_STYLE_ASSIGNMENT((#122));
#124=STYLED_ITEM('',(#123),#121);
#125=DIRECTION('',(5.292279350243E-4,9.999997174650E-1,5.338423714165E-4));
#126=VECTOR('',#125,1.270065686989E-1);
#127=CARTESIAN_POINT('',(-1.196323917713E1,-1.270031547430E-1,
1.153675820311E1));
#128=LINE('',#127,#126);
#129=CURVE_STYLE('',#33,POSITIVE_LENGTH_MEASURE(2.E-2),#6);
#130=PRESENTATION_STYLE_ASSIGNMENT((#129));
#131=STYLED_ITEM('',(#130),#128);
#132=DIRECTION('',(-2.061261722602E-1,9.734958673267E-1,9.908479907219E-2));
#133=VECTOR('',#132,5.516044743999E-1);
#134=CARTESIAN_POINT('',(-1.184953905822E1,-6.639878309701E-1,
1.148210258460E1));
#135=LINE('',#134,#133);
#136=CURVE_STYLE('',#33,POSITIVE_LENGTH_MEASURE(2.E-2),#6);
#137=PRESENTATION_STYLE_ASSIGNMENT((#136));
#138=STYLED_ITEM('',(#137),#135);
#139=DIRECTION('',(-2.069243770735E-1,9.735111597344E-1,9.725391532103E-2));
#140=VECTOR('',#139,5.504836242564E-1);
#141=CARTESIAN_POINT('',(-1.188608992157E1,-6.629047847339E-1,
1.139442870266E1));
#142=LINE('',#141,#140);
#143=CURVE_STYLE('',#33,POSITIVE_LENGTH_MEASURE(2.E-2),#6);
#144=PRESENTATION_STYLE_ASSIGNMENT((#143));
#145=STYLED_ITEM('',(#144),#142);
#146=DIRECTION('',(-7.071067811865E-1,0.E0,-7.071067811865E-1));
#147=VECTOR('',#146,6.031351775470E-1);
#148=CARTESIAN_POINT('',(-1.153675820311E1,-1.270031547430E-1,
1.196323917713E1));
#149=LINE('',#148,#147);
#150=CURVE_STYLE('',#33,POSITIVE_LENGTH_MEASURE(2.E-2),#6);
#151=PRESENTATION_STYLE_ASSIGNMENT((#150));
#152=STYLED_ITEM('',(#151),#149);
#153=DIRECTION('',(-7.071067811865E-1,1.547343452520E-14,-7.071067811866E-1));
#154=VECTOR('',#153,6.029442347990E-1);
#155=CARTESIAN_POINT('',(-1.153682600460E1,3.378072155060E-6,1.196317196171E1));
#156=LINE('',#155,#154);
#157=CURVE_STYLE('',#33,POSITIVE_LENGTH_MEASURE(2.E-2),#6);
#158=PRESENTATION_STYLE_ASSIGNMENT((#157));
#159=STYLED_ITEM('',(#158),#156);
#160=DIRECTION('',(-7.071067811865E-1,0.E0,-7.071067811866E-1));
#161=VECTOR('',#160,5.000812681512E-1);
#162=CARTESIAN_POINT('',(-1.149625406870E1,5.348197276710E-1,1.184986492455E1));
#163=LINE('',#162,#161);
#164=CURVE_STYLE('',#33,POSITIVE_LENGTH_MEASURE(2.E-2),#6);
#165=PRESENTATION_STYLE_ASSIGNMENT((#164));
#166=STYLED_ITEM('',(#165),#163);
#167=DIRECTION('',(-7.071067811865E-1,0.E0,-7.071067811865E-1));
#168=VECTOR('',#167,5.000812681511E-1);
#169=CARTESIAN_POINT('',(-1.140825432043E1,6.365E-1,1.176186517628E1));
#170=LINE('',#169,#168);
#171=CURVE_STYLE('',#33,POSITIVE_LENGTH_MEASURE(2.E-2),#6);
#172=PRESENTATION_STYLE_ASSIGNMENT((#171));
#173=STYLED_ITEM('',(#172),#170);
#174=CARTESIAN_POINT('',(-1.140825432043E1,5.095E-1,1.176186517628E1));
#175=DIRECTION('',(-7.071067811865E-1,0.E0,-7.071067811865E-1));
#176=DIRECTION('',(-6.929114036896E-1,1.993679344172E-1,6.929114036896E-1));
#177=AXIS2_PLACEMENT_3D('',#174,#175,#176);
#179=CURVE_STYLE('',#33,POSITIVE_LENGTH_MEASURE(2.E-2),#6);
#180=PRESENTATION_STYLE_ASSIGNMENT((#179));
#181=STYLED_ITEM('',(#180),#178);
#182=CARTESIAN_POINT('',(-1.140825432043E1,5.095E-1,1.176186517628E1));
#183=DIRECTION('',(1.E0,0.E0,0.E0));
#184=DIRECTION('',(0.E0,1.E0,0.E0));
#185=AXIS2_PLACEMENT_3D('',#182,#183,#184);
#187=CURVE_STYLE('',#33,POSITIVE_LENGTH_MEASURE(2.E-2),#6);
#188=PRESENTATION_STYLE_ASSIGNMENT((#187));
#189=STYLED_ITEM('',(#188),#186);
#190=CARTESIAN_POINT('',(-1.140825432043E1,5.095E-1,1.176186517628E1));
#191=DIRECTION('',(-7.332788885223E-2,-9.755143164912E-1,2.073519689733E-1));
#192=DIRECTION('',(1.398706172756E-14,2.079116908178E-1,9.781476007338E-1));
#193=AXIS2_PLACEMENT_3D('',#190,#191,#192);
#195=CURVE_STYLE('',#33,POSITIVE_LENGTH_MEASURE(2.E-2),#6);
#196=PRESENTATION_STYLE_ASSIGNMENT((#195));
#197=STYLED_ITEM('',(#196),#194);
#198=DIRECTION('',(1.E0,0.E0,0.E0));
#199=VECTOR('',#198,2.281650864085E1);
#200=CARTESIAN_POINT('',(-1.140825432043E1,6.365E-1,1.176186517628E1));
#201=LINE('',#200,#199);
#202=CURVE_STYLE('',#33,POSITIVE_LENGTH_MEASURE(2.E-2),#6);
#203=PRESENTATION_STYLE_ASSIGNMENT((#202));
#204=STYLED_ITEM('',(#203),#201);
#205=DIRECTION('',(1.E0,0.E0,0.E0));
#206=VECTOR('',#205,2.281650864085E1);
#207=CARTESIAN_POINT('',(-1.140825432043E1,5.359047847339E-1,1.188608992157E1));
#208=LINE('',#207,#206);
#209=CURVE_STYLE('',#33,POSITIVE_LENGTH_MEASURE(2.E-2),#6);
#210=PRESENTATION_STYLE_ASSIGNMENT((#209));
#211=STYLED_ITEM('',(#210),#208);
#212=CARTESIAN_POINT('',(1.140825432043E1,5.095E-1,1.176186517628E1));
#213=DIRECTION('',(-1.E0,0.E0,0.E0));
#214=DIRECTION('',(0.E0,2.079116908178E-1,9.781476007338E-1));
#215=AXIS2_PLACEMENT_3D('',#212,#213,#214);
#217=CURVE_STYLE('',#33,POSITIVE_LENGTH_MEASURE(2.E-2),#6);
#218=PRESENTATION_STYLE_ASSIGNMENT((#217));
#219=STYLED_ITEM('',(#218),#216);
#220=CARTESIAN_POINT('',(1.140825432043E1,5.095E-1,1.176186517628E1));
#221=DIRECTION('',(7.071067811865E-1,0.E0,-7.071067811865E-1));
#222=DIRECTION('',(0.E0,1.E0,0.E0));
#223=AXIS2_PLACEMENT_3D('',#220,#221,#222);
#225=CURVE_STYLE('',#33,POSITIVE_LENGTH_MEASURE(2.E-2),#6);
#226=PRESENTATION_STYLE_ASSIGNMENT((#225));
#227=STYLED_ITEM('',(#226),#224);
#228=CARTESIAN_POINT('',(1.140825432043E1,5.095E-1,1.176186517628E1));
#229=DIRECTION('',(7.332788885223E-2,-9.755143164912E-1,2.073519689733E-1));
#230=DIRECTION('',(6.929114036896E-1,1.993679344172E-1,6.929114036896E-1));
#231=AXIS2_PLACEMENT_3D('',#228,#229,#230);
#233=CURVE_STYLE('',#33,POSITIVE_LENGTH_MEASURE(2.E-2),#6);
#234=PRESENTATION_STYLE_ASSIGNMENT((#233));
#235=STYLED_ITEM('',(#234),#232);
#236=DIRECTION('',(-7.071067811865E-1,0.E0,7.071067811865E-1));
#237=VECTOR('',#236,5.000812681511E-1);
#238=CARTESIAN_POINT('',(1.184986492455E1,5.348197276710E-1,1.149625406870E1));
#239=LINE('',#238,#237);
#240=CURVE_STYLE('',#33,POSITIVE_LENGTH_MEASURE(2.E-2),#6);
#241=PRESENTATION_STYLE_ASSIGNMENT((#240));
#242=STYLED_ITEM('',(#241),#239);
#243=DIRECTION('',(-7.071067811865E-1,0.E0,7.071067811865E-1));
#244=VECTOR('',#243,5.000812681511E-1);
#245=CARTESIAN_POINT('',(1.176186517628E1,6.365E-1,1.140825432043E1));
#246=LINE('',#245,#244);
#247=CURVE_STYLE('',#33,POSITIVE_LENGTH_MEASURE(2.E-2),#6);
#248=PRESENTATION_STYLE_ASSIGNMENT((#247));
#249=STYLED_ITEM('',(#248),#246);
#250=DIRECTION('',(-7.071067811866E-1,1.527059983835E-14,7.071067811865E-1));
#251=VECTOR('',#250,6.029442347990E-1);
#252=CARTESIAN_POINT('',(1.196317196171E1,3.378072155061E-6,1.153682600460E1));
#253=LINE('',#252,#251);
#254=CURVE_STYLE('',#33,POSITIVE_LENGTH_MEASURE(2.E-2),#6);
#255=PRESENTATION_STYLE_ASSIGNMENT((#254));
#256=STYLED_ITEM('',(#255),#253);
#257=DIRECTION('',(-7.071067811865E-1,0.E0,7.071067811865E-1));
#258=VECTOR('',#257,6.031351775470E-1);
#259=CARTESIAN_POINT('',(1.196323917713E1,-1.270031547430E-1,1.153675820311E1));
#260=LINE('',#259,#258);
#261=CURVE_STYLE('',#33,POSITIVE_LENGTH_MEASURE(2.E-2),#6);
#262=PRESENTATION_STYLE_ASSIGNMENT((#261));
#263=STYLED_ITEM('',(#262),#260);
#264=DIRECTION('',(2.069243770735E-1,9.735111597344E-1,9.725391532103E-2));
#265=VECTOR('',#264,5.504836242564E-1);
#266=CARTESIAN_POINT('',(1.188608992157E1,-6.629047847339E-1,1.139442870266E1));
#267=LINE('',#266,#265);
#268=CURVE_STYLE('',#33,POSITIVE_LENGTH_MEASURE(2.E-2),#6);
#269=PRESENTATION_STYLE_ASSIGNMENT((#268));
#270=STYLED_ITEM('',(#269),#267);
#271=DIRECTION('',(2.061261722602E-1,9.734958673267E-1,9.908479907220E-2));
#272=VECTOR('',#271,5.516044743999E-1);
#273=CARTESIAN_POINT('',(1.184953905822E1,-6.639878309701E-1,1.148210258460E1));
#274=LINE('',#273,#272);
#275=CURVE_STYLE('',#33,POSITIVE_LENGTH_MEASURE(2.E-2),#6);
#276=PRESENTATION_STYLE_ASSIGNMENT((#275));
#277=STYLED_ITEM('',(#276),#274);
#278=CARTESIAN_POINT('',(1.196323917713E1,-1.270031547430E-1,1.153675820311E1));
#279=CARTESIAN_POINT('',(1.196932083601E1,-1.270031547430E-1,1.153067654424E1));
#280=CARTESIAN_POINT('',(1.197939825607E1,-1.280998419774E-1,1.151808487648E1));
#281=CARTESIAN_POINT('',(1.199107875169E1,-1.280890847002E-1,1.149633821700E1));
#282=CARTESIAN_POINT('',(1.199821627647E1,-1.280748587445E-1,1.147269718674E1));
#283=CARTESIAN_POINT('',(1.199999840261E1,-1.270028332692E-1,1.145657695841E1));
#284=CARTESIAN_POINT('',(1.199999840261E1,-1.270028332692E-1,1.144796539044E1));
#286=CURVE_STYLE('',#33,POSITIVE_LENGTH_MEASURE(2.E-2),#6);
#287=PRESENTATION_STYLE_ASSIGNMENT((#286));
#288=STYLED_ITEM('',(#287),#285);
#289=DIRECTION('',(-5.292279349824E-4,9.999997174650E-1,5.338423714026E-4));
#290=VECTOR('',#289,1.270065686989E-1);
#291=CARTESIAN_POINT('',(1.196323917713E1,-1.270031547430E-1,1.153675820311E1));
#292=LINE('',#291,#290);
#293=CURVE_STYLE('',#33,POSITIVE_LENGTH_MEASURE(2.E-2),#6);
#294=PRESENTATION_STYLE_ASSIGNMENT((#293));
#295=STYLED_ITEM('',(#294),#292);
#296=DIRECTION('',(-6.033945944069E-7,9.999999999988E-1,1.415263526027E-6));
#297=VECTOR('',#296,1.270066245408E-1);
#298=CARTESIAN_POINT('',(1.199999840261E1,-1.270028332692E-1,1.144796539044E1));
#299=LINE('',#298,#297);
#300=CURVE_STYLE('',#33,POSITIVE_LENGTH_MEASURE(2.E-2),#6);
#301=PRESENTATION_STYLE_ASSIGNMENT((#300));
#302=STYLED_ITEM('',(#301),#299);
#303=CARTESIAN_POINT('',(1.196317196171E1,3.378072155061E-6,1.153682600460E1));
#304=CARTESIAN_POINT('',(1.197073311085E1,3.378072155630E-6,1.152926485546E1));
#305=CARTESIAN_POINT('',(1.198436051744E1,1.220214158732E-3,1.151136889797E1));
#306=CARTESIAN_POINT('',(1.199696800924E1,1.251049590588E-3,1.148095569947E1));
#307=CARTESIAN_POINT('',(1.199999832598E1,3.791271473282E-6,1.145863505767E1));
#308=CARTESIAN_POINT('',(1.199999832598E1,3.791271473288E-6,1.144796557019E1));
#310=CURVE_STYLE('',#33,POSITIVE_LENGTH_MEASURE(2.E-2),#6);
#311=PRESENTATION_STYLE_ASSIGNMENT((#310));
#312=STYLED_ITEM('',(#311),#309);
#313=DIRECTION('',(-2.066927212799E-1,9.756026585644E-1,-7.401061796840E-2));
#314=VECTOR('',#313,5.481907464109E-1);
#315=CARTESIAN_POINT('',(1.196317196171E1,3.378072155061E-6,1.153682600460E1));
#316=LINE('',#315,#314);
#317=CURVE_STYLE('',#33,POSITIVE_LENGTH_MEASURE(2.E-2),#6);
#318=PRESENTATION_STYLE_ASSIGNMENT((#317));
#319=STYLED_ITEM('',(#318),#316);
#320=DIRECTION('',(-2.073661662327E-1,9.755885448200E-1,-7.229290641486E-2));
#321=VECTOR('',#320,5.493104611650E-1);
#322=CARTESIAN_POINT('',(1.199999832598E1,3.791271473288E-6,1.144796557019E1));
#323=LINE('',#322,#321);
#324=CURVE_STYLE('',#33,POSITIVE_LENGTH_MEASURE(2.E-2),#6);
#325=PRESENTATION_STYLE_ASSIGNMENT((#324));
#326=STYLED_ITEM('',(#325),#323);
#327=CARTESIAN_POINT('',(1.176186517628E1,5.095E-1,1.140825432043E1));
#328=DIRECTION('',(-7.071067811865E-1,0.E0,7.071067811865E-1));
#329=DIRECTION('',(6.929114036896E-1,1.993679344172E-1,6.929114036896E-1));
#330=AXIS2_PLACEMENT_3D('',#327,#328,#329);
#332=CURVE_STYLE('',#33,POSITIVE_LENGTH_MEASURE(2.E-2),#6);
#333=PRESENTATION_STYLE_ASSIGNMENT((#332));
#334=STYLED_ITEM('',(#333),#331);
#335=CARTESIAN_POINT('',(1.176186517628E1,5.095E-1,1.140825432043E1));
#336=DIRECTION('',(0.E0,0.E0,-1.E0));
#337=DIRECTION('',(0.E0,1.E0,0.E0));
#338=AXIS2_PLACEMENT_3D('',#335,#336,#337);
#340=CURVE_STYLE('',#33,POSITIVE_LENGTH_MEASURE(2.E-2),#6);
#341=PRESENTATION_STYLE_ASSIGNMENT((#340));
#342=STYLED_ITEM('',(#341),#339);
#343=CARTESIAN_POINT('',(1.176186517628E1,5.095E-1,1.140825432043E1));
#344=DIRECTION('',(2.073519689733E-1,-9.755143164912E-1,7.332788885223E-2));
#345=DIRECTION('',(9.781476007338E-1,2.079116908178E-1,-1.398706172756E-14));
#346=AXIS2_PLACEMENT_3D('',#343,#344,#345);
#348=CURVE_STYLE('',#33,POSITIVE_LENGTH_MEASURE(2.E-2),#6);
#349=PRESENTATION_STYLE_ASSIGNMENT((#348));
#350=STYLED_ITEM('',(#349),#347);
#351=DIRECTION('',(0.E0,0.E0,-1.E0));
#352=VECTOR('',#351,2.280961564677E1);
#353=CARTESIAN_POINT('',(1.176186517628E1,6.365E-1,1.140825432043E1));
#354=LINE('',#353,#352);
#355=CURVE_STYLE('',#33,POSITIVE_LENGTH_MEASURE(2.E-2),#6);
#356=PRESENTATION_STYLE_ASSIGNMENT((#355));
#357=STYLED_ITEM('',(#356),#354);
#358=DIRECTION('',(0.E0,0.E0,-1.E0));
#359=VECTOR('',#358,2.280961564677E1);
#360=CARTESIAN_POINT('',(1.188608992157E1,5.359047847339E-1,1.140825432043E1));
#361=LINE('',#360,#359);
#362=CURVE_STYLE('',#33,POSITIVE_LENGTH_MEASURE(2.E-2),#6);
#363=PRESENTATION_STYLE_ASSIGNMENT((#362));
#364=STYLED_ITEM('',(#363),#361);
#365=CARTESIAN_POINT('',(1.176186517628E1,5.095E-1,-1.140136132634E1));
#366=DIRECTION('',(0.E0,0.E0,1.E0));
#367=DIRECTION('',(9.781476007338E-1,2.079116908178E-1,0.E0));
#368=AXIS2_PLACEMENT_3D('',#365,#366,#367);
#370=CURVE_STYLE('',#33,POSITIVE_LENGTH_MEASURE(2.E-2),#6);
#371=PRESENTATION_STYLE_ASSIGNMENT((#370));
#372=STYLED_ITEM('',(#371),#369);
#373=CARTESIAN_POINT('',(1.176186517628E1,5.095E-1,-1.140136132634E1));
#374=DIRECTION('',(-7.071067811865E-1,0.E0,-7.071067811865E-1));
#375=DIRECTION('',(0.E0,1.E0,-1.398706172756E-14));
#376=AXIS2_PLACEMENT_3D('',#373,#374,#375);
#378=CURVE_STYLE('',#33,POSITIVE_LENGTH_MEASURE(2.E-2),#6);
#379=PRESENTATION_STYLE_ASSIGNMENT((#378));
#380=STYLED_ITEM('',(#379),#377);
#381=CARTESIAN_POINT('',(1.176186517628E1,5.095E-1,-1.140136132634E1));
#382=DIRECTION('',(2.071449514056E-1,-9.745403754091E-1,-8.580224824930E-2));
#383=DIRECTION('',(6.916548014802E-1,2.079116908178E-1,-6.916548014802E-1));
#384=AXIS2_PLACEMENT_3D('',#381,#382,#383);
#386=CURVE_STYLE('',#33,POSITIVE_LENGTH_MEASURE(2.E-2),#6);
#387=PRESENTATION_STYLE_ASSIGNMENT((#386));
#388=STYLED_ITEM('',(#387),#385);
#389=DIRECTION('',(7.071067811865E-1,0.E0,7.071067811865E-1));
#390=VECTOR('',#389,5.098294338713E-1);
#391=CARTESIAN_POINT('',(1.148920148613E1,5.359047847339E-1,-1.184970533607E1));
#392=LINE('',#391,#390);
#393=CURVE_STYLE('',#33,POSITIVE_LENGTH_MEASURE(2.E-2),#6);
#394=PRESENTATION_STYLE_ASSIGNMENT((#393));
#395=STYLED_ITEM('',(#394),#392);
#396=DIRECTION('',(7.071067811865E-1,0.E0,7.071067811865E-1));
#397=VECTOR('',#396,5.098294338713E-1);
#398=CARTESIAN_POINT('',(1.140136132634E1,6.365E-1,-1.176186517628E1));
#399=LINE('',#398,#397);
#400=CURVE_STYLE('',#33,POSITIVE_LENGTH_MEASURE(2.E-2),#6);
#401=PRESENTATION_STYLE_ASSIGNMENT((#400));
#402=STYLED_ITEM('',(#401),#399);
#403=DIRECTION('',(7.071067811865E-1,0.E0,7.071067811865E-1));
#404=VECTOR('',#403,6.030446732157E-1);
#405=CARTESIAN_POINT('',(1.153679030651E1,3.827798712646E-6,-1.196320728430E1));
#406=LINE('',#405,#404);
#407=CURVE_STYLE('',#33,POSITIVE_LENGTH_MEASURE(2.E-2),#6);
#408=PRESENTATION_STYLE_ASSIGNMENT((#407));
#409=STYLED_ITEM('',(#408),#406);
#410=DIRECTION('',(7.071067811865E-1,0.E0,7.071067811865E-1));
#411=VECTOR('',#410,6.030447582948E-1);
#412=CARTESIAN_POINT('',(1.153679034905E1,-1.270028362344E-1,
-1.196320738700E1));
#413=LINE('',#412,#411);
#414=CURVE_STYLE('',#33,POSITIVE_LENGTH_MEASURE(2.E-2),#6);
#415=PRESENTATION_STYLE_ASSIGNMENT((#414));
#416=STYLED_ITEM('',(#415),#413);
#417=DIRECTION('',(8.476386017739E-2,9.746276829981E-1,-2.071616941945E-1));
#418=VECTOR('',#417,5.498529929407E-1);
#419=CARTESIAN_POINT('',(1.140136132634E1,-6.629047847339E-1,
-1.188608992157E1));
#420=LINE('',#419,#418);
#421=CURVE_STYLE('',#33,POSITIVE_LENGTH_MEASURE(2.E-2),#6);
#422=PRESENTATION_STYLE_ASSIGNMENT((#421));
#423=STYLED_ITEM('',(#422),#420);
#424=DIRECTION('',(8.654833843603E-2,9.746276829981E-1,-2.064225390980E-1));
#425=VECTOR('',#424,5.498529929407E-1);
#426=CARTESIAN_POINT('',(1.148920148613E1,-6.629047847339E-1,
-1.184970533607E1));
#427=LINE('',#426,#425);
#428=CURVE_STYLE('',#33,POSITIVE_LENGTH_MEASURE(2.E-2),#6);
#429=PRESENTATION_STYLE_ASSIGNMENT((#428));
#430=STYLED_ITEM('',(#429),#427);
#431=CARTESIAN_POINT('',(1.153679034905E1,-1.270028362344E-1,
-1.196320738700E1));
#432=CARTESIAN_POINT('',(1.153071073738E1,-1.270028362344E-1,
-1.196928699868E1));
#433=CARTESIAN_POINT('',(1.151807325876E1,-1.280719148687E-1,
-1.197941292599E1));
#434=CARTESIAN_POINT('',(1.149630944141E1,-1.280732521216E-1,
-1.199109020340E1));
#435=CARTESIAN_POINT('',(1.147266301654E1,-1.280719148687E-1,
-1.199822246419E1));
#436=CARTESIAN_POINT('',(1.145656685784E1,-1.270028362344E-1,
-1.199999839915E1));
#437=CARTESIAN_POINT('',(1.144796898855E1,-1.270028362344E-1,
-1.199999839915E1));
#439=CURVE_STYLE('',#33,POSITIVE_LENGTH_MEASURE(2.E-2),#6);
#440=PRESENTATION_STYLE_ASSIGNMENT((#439));
#441=STYLED_ITEM('',(#440),#438);
#442=DIRECTION('',(-3.349394458221E-7,9.999999999996E-1,8.086153194553E-7));
#443=VECTOR('',#442,1.270066640332E-1);
#444=CARTESIAN_POINT('',(1.153679034905E1,-1.270028362344E-1,
-1.196320738700E1));
#445=LINE('',#444,#443);
#446=CURVE_STYLE('',#33,POSITIVE_LENGTH_MEASURE(2.E-2),#6);
#447=PRESENTATION_STYLE_ASSIGNMENT((#446));
#448=STYLED_ITEM('',(#447),#445);
#449=DIRECTION('',(-3.349394458221E-7,9.999999999996E-1,8.086153194552E-7));
#450=VECTOR('',#449,1.270066640332E-1);
#451=CARTESIAN_POINT('',(1.144796898855E1,-1.270028362344E-1,
-1.199999839915E1));
#452=LINE('',#451,#450);
#453=CURVE_STYLE('',#33,POSITIVE_LENGTH_MEASURE(2.E-2),#6);
#454=PRESENTATION_STYLE_ASSIGNMENT((#453));
#455=STYLED_ITEM('',(#454),#452);
#456=CARTESIAN_POINT('',(1.153679030651E1,3.827798712646E-6,-1.196320728430E1));
#457=CARTESIAN_POINT('',(1.152925143266E1,3.827798712142E-6,-1.197074615816E1));
#458=CARTESIAN_POINT('',(1.151133209178E1,1.267988373603E-3,-1.198438128012E1));
#459=CARTESIAN_POINT('',(1.148094289831E1,1.267988373608E-3,-1.199696889620E1));
#460=CARTESIAN_POINT('',(1.145863052367E1,3.827798716072E-6,-1.199999829645E1));
#461=CARTESIAN_POINT('',(1.144796894601E1,3.827798716063E-6,-1.199999829645E1));
#463=CURVE_STYLE('',#33,POSITIVE_LENGTH_MEASURE(2.E-2),#6);
#464=PRESENTATION_STYLE_ASSIGNMENT((#463));
#465=STYLED_ITEM('',(#464),#462);
#466=DIRECTION('',(-8.654841710214E-2,9.746276367524E-1,2.064227244651E-1));
#467=VECTOR('',#466,5.498520016535E-1);
#468=CARTESIAN_POINT('',(1.153679030651E1,3.827798712646E-6,-1.196320728430E1));
#469=LINE('',#468,#467);
#470=CURVE_STYLE('',#33,POSITIVE_LENGTH_MEASURE(2.E-2),#6);
#471=PRESENTATION_STYLE_ASSIGNMENT((#470));
#472=STYLED_ITEM('',(#471),#469);
#473=DIRECTION('',(-8.476393562640E-2,9.746276367524E-1,2.071618808942E-1));
#474=VECTOR('',#473,5.498520016535E-1);
#475=CARTESIAN_POINT('',(1.144796894601E1,3.827798716063E-6,-1.199999829645E1));
#476=LINE('',#475,#474);
#477=CURVE_STYLE('',#33,POSITIVE_LENGTH_MEASURE(2.E-2),#6);
#478=PRESENTATION_STYLE_ASSIGNMENT((#477));
#479=STYLED_ITEM('',(#478),#476);
#480=CARTESIAN_POINT('',(1.140136132634E1,5.095E-1,-1.176186517628E1));
#481=DIRECTION('',(7.071067811865E-1,0.E0,7.071067811865E-1));
#482=DIRECTION('',(6.916548014802E-1,2.079116908178E-1,-6.916548014802E-1));
#483=AXIS2_PLACEMENT_3D('',#480,#481,#482);
#485=CURVE_STYLE('',#33,POSITIVE_LENGTH_MEASURE(2.E-2),#6);
#486=PRESENTATION_STYLE_ASSIGNMENT((#485));
#487=STYLED_ITEM('',(#486),#484);
#488=CARTESIAN_POINT('',(1.140136132634E1,5.095E-1,-1.176186517628E1));
#489=DIRECTION('',(-1.E0,0.E0,0.E0));
#490=DIRECTION('',(0.E0,1.E0,0.E0));
#491=AXIS2_PLACEMENT_3D('',#488,#489,#490);
#493=CURVE_STYLE('',#33,POSITIVE_LENGTH_MEASURE(2.E-2),#6);
#494=PRESENTATION_STYLE_ASSIGNMENT((#493));
#495=STYLED_ITEM('',(#494),#492);
#496=CARTESIAN_POINT('',(1.140136132634E1,5.095E-1,-1.176186517628E1));
#497=DIRECTION('',(8.580224824930E-2,-9.745403754091E-1,-2.071449514056E-1));
#498=DIRECTION('',(1.398706172756E-14,2.079116908178E-1,-9.781476007338E-1));
#499=AXIS2_PLACEMENT_3D('',#496,#497,#498);
#501=CURVE_STYLE('',#33,POSITIVE_LENGTH_MEASURE(2.E-2),#6);
#502=PRESENTATION_STYLE_ASSIGNMENT((#501));
#503=STYLED_ITEM('',(#502),#500);
#504=DIRECTION('',(-1.E0,0.E0,0.E0));
#505=VECTOR('',#504,2.280272265268E1);
#506=CARTESIAN_POINT('',(1.140136132634E1,6.365E-1,-1.176186517628E1));
#507=LINE('',#506,#505);
#508=CURVE_STYLE('',#33,POSITIVE_LENGTH_MEASURE(2.E-2),#6);
#509=PRESENTATION_STYLE_ASSIGNMENT((#508));
#510=STYLED_ITEM('',(#509),#507);
#511=DIRECTION('',(-1.E0,0.E0,0.E0));
#512=VECTOR('',#511,2.280272265268E1);
#513=CARTESIAN_POINT('',(1.140136132634E1,5.359047847339E-1,-1.188608992157E1));
#514=LINE('',#513,#512);
#515=CURVE_STYLE('',#33,POSITIVE_LENGTH_MEASURE(2.E-2),#6);
#516=PRESENTATION_STYLE_ASSIGNMENT((#515));
#517=STYLED_ITEM('',(#516),#514);
#518=CARTESIAN_POINT('',(-1.140136132634E1,5.095E-1,-1.176186517628E1));
#519=DIRECTION('',(1.E0,0.E0,0.E0));
#520=DIRECTION('',(0.E0,2.079116908178E-1,-9.781476007338E-1));
#521=AXIS2_PLACEMENT_3D('',#518,#519,#520);
#523=CURVE_STYLE('',#33,POSITIVE_LENGTH_MEASURE(2.E-2),#6);
#524=PRESENTATION_STYLE_ASSIGNMENT((#523));
#525=STYLED_ITEM('',(#524),#522);
#526=CARTESIAN_POINT('',(-1.140136132634E1,5.095E-1,-1.176186517628E1));
#527=DIRECTION('',(-7.071067811865E-1,0.E0,7.071067811865E-1));
#528=DIRECTION('',(-1.398706172756E-14,1.E0,0.E0));
#529=AXIS2_PLACEMENT_3D('',#526,#527,#528);
#531=CURVE_STYLE('',#33,POSITIVE_LENGTH_MEASURE(2.E-2),#6);
#532=PRESENTATION_STYLE_ASSIGNMENT((#531));
#533=STYLED_ITEM('',(#532),#530);
#534=CARTESIAN_POINT('',(-1.140136132634E1,5.095E-1,-1.176186517628E1));
#535=DIRECTION('',(-8.580224824930E-2,-9.745403754091E-1,-2.071449514056E-1));
#536=DIRECTION('',(-6.916548014802E-1,2.079116908178E-1,-6.916548014802E-1));
#537=AXIS2_PLACEMENT_3D('',#534,#535,#536);
#539=CURVE_STYLE('',#33,POSITIVE_LENGTH_MEASURE(2.E-2),#6);
#540=PRESENTATION_STYLE_ASSIGNMENT((#539));
#541=STYLED_ITEM('',(#540),#538);
#542=DIRECTION('',(7.071067811865E-1,0.E0,-7.071067811865E-1));
#543=VECTOR('',#542,5.098294338713E-1);
#544=CARTESIAN_POINT('',(-1.184970533607E1,5.359047847339E-1,
-1.148920148613E1));
#545=LINE('',#544,#543);
#546=CURVE_STYLE('',#33,POSITIVE_LENGTH_MEASURE(2.E-2),#6);
#547=PRESENTATION_STYLE_ASSIGNMENT((#546));
#548=STYLED_ITEM('',(#547),#545);
#549=DIRECTION('',(7.071067811866E-1,0.E0,-7.071067811865E-1));
#550=VECTOR('',#549,5.098294338713E-1);
#551=CARTESIAN_POINT('',(-1.176186517628E1,6.365E-1,-1.140136132634E1));
#552=LINE('',#551,#550);
#553=CURVE_STYLE('',#33,POSITIVE_LENGTH_MEASURE(2.E-2),#6);
#554=PRESENTATION_STYLE_ASSIGNMENT((#553));
#555=STYLED_ITEM('',(#554),#552);
#556=DIRECTION('',(7.071067811865E-1,0.E0,-7.071067811865E-1));
#557=VECTOR('',#556,6.030446732157E-1);
#558=CARTESIAN_POINT('',(-1.196320728430E1,3.827798721532E-6,
-1.153679030651E1));
#559=LINE('',#558,#557);
#560=CURVE_STYLE('',#33,POSITIVE_LENGTH_MEASURE(2.E-2),#6);
#561=PRESENTATION_STYLE_ASSIGNMENT((#560));
#562=STYLED_ITEM('',(#561),#559);
#563=DIRECTION('',(7.071067811865E-1,0.E0,-7.071067811865E-1));
#564=VECTOR('',#563,6.030447582948E-1);
#565=CARTESIAN_POINT('',(-1.196320738700E1,-1.270028362345E-1,
-1.153679034905E1));
#566=LINE('',#565,#564);
#567=CURVE_STYLE('',#33,POSITIVE_LENGTH_MEASURE(2.E-2),#6);
#568=PRESENTATION_STYLE_ASSIGNMENT((#567));
#569=STYLED_ITEM('',(#568),#566);
#570=DIRECTION('',(-2.071616941945E-1,9.746276829981E-1,-8.476386017739E-2));
#571=VECTOR('',#570,5.498529929407E-1);
#572=CARTESIAN_POINT('',(-1.188608992157E1,-6.629047847339E-1,
-1.140136132634E1));
#573=LINE('',#572,#571);
#574=CURVE_STYLE('',#33,POSITIVE_LENGTH_MEASURE(2.E-2),#6);
#575=PRESENTATION_STYLE_ASSIGNMENT((#574));
#576=STYLED_ITEM('',(#575),#573);
#577=DIRECTION('',(-2.064225390980E-1,9.746276829981E-1,-8.654833843602E-2));
#578=VECTOR('',#577,5.498529929407E-1);
#579=CARTESIAN_POINT('',(-1.184970533607E1,-6.629047847339E-1,
-1.148920148613E1));
#580=LINE('',#579,#578);
#581=CURVE_STYLE('',#33,POSITIVE_LENGTH_MEASURE(2.E-2),#6);
#582=PRESENTATION_STYLE_ASSIGNMENT((#581));
#583=STYLED_ITEM('',(#582),#580);
#584=CARTESIAN_POINT('',(-1.196320738700E1,-1.270028362345E-1,
-1.153679034905E1));
#585=CARTESIAN_POINT('',(-1.196928699868E1,-1.270028362345E-1,
-1.153071073738E1));
#586=CARTESIAN_POINT('',(-1.197941292599E1,-1.280719148687E-1,
-1.151807325876E1));
#587=CARTESIAN_POINT('',(-1.199109020340E1,-1.280732521216E-1,
-1.149630944141E1));
#588=CARTESIAN_POINT('',(-1.199822246419E1,-1.280719148687E-1,
-1.147266301654E1));
#589=CARTESIAN_POINT('',(-1.199999839915E1,-1.270028362344E-1,
-1.145656685784E1));
#590=CARTESIAN_POINT('',(-1.199999839915E1,-1.270028362344E-1,
-1.144796898855E1));
#592=CURVE_STYLE('',#33,POSITIVE_LENGTH_MEASURE(2.E-2),#6);
#593=PRESENTATION_STYLE_ASSIGNMENT((#592));
#594=STYLED_ITEM('',(#593),#591);
#595=DIRECTION('',(8.086153194552E-7,9.999999999996E-1,3.349394598084E-7));
#596=VECTOR('',#595,1.270066640332E-1);
#597=CARTESIAN_POINT('',(-1.196320738700E1,-1.270028362345E-1,
-1.153679034905E1));
#598=LINE('',#597,#596);
#599=CURVE_STYLE('',#33,POSITIVE_LENGTH_MEASURE(2.E-2),#6);
#600=PRESENTATION_STYLE_ASSIGNMENT((#599));
#601=STYLED_ITEM('',(#600),#598);
#602=DIRECTION('',(8.086153194552E-7,9.999999999996E-1,3.349394458221E-7));
#603=VECTOR('',#602,1.270066640332E-1);
#604=CARTESIAN_POINT('',(-1.199999839915E1,-1.270028362344E-1,
-1.144796898855E1));
#605=LINE('',#604,#603);
#606=CURVE_STYLE('',#33,POSITIVE_LENGTH_MEASURE(2.E-2),#6);
#607=PRESENTATION_STYLE_ASSIGNMENT((#606));
#608=STYLED_ITEM('',(#607),#605);
#609=CARTESIAN_POINT('',(-1.196320728430E1,3.827798721532E-6,
-1.153679030651E1));
#610=CARTESIAN_POINT('',(-1.197074615816E1,3.827798721028E-6,
-1.152925143266E1));
#611=CARTESIAN_POINT('',(-1.198438128012E1,1.267988373598E-3,
-1.151133209178E1));
#612=CARTESIAN_POINT('',(-1.199696889620E1,1.267988373610E-3,
-1.148094289831E1));
#613=CARTESIAN_POINT('',(-1.199999829645E1,3.827798715995E-6,
-1.145863052367E1));
#614=CARTESIAN_POINT('',(-1.199999829645E1,3.827798715986E-6,
-1.144796894601E1));
#616=CURVE_STYLE('',#33,POSITIVE_LENGTH_MEASURE(2.E-2),#6);
#617=PRESENTATION_STYLE_ASSIGNMENT((#616));
#618=STYLED_ITEM('',(#617),#615);
#619=DIRECTION('',(2.064227244651E-1,9.746276367524E-1,8.654841710214E-2));
#620=VECTOR('',#619,5.498520016535E-1);
#621=CARTESIAN_POINT('',(-1.196320728430E1,3.827798721532E-6,
-1.153679030651E1));
#622=LINE('',#621,#620);
#623=CURVE_STYLE('',#33,POSITIVE_LENGTH_MEASURE(2.E-2),#6);
#624=PRESENTATION_STYLE_ASSIGNMENT((#623));
#625=STYLED_ITEM('',(#624),#622);
#626=DIRECTION('',(2.071618808942E-1,9.746276367524E-1,8.476393562640E-2));
#627=VECTOR('',#626,5.498520016535E-1);
#628=CARTESIAN_POINT('',(-1.199999829645E1,3.827798715986E-6,
-1.144796894601E1));
#629=LINE('',#628,#627);
#630=CURVE_STYLE('',#33,POSITIVE_LENGTH_MEASURE(2.E-2),#6);
#631=PRESENTATION_STYLE_ASSIGNMENT((#630));
#632=STYLED_ITEM('',(#631),#629);
#633=CARTESIAN_POINT('',(-1.176186517628E1,5.095E-1,-1.140136132634E1));
#634=DIRECTION('',(7.071067811865E-1,0.E0,-7.071067811865E-1));
#635=DIRECTION('',(-6.916548014802E-1,2.079116908178E-1,-6.916548014802E-1));
#636=AXIS2_PLACEMENT_3D('',#633,#634,#635);
#638=CURVE_STYLE('',#33,POSITIVE_LENGTH_MEASURE(2.E-2),#6);
#639=PRESENTATION_STYLE_ASSIGNMENT((#638));
#640=STYLED_ITEM('',(#639),#637);
#641=CARTESIAN_POINT('',(-1.176186517628E1,5.095E-1,-1.140136132634E1));
#642=DIRECTION('',(0.E0,0.E0,1.E0));
#643=DIRECTION('',(0.E0,1.E0,0.E0));
#644=AXIS2_PLACEMENT_3D('',#641,#642,#643);
#646=CURVE_STYLE('',#33,POSITIVE_LENGTH_MEASURE(2.E-2),#6);
#647=PRESENTATION_STYLE_ASSIGNMENT((#646));
#648=STYLED_ITEM('',(#647),#645);
#649=CARTESIAN_POINT('',(-1.176186517628E1,5.095E-1,-1.140136132634E1));
#650=DIRECTION('',(-2.071449514056E-1,-9.745403754091E-1,-8.580224824930E-2));
#651=DIRECTION('',(-9.781476007338E-1,2.079116908178E-1,-1.398706172756E-14));
#652=AXIS2_PLACEMENT_3D('',#649,#650,#651);
#654=CURVE_STYLE('',#33,POSITIVE_LENGTH_MEASURE(2.E-2),#6);
#655=PRESENTATION_STYLE_ASSIGNMENT((#654));
#656=STYLED_ITEM('',(#655),#653);
#657=DIRECTION('',(-1.289632236790E-9,-1.595359325345E-9,1.E0));
#658=VECTOR('',#657,2.289593451620E1);
#659=CARTESIAN_POINT('',(-1.199999829645E1,3.827798715986E-6,
-1.144796894601E1));
#660=LINE('',#659,#658);
#661=CURVE_STYLE('',#33,POSITIVE_LENGTH_MEASURE(2.E-2),#6);
#662=PRESENTATION_STYLE_ASSIGNMENT((#661));
#663=STYLED_ITEM('',(#662),#660);
#664=DIRECTION('',(-1.512457049282E-10,1.295118607507E-10,1.E0));
#665=VECTOR('',#664,2.289593437900E1);
#666=CARTESIAN_POINT('',(-1.199999839915E1,-1.270028362344E-1,
-1.144796898855E1));
#667=LINE('',#666,#665);
#668=CURVE_STYLE('',#33,POSITIVE_LENGTH_MEASURE(2.E-2),#6);
#669=PRESENTATION_STYLE_ASSIGNMENT((#668));
#670=STYLED_ITEM('',(#669),#667);
#671=DIRECTION('',(0.E0,0.E0,-1.E0));
#672=VECTOR('',#671,2.279579002900E1);
#673=CARTESIAN_POINT('',(-1.176186517628E1,-7.635E-1,1.139442870266E1));
#674=LINE('',#673,#672);
#675=CURVE_STYLE('',#33,POSITIVE_LENGTH_MEASURE(2.E-2),#6);
#676=PRESENTATION_STYLE_ASSIGNMENT((#675));
#677=STYLED_ITEM('',(#676),#674);
#678=DIRECTION('',(0.E0,0.E0,-1.E0));
#679=VECTOR('',#678,2.279579002900E1);
#680=CARTESIAN_POINT('',(-1.188608992157E1,-6.629047847339E-1,
1.139442870266E1));
#681=LINE('',#680,#679);
#682=CURVE_STYLE('',#33,POSITIVE_LENGTH_MEASURE(2.E-2),#6);
#683=PRESENTATION_STYLE_ASSIGNMENT((#682));
#684=STYLED_ITEM('',(#683),#681);
#685=DIRECTION('',(-7.071067811865E-1,0.E0,-7.071067811865E-1));
#686=VECTOR('',#685,5.196336443029E-1);
#687=CARTESIAN_POINT('',(-1.148210258460E1,-6.639878309701E-1,
1.184953905822E1));
#688=LINE('',#687,#686);
#689=CURVE_STYLE('',#33,POSITIVE_LENGTH_MEASURE(2.E-2),#6);
#690=PRESENTATION_STYLE_ASSIGNMENT((#689));
#691=STYLED_ITEM('',(#690),#688);
#692=DIRECTION('',(-7.071067811865E-1,0.E0,-7.071067811865E-1));
#693=VECTOR('',#692,5.196336443029E-1);
#694=CARTESIAN_POINT('',(-1.139442870266E1,-7.635E-1,1.176186517628E1));
#695=LINE('',#694,#693);
#696=CURVE_STYLE('',#33,POSITIVE_LENGTH_MEASURE(2.E-2),#6);
#697=PRESENTATION_STYLE_ASSIGNMENT((#696));
#698=STYLED_ITEM('',(#697),#695);
#699=CARTESIAN_POINT('',(-1.139442870266E1,-6.365E-1,1.176186517628E1));
#700=DIRECTION('',(1.E0,0.E0,0.E0));
#701=DIRECTION('',(0.E0,-2.079116908178E-1,9.781476007338E-1));
#702=AXIS2_PLACEMENT_3D('',#699,#700,#701);
#704=CURVE_STYLE('',#33,POSITIVE_LENGTH_MEASURE(2.E-2),#6);
#705=PRESENTATION_STYLE_ASSIGNMENT((#704));
#706=STYLED_ITEM('',(#705),#703);
#707=CARTESIAN_POINT('',(-1.139442870266E1,-6.365E-1,1.176186517628E1));
#708=DIRECTION('',(-7.071067811865E-1,0.E0,-7.071067811866E-1));
#709=DIRECTION('',(0.E0,-1.E0,0.E0));
#710=AXIS2_PLACEMENT_3D('',#707,#708,#709);
#712=CURVE_STYLE('',#33,POSITIVE_LENGTH_MEASURE(2.E-2),#6);
#713=PRESENTATION_STYLE_ASSIGNMENT((#712));
#714=STYLED_ITEM('',(#713),#711);
#715=CARTESIAN_POINT('',(-1.139442870266E1,-6.365E-1,1.176186517628E1));
#716=DIRECTION('',(-9.828252044438E-2,9.734119512449E-1,2.069050974451E-1));
#717=DIRECTION('',(-6.903455270799E-1,-2.164396139381E-1,6.903455270799E-1));
#718=AXIS2_PLACEMENT_3D('',#715,#716,#717);
#720=CURVE_STYLE('',#33,POSITIVE_LENGTH_MEASURE(2.E-2),#6);
#721=PRESENTATION_STYLE_ASSIGNMENT((#720));
#722=STYLED_ITEM('',(#721),#719);
#723=DIRECTION('',(-1.E0,0.E0,0.E0));
#724=VECTOR('',#723,2.278885740532E1);
#725=CARTESIAN_POINT('',(1.139442870266E1,-7.635E-1,1.176186517628E1));
#726=LINE('',#725,#724);
#727=CURVE_STYLE('',#33,POSITIVE_LENGTH_MEASURE(2.E-2),#6);
#728=PRESENTATION_STYLE_ASSIGNMENT((#727));
#729=STYLED_ITEM('',(#728),#726);
#730=DIRECTION('',(-1.E0,0.E0,0.E0));
#731=VECTOR('',#730,2.278885740532E1);
#732=CARTESIAN_POINT('',(1.139442870266E1,-6.629047847339E-1,1.188608992157E1));
#733=LINE('',#732,#731);
#734=CURVE_STYLE('',#33,POSITIVE_LENGTH_MEASURE(2.E-2),#6);
#735=PRESENTATION_STYLE_ASSIGNMENT((#734));
#736=STYLED_ITEM('',(#735),#733);
#737=DIRECTION('',(1.E0,0.E0,0.E0));
#738=VECTOR('',#737,2.289593078088E1);
#739=CARTESIAN_POINT('',(-1.144796539044E1,-1.270028332692E-1,
1.199999840261E1));
#740=LINE('',#739,#738);
#741=CURVE_STYLE('',#33,POSITIVE_LENGTH_MEASURE(2.E-2),#6);
#742=PRESENTATION_STYLE_ASSIGNMENT((#741));
#743=STYLED_ITEM('',(#742),#740);
#744=CARTESIAN_POINT('',(-1.153675820311E1,-1.270031547430E-1,
1.196323917713E1));
#745=CARTESIAN_POINT('',(-1.153067654424E1,-1.270031547430E-1,
1.196932083601E1));
#746=CARTESIAN_POINT('',(-1.151808487648E1,-1.280998419774E-1,
1.197939825607E1));
#747=CARTESIAN_POINT('',(-1.149633821700E1,-1.280890847002E-1,
1.199107875169E1));
#748=CARTESIAN_POINT('',(-1.147269718674E1,-1.280748587445E-1,
1.199821627647E1));
#749=CARTESIAN_POINT('',(-1.145657695841E1,-1.270028332692E-1,
1.199999840261E1));
#750=CARTESIAN_POINT('',(-1.144796539044E1,-1.270028332692E-1,
1.199999840261E1));
#752=CURVE_STYLE('',#33,POSITIVE_LENGTH_MEASURE(2.E-2),#6);
#753=PRESENTATION_STYLE_ASSIGNMENT((#752));
#754=STYLED_ITEM('',(#753),#751);
#755=DIRECTION('',(-5.338423714026E-4,9.999997174650E-1,-5.292279349824E-4));
#756=VECTOR('',#755,1.270065686989E-1);
#757=CARTESIAN_POINT('',(-1.153675820311E1,-1.270031547430E-1,
1.196323917713E1));
#758=LINE('',#757,#756);
#759=CURVE_STYLE('',#33,POSITIVE_LENGTH_MEASURE(2.E-2),#6);
#760=PRESENTATION_STYLE_ASSIGNMENT((#759));
#761=STYLED_ITEM('',(#760),#758);
#762=DIRECTION('',(-1.415263526027E-6,9.999999999988E-1,-6.033945944069E-7));
#763=VECTOR('',#762,1.270066245408E-1);
#764=CARTESIAN_POINT('',(-1.144796539044E1,-1.270028332692E-1,
1.199999840261E1));
#765=LINE('',#764,#763);
#766=CURVE_STYLE('',#33,POSITIVE_LENGTH_MEASURE(2.E-2),#6);
#767=PRESENTATION_STYLE_ASSIGNMENT((#766));
#768=STYLED_ITEM('',(#767),#765);
#769=DIRECTION('',(-9.725391532104E-2,9.735111597344E-1,2.069243770735E-1));
#770=VECTOR('',#769,5.504836242564E-1);
#771=CARTESIAN_POINT('',(-1.139442870266E1,-6.629047847339E-1,
1.188608992157E1));
#772=LINE('',#771,#770);
#773=CURVE_STYLE('',#33,POSITIVE_LENGTH_MEASURE(2.E-2),#6);
#774=PRESENTATION_STYLE_ASSIGNMENT((#773));
#775=STYLED_ITEM('',(#774),#772);
#776=DIRECTION('',(-9.908479907220E-2,9.734958673267E-1,2.061261722602E-1));
#777=VECTOR('',#776,5.516044743999E-1);
#778=CARTESIAN_POINT('',(-1.148210258460E1,-6.639878309701E-1,
1.184953905822E1));
#779=LINE('',#778,#777);
#780=CURVE_STYLE('',#33,POSITIVE_LENGTH_MEASURE(2.E-2),#6);
#781=PRESENTATION_STYLE_ASSIGNMENT((#780));
#782=STYLED_ITEM('',(#781),#779);
#783=CARTESIAN_POINT('',(-1.153682600460E1,3.378072155060E-6,1.196317196171E1));
#784=CARTESIAN_POINT('',(-1.152926485546E1,3.378072155629E-6,1.197073311085E1));
#785=CARTESIAN_POINT('',(-1.151136889797E1,1.220214158732E-3,1.198436051744E1));
#786=CARTESIAN_POINT('',(-1.148095569947E1,1.251049590588E-3,1.199696800924E1));
#787=CARTESIAN_POINT('',(-1.145863505767E1,3.791271473282E-6,1.199999832598E1));
#788=CARTESIAN_POINT('',(-1.144796557019E1,3.791271473288E-6,1.199999832598E1));
#790=CURVE_STYLE('',#33,POSITIVE_LENGTH_MEASURE(2.E-2),#6);
#791=PRESENTATION_STYLE_ASSIGNMENT((#790));
#792=STYLED_ITEM('',(#791),#789);
#793=DIRECTION('',(7.401061796840E-2,9.756026585644E-1,-2.066927212799E-1));
#794=VECTOR('',#793,5.481907464109E-1);
#795=CARTESIAN_POINT('',(-1.153682600460E1,3.378072155060E-6,1.196317196171E1));
#796=LINE('',#795,#794);
#797=CURVE_STYLE('',#33,POSITIVE_LENGTH_MEASURE(2.E-2),#6);
#798=PRESENTATION_STYLE_ASSIGNMENT((#797));
#799=STYLED_ITEM('',(#798),#796);
#800=DIRECTION('',(7.229290641486E-2,9.755885448200E-1,-2.073661662327E-1));
#801=VECTOR('',#800,5.493104611650E-1);
#802=CARTESIAN_POINT('',(-1.144796557019E1,3.791271473288E-6,1.199999832598E1));
#803=LINE('',#802,#801);
#804=CURVE_STYLE('',#33,POSITIVE_LENGTH_MEASURE(2.E-2),#6);
#805=PRESENTATION_STYLE_ASSIGNMENT((#804));
#806=STYLED_ITEM('',(#805),#803);
#807=DIRECTION('',(1.E0,0.E0,0.E0));
#808=VECTOR('',#807,2.289593114038E1);
#809=CARTESIAN_POINT('',(-1.144796557019E1,3.791271473288E-6,1.199999832598E1));
#810=LINE('',#809,#808);
#811=CURVE_STYLE('',#33,POSITIVE_LENGTH_MEASURE(2.E-2),#6);
#812=PRESENTATION_STYLE_ASSIGNMENT((#811));
#813=STYLED_ITEM('',(#812),#810);
#814=CARTESIAN_POINT('',(1.153682600460E1,3.378072164268E-6,1.196317196171E1));
#815=CARTESIAN_POINT('',(1.152926485546E1,3.378072164319E-6,1.197073311085E1));
#816=CARTESIAN_POINT('',(1.151136889797E1,1.220214158741E-3,1.198436051744E1));
#817=CARTESIAN_POINT('',(1.148095569947E1,1.251049590585E-3,1.199696800924E1));
#818=CARTESIAN_POINT('',(1.145863505767E1,3.791271474014E-6,1.199999832598E1));
#819=CARTESIAN_POINT('',(1.144796557019E1,3.791271473302E-6,1.199999832598E1));
#821=CURVE_STYLE('',#33,POSITIVE_LENGTH_MEASURE(2.E-2),#6);
#822=PRESENTATION_STYLE_ASSIGNMENT((#821));
#823=STYLED_ITEM('',(#822),#820);
#824=DIRECTION('',(-7.229290641486E-2,9.755885448200E-1,-2.073661662327E-1));
#825=VECTOR('',#824,5.493104611650E-1);
#826=CARTESIAN_POINT('',(1.144796557019E1,3.791271473302E-6,1.199999832598E1));
#827=LINE('',#826,#825);
#828=CURVE_STYLE('',#33,POSITIVE_LENGTH_MEASURE(2.E-2),#6);
#829=PRESENTATION_STYLE_ASSIGNMENT((#828));
#830=STYLED_ITEM('',(#829),#827);
#831=DIRECTION('',(-7.401061796840E-2,9.756026585644E-1,-2.066927212799E-1));
#832=VECTOR('',#831,5.481907464109E-1);
#833=CARTESIAN_POINT('',(1.153682600460E1,3.378072164268E-6,1.196317196171E1));
#834=LINE('',#833,#832);
#835=CURVE_STYLE('',#33,POSITIVE_LENGTH_MEASURE(2.E-2),#6);
#836=PRESENTATION_STYLE_ASSIGNMENT((#835));
#837=STYLED_ITEM('',(#836),#834);
#838=CARTESIAN_POINT('',(1.153675820311E1,-1.270031547430E-1,1.196323917713E1));
#839=CARTESIAN_POINT('',(1.153067654424E1,-1.270031547430E-1,1.196932083601E1));
#840=CARTESIAN_POINT('',(1.151808487648E1,-1.280998419774E-1,1.197939825607E1));
#841=CARTESIAN_POINT('',(1.149633821700E1,-1.280890847002E-1,1.199107875169E1));
#842=CARTESIAN_POINT('',(1.147269718674E1,-1.280748587445E-1,1.199821627647E1));
#843=CARTESIAN_POINT('',(1.145657695841E1,-1.270028332692E-1,1.199999840261E1));
#844=CARTESIAN_POINT('',(1.144796539044E1,-1.270028332692E-1,1.199999840261E1));
#846=CURVE_STYLE('',#33,POSITIVE_LENGTH_MEASURE(2.E-2),#6);
#847=PRESENTATION_STYLE_ASSIGNMENT((#846));
#848=STYLED_ITEM('',(#847),#845);
#849=DIRECTION('',(1.415263526027E-6,9.999999999988E-1,-6.033945944069E-7));
#850=VECTOR('',#849,1.270066245408E-1);
#851=CARTESIAN_POINT('',(1.144796539044E1,-1.270028332692E-1,1.199999840261E1));
#852=LINE('',#851,#850);
#853=CURVE_STYLE('',#33,POSITIVE_LENGTH_MEASURE(2.E-2),#6);
#854=PRESENTATION_STYLE_ASSIGNMENT((#853));
#855=STYLED_ITEM('',(#854),#852);
#856=DIRECTION('',(5.338423714165E-4,9.999997174650E-1,-5.292279350243E-4));
#857=VECTOR('',#856,1.270065686989E-1);
#858=CARTESIAN_POINT('',(1.153675820311E1,-1.270031547430E-1,1.196323917713E1));
#859=LINE('',#858,#857);
#860=CURVE_STYLE('',#33,POSITIVE_LENGTH_MEASURE(2.E-2),#6);
#861=PRESENTATION_STYLE_ASSIGNMENT((#860));
#862=STYLED_ITEM('',(#861),#859);
#863=DIRECTION('',(9.908479907219E-2,9.734958673267E-1,2.061261722602E-1));
#864=VECTOR('',#863,5.516044743999E-1);
#865=CARTESIAN_POINT('',(1.148210258460E1,-6.639878309701E-1,1.184953905822E1));
#866=LINE('',#865,#864);
#867=CURVE_STYLE('',#33,POSITIVE_LENGTH_MEASURE(2.E-2),#6);
#868=PRESENTATION_STYLE_ASSIGNMENT((#867));
#869=STYLED_ITEM('',(#868),#866);
#870=DIRECTION('',(9.725391532103E-2,9.735111597344E-1,2.069243770735E-1));
#871=VECTOR('',#870,5.504836242564E-1);
#872=CARTESIAN_POINT('',(1.139442870266E1,-6.629047847339E-1,1.188608992157E1));
#873=LINE('',#872,#871);
#874=CURVE_STYLE('',#33,POSITIVE_LENGTH_MEASURE(2.E-2),#6);
#875=PRESENTATION_STYLE_ASSIGNMENT((#874));
#876=STYLED_ITEM('',(#875),#873);
#877=CARTESIAN_POINT('',(1.139442870266E1,-6.365E-1,1.176186517628E1));
#878=DIRECTION('',(7.071067811865E-1,0.E0,-7.071067811865E-1));
#879=DIRECTION('',(6.903455270799E-1,-2.164396139381E-1,6.903455270799E-1));
#880=AXIS2_PLACEMENT_3D('',#877,#878,#879);
#882=CURVE_STYLE('',#33,POSITIVE_LENGTH_MEASURE(2.E-2),#6);
#883=PRESENTATION_STYLE_ASSIGNMENT((#882));
#884=STYLED_ITEM('',(#883),#881);
#885=CARTESIAN_POINT('',(1.139442870266E1,-6.365E-1,1.176186517628E1));
#886=DIRECTION('',(-1.E0,0.E0,0.E0));
#887=DIRECTION('',(0.E0,-1.E0,0.E0));
#888=AXIS2_PLACEMENT_3D('',#885,#886,#887);
#890=CURVE_STYLE('',#33,POSITIVE_LENGTH_MEASURE(2.E-2),#6);
#891=PRESENTATION_STYLE_ASSIGNMENT((#890));
#892=STYLED_ITEM('',(#891),#889);
#893=CARTESIAN_POINT('',(1.139442870266E1,-6.365E-1,1.176186517628E1));
#894=DIRECTION('',(9.828252044439E-2,9.734119512449E-1,2.069050974451E-1));
#895=DIRECTION('',(0.E0,-2.079116908178E-1,9.781476007338E-1));
#896=AXIS2_PLACEMENT_3D('',#893,#894,#895);
#898=CURVE_STYLE('',#33,POSITIVE_LENGTH_MEASURE(2.E-2),#6);
#899=PRESENTATION_STYLE_ASSIGNMENT((#898));
#900=STYLED_ITEM('',(#899),#897);
#901=DIRECTION('',(-7.071067811865E-1,0.E0,7.071067811865E-1));
#902=VECTOR('',#901,5.196336443029E-1);
#903=CARTESIAN_POINT('',(1.184953905822E1,-6.639878309701E-1,1.148210258460E1));
#904=LINE('',#903,#902);
#905=CURVE_STYLE('',#33,POSITIVE_LENGTH_MEASURE(2.E-2),#6);
#906=PRESENTATION_STYLE_ASSIGNMENT((#905));
#907=STYLED_ITEM('',(#906),#904);
#908=DIRECTION('',(-7.071067811865E-1,0.E0,7.071067811865E-1));
#909=VECTOR('',#908,5.196336443029E-1);
#910=CARTESIAN_POINT('',(1.176186517628E1,-7.635E-1,1.139442870266E1));
#911=LINE('',#910,#909);
#912=CURVE_STYLE('',#33,POSITIVE_LENGTH_MEASURE(2.E-2),#6);
#913=PRESENTATION_STYLE_ASSIGNMENT((#912));
#914=STYLED_ITEM('',(#913),#911);
#915=CARTESIAN_POINT('',(1.176186517628E1,-6.365E-1,1.139442870266E1));
#916=DIRECTION('',(0.E0,0.E0,-1.E0));
#917=DIRECTION('',(9.781476007338E-1,-2.079116908178E-1,0.E0));
#918=AXIS2_PLACEMENT_3D('',#915,#916,#917);
#920=CURVE_STYLE('',#33,POSITIVE_LENGTH_MEASURE(2.E-2),#6);
#921=PRESENTATION_STYLE_ASSIGNMENT((#920));
#922=STYLED_ITEM('',(#921),#919);
#923=CARTESIAN_POINT('',(1.176186517628E1,-6.365E-1,1.139442870266E1));
#924=DIRECTION('',(-7.071067811865E-1,0.E0,7.071067811865E-1));
#925=DIRECTION('',(0.E0,-1.E0,0.E0));
#926=AXIS2_PLACEMENT_3D('',#923,#924,#925);
#928=CURVE_STYLE('',#33,POSITIVE_LENGTH_MEASURE(2.E-2),#6);
#929=PRESENTATION_STYLE_ASSIGNMENT((#928));
#930=STYLED_ITEM('',(#929),#927);
#931=CARTESIAN_POINT('',(1.176186517628E1,-6.365E-1,1.139442870266E1));
#932=DIRECTION('',(2.069050974451E-1,9.734119512449E-1,9.828252044438E-2));
#933=DIRECTION('',(6.903455270799E-1,-2.164396139381E-1,6.903455270799E-1));
#934=AXIS2_PLACEMENT_3D('',#931,#932,#933);
#936=CURVE_STYLE('',#33,POSITIVE_LENGTH_MEASURE(2.E-2),#6);
#937=PRESENTATION_STYLE_ASSIGNMENT((#936));
#938=STYLED_ITEM('',(#937),#935);
#939=DIRECTION('',(0.E0,0.E0,1.E0));
#940=VECTOR('',#939,2.279579002900E1);
#941=CARTESIAN_POINT('',(1.176186517628E1,-7.635E-1,-1.140136132634E1));
#942=LINE('',#941,#940);
#943=CURVE_STYLE('',#33,POSITIVE_LENGTH_MEASURE(2.E-2),#6);
#944=PRESENTATION_STYLE_ASSIGNMENT((#943));
#945=STYLED_ITEM('',(#944),#942);
#946=DIRECTION('',(0.E0,0.E0,1.E0));
#947=VECTOR('',#946,2.279579002900E1);
#948=CARTESIAN_POINT('',(1.188608992157E1,-6.629047847339E-1,
-1.140136132634E1));
#949=LINE('',#948,#947);
#950=CURVE_STYLE('',#33,POSITIVE_LENGTH_MEASURE(2.E-2),#6);
#951=PRESENTATION_STYLE_ASSIGNMENT((#950));
#952=STYLED_ITEM('',(#951),#949);
#953=DIRECTION('',(-1.512457049282E-10,-1.295118607507E-10,-1.E0));
#954=VECTOR('',#953,2.289593437900E1);
#955=CARTESIAN_POINT('',(1.199999840261E1,-1.270028332692E-1,1.144796539044E1));
#956=LINE('',#955,#954);
#957=CURVE_STYLE('',#33,POSITIVE_LENGTH_MEASURE(2.E-2),#6);
#958=PRESENTATION_STYLE_ASSIGNMENT((#957));
#959=STYLED_ITEM('',(#958),#956);
#960=DIRECTION('',(-1.289632236790E-9,1.595359330421E-9,-1.E0));
#961=VECTOR('',#960,2.289593451620E1);
#962=CARTESIAN_POINT('',(1.199999832598E1,3.791271473288E-6,1.144796557019E1));
#963=LINE('',#962,#961);
#964=CURVE_STYLE('',#33,POSITIVE_LENGTH_MEASURE(2.E-2),#6);
#965=PRESENTATION_STYLE_ASSIGNMENT((#964));
#966=STYLED_ITEM('',(#965),#963);
#967=CARTESIAN_POINT('',(1.196320728430E1,3.827798718574E-6,-1.153679030651E1));
#968=CARTESIAN_POINT('',(1.197074615816E1,3.827798717074E-6,-1.152925143266E1));
#969=CARTESIAN_POINT('',(1.198438128012E1,1.267988373614E-3,-1.151133209178E1));
#970=CARTESIAN_POINT('',(1.199696889620E1,1.267988373601E-3,-1.148094289831E1));
#971=CARTESIAN_POINT('',(1.199999829645E1,3.827798716067E-6,-1.145863052367E1));
#972=CARTESIAN_POINT('',(1.199999829645E1,3.827798716047E-6,-1.144796894601E1));
#974=CURVE_STYLE('',#33,POSITIVE_LENGTH_MEASURE(2.E-2),#6);
#975=PRESENTATION_STYLE_ASSIGNMENT((#974));
#976=STYLED_ITEM('',(#975),#973);
#977=DIRECTION('',(-2.071618808942E-1,9.746276367524E-1,8.476393562640E-2));
#978=VECTOR('',#977,5.498520016535E-1);
#979=CARTESIAN_POINT('',(1.199999829645E1,3.827798716047E-6,-1.144796894601E1));
#980=LINE('',#979,#978);
#981=CURVE_STYLE('',#33,POSITIVE_LENGTH_MEASURE(2.E-2),#6);
#982=PRESENTATION_STYLE_ASSIGNMENT((#981));
#983=STYLED_ITEM('',(#982),#980);
#984=DIRECTION('',(-2.064227244651E-1,9.746276367524E-1,8.654841710214E-2));
#985=VECTOR('',#984,5.498520016535E-1);
#986=CARTESIAN_POINT('',(1.196320728430E1,3.827798718574E-6,-1.153679030651E1));
#987=LINE('',#986,#985);
#988=CURVE_STYLE('',#33,POSITIVE_LENGTH_MEASURE(2.E-2),#6);
#989=PRESENTATION_STYLE_ASSIGNMENT((#988));
#990=STYLED_ITEM('',(#989),#987);
#991=CARTESIAN_POINT('',(1.196320738700E1,-1.270028362345E-1,
-1.153679034905E1));
#992=CARTESIAN_POINT('',(1.196928699868E1,-1.270028362344E-1,
-1.153071073738E1));
#993=CARTESIAN_POINT('',(1.197941292599E1,-1.280719148687E-1,
-1.151807325876E1));
#994=CARTESIAN_POINT('',(1.199109020340E1,-1.280732521216E-1,
-1.149630944141E1));
#995=CARTESIAN_POINT('',(1.199822246419E1,-1.280719148687E-1,
-1.147266301654E1));
#996=CARTESIAN_POINT('',(1.199999839915E1,-1.270028362344E-1,
-1.145656685784E1));
#997=CARTESIAN_POINT('',(1.199999839915E1,-1.270028362344E-1,
-1.144796898855E1));
#999=CURVE_STYLE('',#33,POSITIVE_LENGTH_MEASURE(2.E-2),#6);
#1000=PRESENTATION_STYLE_ASSIGNMENT((#999));
#1001=STYLED_ITEM('',(#1000),#998);
#1002=DIRECTION('',(-8.086153194552E-7,9.999999999996E-1,3.349394458221E-7));
#1003=VECTOR('',#1002,1.270066640332E-1);
#1004=CARTESIAN_POINT('',(1.199999839915E1,-1.270028362344E-1,
-1.144796898855E1));
#1005=LINE('',#1004,#1003);
#1006=CURVE_STYLE('',#33,POSITIVE_LENGTH_MEASURE(2.E-2),#6);
#1007=PRESENTATION_STYLE_ASSIGNMENT((#1006));
#1008=STYLED_ITEM('',(#1007),#1005);
#1009=DIRECTION('',(-8.086153334415E-7,9.999999999996E-1,3.349394178494E-7));
#1010=VECTOR('',#1009,1.270066640332E-1);
#1011=CARTESIAN_POINT('',(1.196320738700E1,-1.270028362345E-1,
-1.153679034905E1));
#1012=LINE('',#1011,#1010);
#1013=CURVE_STYLE('',#33,POSITIVE_LENGTH_MEASURE(2.E-2),#6);
#1014=PRESENTATION_STYLE_ASSIGNMENT((#1013));
#1015=STYLED_ITEM('',(#1014),#1012);
#1016=DIRECTION('',(2.064225390980E-1,9.746276829981E-1,-8.654833843603E-2));
#1017=VECTOR('',#1016,5.498529929407E-1);
#1018=CARTESIAN_POINT('',(1.184970533607E1,-6.629047847339E-1,
-1.148920148613E1));
#1019=LINE('',#1018,#1017);
#1020=CURVE_STYLE('',#33,POSITIVE_LENGTH_MEASURE(2.E-2),#6);
#1021=PRESENTATION_STYLE_ASSIGNMENT((#1020));
#1022=STYLED_ITEM('',(#1021),#1019);
#1023=DIRECTION('',(2.071616941945E-1,9.746276829981E-1,-8.476386017739E-2));
#1024=VECTOR('',#1023,5.498529929407E-1);
#1025=CARTESIAN_POINT('',(1.188608992157E1,-6.629047847339E-1,
-1.140136132634E1));
#1026=LINE('',#1025,#1024);
#1027=CURVE_STYLE('',#33,POSITIVE_LENGTH_MEASURE(2.E-2),#6);
#1028=PRESENTATION_STYLE_ASSIGNMENT((#1027));
#1029=STYLED_ITEM('',(#1028),#1026);
#1030=CARTESIAN_POINT('',(1.176186517628E1,-6.365E-1,-1.140136132634E1));
#1031=DIRECTION('',(-7.071067811865E-1,0.E0,-7.071067811865E-1));
#1032=DIRECTION('',(6.916548014802E-1,-2.079116908178E-1,-6.916548014802E-1));
#1033=AXIS2_PLACEMENT_3D('',#1030,#1031,#1032);
#1035=CURVE_STYLE('',#33,POSITIVE_LENGTH_MEASURE(2.E-2),#6);
#1036=PRESENTATION_STYLE_ASSIGNMENT((#1035));
#1037=STYLED_ITEM('',(#1036),#1034);
#1038=CARTESIAN_POINT('',(1.176186517628E1,-6.365E-1,-1.140136132634E1));
#1039=DIRECTION('',(0.E0,0.E0,1.E0));
#1040=DIRECTION('',(0.E0,-1.E0,0.E0));
#1041=AXIS2_PLACEMENT_3D('',#1038,#1039,#1040);
#1043=CURVE_STYLE('',#33,POSITIVE_LENGTH_MEASURE(2.E-2),#6);
#1044=PRESENTATION_STYLE_ASSIGNMENT((#1043));
#1045=STYLED_ITEM('',(#1044),#1042);
#1046=CARTESIAN_POINT('',(1.176186517628E1,-6.365E-1,-1.140136132634E1));
#1047=DIRECTION('',(2.071449514056E-1,9.745403754091E-1,-8.580224824931E-2));
#1048=DIRECTION('',(9.781476007338E-1,-2.079116908178E-1,1.398706172756E-14));
#1049=AXIS2_PLACEMENT_3D('',#1046,#1047,#1048);
#1051=CURVE_STYLE('',#33,POSITIVE_LENGTH_MEASURE(2.E-2),#6);
#1052=PRESENTATION_STYLE_ASSIGNMENT((#1051));
#1053=STYLED_ITEM('',(#1052),#1050);
#1054=DIRECTION('',(7.071067811865E-1,0.E0,7.071067811865E-1));
#1055=VECTOR('',#1054,5.098294338713E-1);
#1056=CARTESIAN_POINT('',(1.148920148613E1,-6.629047847339E-1,
-1.184970533607E1));
#1057=LINE('',#1056,#1055);
#1058=CURVE_STYLE('',#33,POSITIVE_LENGTH_MEASURE(2.E-2),#6);
#1059=PRESENTATION_STYLE_ASSIGNMENT((#1058));
#1060=STYLED_ITEM('',(#1059),#1057);
#1061=DIRECTION('',(7.071067811866E-1,0.E0,7.071067811865E-1));
#1062=VECTOR('',#1061,5.098294338713E-1);
#1063=CARTESIAN_POINT('',(1.140136132634E1,-7.635E-1,-1.176186517628E1));
#1064=LINE('',#1063,#1062);
#1065=CURVE_STYLE('',#33,POSITIVE_LENGTH_MEASURE(2.E-2),#6);
#1066=PRESENTATION_STYLE_ASSIGNMENT((#1065));
#1067=STYLED_ITEM('',(#1066),#1064);
#1068=CARTESIAN_POINT('',(1.140136132634E1,-6.365E-1,-1.176186517628E1));
#1069=DIRECTION('',(-1.E0,0.E0,0.E0));
#1070=DIRECTION('',(0.E0,-2.079116908178E-1,-9.781476007338E-1));
#1071=AXIS2_PLACEMENT_3D('',#1068,#1069,#1070);
#1073=CURVE_STYLE('',#33,POSITIVE_LENGTH_MEASURE(2.E-2),#6);
#1074=PRESENTATION_STYLE_ASSIGNMENT((#1073));
#1075=STYLED_ITEM('',(#1074),#1072);
#1076=CARTESIAN_POINT('',(1.140136132634E1,-6.365E-1,-1.176186517628E1));
#1077=DIRECTION('',(7.071067811865E-1,0.E0,7.071067811865E-1));
#1078=DIRECTION('',(0.E0,-1.E0,0.E0));
#1079=AXIS2_PLACEMENT_3D('',#1076,#1077,#1078);
#1081=CURVE_STYLE('',#33,POSITIVE_LENGTH_MEASURE(2.E-2),#6);
#1082=PRESENTATION_STYLE_ASSIGNMENT((#1081));
#1083=STYLED_ITEM('',(#1082),#1080);
#1084=CARTESIAN_POINT('',(1.140136132634E1,-6.365E-1,-1.176186517628E1));
#1085=DIRECTION('',(8.580224824931E-2,9.745403754091E-1,-2.071449514056E-1));
#1086=DIRECTION('',(6.916548014802E-1,-2.079116908178E-1,-6.916548014802E-1));
#1087=AXIS2_PLACEMENT_3D('',#1084,#1085,#1086);
#1089=CURVE_STYLE('',#33,POSITIVE_LENGTH_MEASURE(2.E-2),#6);
#1090=PRESENTATION_STYLE_ASSIGNMENT((#1089));
#1091=STYLED_ITEM('',(#1090),#1088);
#1092=DIRECTION('',(1.E0,0.E0,0.E0));
#1093=VECTOR('',#1092,2.280272265268E1);
#1094=CARTESIAN_POINT('',(-1.140136132634E1,-7.635E-1,-1.176186517628E1));
#1095=LINE('',#1094,#1093);
#1096=CURVE_STYLE('',#33,POSITIVE_LENGTH_MEASURE(2.E-2),#6);
#1097=PRESENTATION_STYLE_ASSIGNMENT((#1096));
#1098=STYLED_ITEM('',(#1097),#1095);
#1099=DIRECTION('',(1.E0,0.E0,0.E0));
#1100=VECTOR('',#1099,2.280272265268E1);
#1101=CARTESIAN_POINT('',(-1.140136132634E1,-6.629047847339E-1,
-1.188608992157E1));
#1102=LINE('',#1101,#1100);
#1103=CURVE_STYLE('',#33,POSITIVE_LENGTH_MEASURE(2.E-2),#6);
#1104=PRESENTATION_STYLE_ASSIGNMENT((#1103));
#1105=STYLED_ITEM('',(#1104),#1102);
#1106=DIRECTION('',(-1.E0,0.E0,0.E0));
#1107=VECTOR('',#1106,2.289593797711E1);
#1108=CARTESIAN_POINT('',(1.144796898855E1,-1.270028362344E-1,
-1.199999839915E1));
#1109=LINE('',#1108,#1107);
#1110=CURVE_STYLE('',#33,POSITIVE_LENGTH_MEASURE(2.E-2),#6);
#1111=PRESENTATION_STYLE_ASSIGNMENT((#1110));
#1112=STYLED_ITEM('',(#1111),#1109);
#1113=DIRECTION('',(-1.E0,0.E0,0.E0));
#1114=VECTOR('',#1113,2.289593789203E1);
#1115=CARTESIAN_POINT('',(1.144796894601E1,3.827798716063E-6,
-1.199999829645E1));
#1116=LINE('',#1115,#1114);
#1117=CURVE_STYLE('',#33,POSITIVE_LENGTH_MEASURE(2.E-2),#6);
#1118=PRESENTATION_STYLE_ASSIGNMENT((#1117));
#1119=STYLED_ITEM('',(#1118),#1116);
#1120=CARTESIAN_POINT('',(-1.153679030651E1,3.827798721532E-6,
-1.196320728430E1));
#1121=CARTESIAN_POINT('',(-1.152925143266E1,3.827798721028E-6,
-1.197074615816E1));
#1122=CARTESIAN_POINT('',(-1.151133209178E1,1.267988373598E-3,
-1.198438128012E1));
#1123=CARTESIAN_POINT('',(-1.148094289831E1,1.267988373610E-3,
-1.199696889620E1));
#1124=CARTESIAN_POINT('',(-1.145863052367E1,3.827798715995E-6,
-1.199999829645E1));
#1125=CARTESIAN_POINT('',(-1.144796894601E1,3.827798715986E-6,
-1.199999829645E1));
#1127=CURVE_STYLE('',#33,POSITIVE_LENGTH_MEASURE(2.E-2),#6);
#1128=PRESENTATION_STYLE_ASSIGNMENT((#1127));
#1129=STYLED_ITEM('',(#1128),#1126);
#1130=DIRECTION('',(8.476393562640E-2,9.746276367524E-1,2.071618808942E-1));
#1131=VECTOR('',#1130,5.498520016535E-1);
#1132=CARTESIAN_POINT('',(-1.144796894601E1,3.827798715986E-6,
-1.199999829645E1));
#1133=LINE('',#1132,#1131);
#1134=CURVE_STYLE('',#33,POSITIVE_LENGTH_MEASURE(2.E-2),#6);
#1135=PRESENTATION_STYLE_ASSIGNMENT((#1134));
#1136=STYLED_ITEM('',(#1135),#1133);
#1137=DIRECTION('',(8.654841710214E-2,9.746276367524E-1,2.064227244651E-1));
#1138=VECTOR('',#1137,5.498520016535E-1);
#1139=CARTESIAN_POINT('',(-1.153679030651E1,3.827798721532E-6,
-1.196320728430E1));
#1140=LINE('',#1139,#1138);
#1141=CURVE_STYLE('',#33,POSITIVE_LENGTH_MEASURE(2.E-2),#6);
#1142=PRESENTATION_STYLE_ASSIGNMENT((#1141));
#1143=STYLED_ITEM('',(#1142),#1140);
#1144=CARTESIAN_POINT('',(-1.153679034905E1,-1.270028362345E-1,
-1.196320738700E1));
#1145=CARTESIAN_POINT('',(-1.153071073738E1,-1.270028362345E-1,
-1.196928699868E1));
#1146=CARTESIAN_POINT('',(-1.151807325876E1,-1.280719148687E-1,
-1.197941292599E1));
#1147=CARTESIAN_POINT('',(-1.149630944141E1,-1.280732521216E-1,
-1.199109020340E1));
#1148=CARTESIAN_POINT('',(-1.147266301654E1,-1.280719148687E-1,
-1.199822246419E1));
#1149=CARTESIAN_POINT('',(-1.145656685784E1,-1.270028362344E-1,
-1.199999839915E1));
#1150=CARTESIAN_POINT('',(-1.144796898855E1,-1.270028362344E-1,
-1.199999839915E1));
#1152=CURVE_STYLE('',#33,POSITIVE_LENGTH_MEASURE(2.E-2),#6);
#1153=PRESENTATION_STYLE_ASSIGNMENT((#1152));
#1154=STYLED_ITEM('',(#1153),#1151);
#1155=DIRECTION('',(3.349394458221E-7,9.999999999996E-1,8.086153194552E-7));
#1156=VECTOR('',#1155,1.270066640332E-1);
#1157=CARTESIAN_POINT('',(-1.144796898855E1,-1.270028362344E-1,
-1.199999839915E1));
#1158=LINE('',#1157,#1156);
#1159=CURVE_STYLE('',#33,POSITIVE_LENGTH_MEASURE(2.E-2),#6);
#1160=PRESENTATION_STYLE_ASSIGNMENT((#1159));
#1161=STYLED_ITEM('',(#1160),#1158);
#1162=DIRECTION('',(3.349394458221E-7,9.999999999996E-1,8.086153194552E-7));
#1163=VECTOR('',#1162,1.270066640332E-1);
#1164=CARTESIAN_POINT('',(-1.153679034905E1,-1.270028362345E-1,
-1.196320738700E1));
#1165=LINE('',#1164,#1163);
#1166=CURVE_STYLE('',#33,POSITIVE_LENGTH_MEASURE(2.E-2),#6);
#1167=PRESENTATION_STYLE_ASSIGNMENT((#1166));
#1168=STYLED_ITEM('',(#1167),#1165);
#1169=DIRECTION('',(-8.654833843603E-2,9.746276829981E-1,-2.064225390980E-1));
#1170=VECTOR('',#1169,5.498529929407E-1);
#1171=CARTESIAN_POINT('',(-1.148920148613E1,-6.629047847339E-1,
-1.184970533607E1));
#1172=LINE('',#1171,#1170);
#1173=CURVE_STYLE('',#33,POSITIVE_LENGTH_MEASURE(2.E-2),#6);
#1174=PRESENTATION_STYLE_ASSIGNMENT((#1173));
#1175=STYLED_ITEM('',(#1174),#1172);
#1176=DIRECTION('',(-8.476386017739E-2,9.746276829981E-1,-2.071616941945E-1));
#1177=VECTOR('',#1176,5.498529929407E-1);
#1178=CARTESIAN_POINT('',(-1.140136132634E1,-6.629047847339E-1,
-1.188608992157E1));
#1179=LINE('',#1178,#1177);
#1180=CURVE_STYLE('',#33,POSITIVE_LENGTH_MEASURE(2.E-2),#6);
#1181=PRESENTATION_STYLE_ASSIGNMENT((#1180));
#1182=STYLED_ITEM('',(#1181),#1179);
#1183=CARTESIAN_POINT('',(-1.140136132634E1,-6.365E-1,-1.176186517628E1));
#1184=DIRECTION('',(-7.071067811865E-1,0.E0,7.071067811865E-1));
#1185=DIRECTION('',(-6.916548014802E-1,-2.079116908178E-1,-6.916548014802E-1));
#1186=AXIS2_PLACEMENT_3D('',#1183,#1184,#1185);
#1188=CURVE_STYLE('',#33,POSITIVE_LENGTH_MEASURE(2.E-2),#6);
#1189=PRESENTATION_STYLE_ASSIGNMENT((#1188));
#1190=STYLED_ITEM('',(#1189),#1187);
#1191=CARTESIAN_POINT('',(-1.140136132634E1,-6.365E-1,-1.176186517628E1));
#1192=DIRECTION('',(1.E0,0.E0,0.E0));
#1193=DIRECTION('',(0.E0,-1.E0,0.E0));
#1194=AXIS2_PLACEMENT_3D('',#1191,#1192,#1193);
#1196=CURVE_STYLE('',#33,POSITIVE_LENGTH_MEASURE(2.E-2),#6);
#1197=PRESENTATION_STYLE_ASSIGNMENT((#1196));
#1198=STYLED_ITEM('',(#1197),#1195);
#1199=CARTESIAN_POINT('',(-1.140136132634E1,-6.365E-1,-1.176186517628E1));
#1200=DIRECTION('',(-8.580224824931E-2,9.745403754091E-1,-2.071449514056E-1));
#1201=DIRECTION('',(1.398706172756E-14,-2.079116908178E-1,-9.781476007338E-1));
#1202=AXIS2_PLACEMENT_3D('',#1199,#1200,#1201);
#1204=CURVE_STYLE('',#33,POSITIVE_LENGTH_MEASURE(2.E-2),#6);
#1205=PRESENTATION_STYLE_ASSIGNMENT((#1204));
#1206=STYLED_ITEM('',(#1205),#1203);
#1207=DIRECTION('',(7.071067811865E-1,0.E0,-7.071067811865E-1));
#1208=VECTOR('',#1207,5.098294338713E-1);
#1209=CARTESIAN_POINT('',(-1.184970533607E1,-6.629047847339E-1,
-1.148920148613E1));
#1210=LINE('',#1209,#1208);
#1211=CURVE_STYLE('',#33,POSITIVE_LENGTH_MEASURE(2.E-2),#6);
#1212=PRESENTATION_STYLE_ASSIGNMENT((#1211));
#1213=STYLED_ITEM('',(#1212),#1210);
#1214=DIRECTION('',(7.071067811865E-1,0.E0,-7.071067811865E-1));
#1215=VECTOR('',#1214,5.098294338713E-1);
#1216=CARTESIAN_POINT('',(-1.176186517628E1,-7.635E-1,-1.140136132634E1));
#1217=LINE('',#1216,#1215);
#1218=CURVE_STYLE('',#33,POSITIVE_LENGTH_MEASURE(2.E-2),#6);
#1219=PRESENTATION_STYLE_ASSIGNMENT((#1218));
#1220=STYLED_ITEM('',(#1219),#1217);
#1221=CARTESIAN_POINT('',(-1.176186517628E1,-6.365E-1,-1.140136132634E1));
#1222=DIRECTION('',(0.E0,0.E0,1.E0));
#1223=DIRECTION('',(-9.781476007338E-1,-2.079116908178E-1,0.E0));
#1224=AXIS2_PLACEMENT_3D('',#1221,#1222,#1223);
#1226=CURVE_STYLE('',#33,POSITIVE_LENGTH_MEASURE(2.E-2),#6);
#1227=PRESENTATION_STYLE_ASSIGNMENT((#1226));
#1228=STYLED_ITEM('',(#1227),#1225);
#1229=CARTESIAN_POINT('',(-1.176186517628E1,-6.365E-1,-1.140136132634E1));
#1230=DIRECTION('',(7.071067811865E-1,0.E0,-7.071067811865E-1));
#1231=DIRECTION('',(0.E0,-1.E0,0.E0));
#1232=AXIS2_PLACEMENT_3D('',#1229,#1230,#1231);
#1234=CURVE_STYLE('',#33,POSITIVE_LENGTH_MEASURE(2.E-2),#6);
#1235=PRESENTATION_STYLE_ASSIGNMENT((#1234));
#1236=STYLED_ITEM('',(#1235),#1233);
#1237=CARTESIAN_POINT('',(-1.176186517628E1,-6.365E-1,-1.140136132634E1));
#1238=DIRECTION('',(-2.071449514056E-1,9.745403754091E-1,-8.580224824931E-2));
#1239=DIRECTION('',(-6.916548014802E-1,-2.079116908178E-1,-6.916548014802E-1));
#1240=AXIS2_PLACEMENT_3D('',#1237,#1238,#1239);
#1242=CURVE_STYLE('',#33,POSITIVE_LENGTH_MEASURE(2.E-2),#6);
#1243=PRESENTATION_STYLE_ASSIGNMENT((#1242));
#1244=STYLED_ITEM('',(#1243),#1241);
#1245=CARTESIAN_POINT('',(-1.176186517628E1,-6.365E-1,1.139442870266E1));
#1246=DIRECTION('',(-2.069050974451E-1,9.734119512449E-1,9.828252044439E-2));
#1247=DIRECTION('',(-9.781476007338E-1,-2.079116908178E-1,0.E0));
#1248=AXIS2_PLACEMENT_3D('',#1245,#1246,#1247);
#1250=CURVE_STYLE('',#33,POSITIVE_LENGTH_MEASURE(2.E-2),#6);
#1251=PRESENTATION_STYLE_ASSIGNMENT((#1250));
#1252=STYLED_ITEM('',(#1251),#1249);
#1253=CARTESIAN_POINT('',(-1.176186517628E1,-6.365E-1,1.139442870266E1));
#1254=DIRECTION('',(7.071067811865E-1,0.E0,7.071067811866E-1));
#1255=DIRECTION('',(-6.903455270799E-1,-2.164396139381E-1,6.903455270798E-1));
#1256=AXIS2_PLACEMENT_3D('',#1253,#1254,#1255);
#1258=CURVE_STYLE('',#33,POSITIVE_LENGTH_MEASURE(2.E-2),#6);
#1259=PRESENTATION_STYLE_ASSIGNMENT((#1258));
#1260=STYLED_ITEM('',(#1259),#1257);
#1261=CARTESIAN_POINT('',(-1.176186517628E1,-6.365E-1,1.139442870266E1));
#1262=DIRECTION('',(1.315323184744E-14,0.E0,-1.E0));
#1263=DIRECTION('',(0.E0,-1.E0,0.E0));
#1264=AXIS2_PLACEMENT_3D('',#1261,#1262,#1263);
#1266=CURVE_STYLE('',#33,POSITIVE_LENGTH_MEASURE(2.E-2),#6);
#1267=PRESENTATION_STYLE_ASSIGNMENT((#1266));
#1268=STYLED_ITEM('',(#1267),#1265);
#1269=DIRECTION('',(0.E0,-1.E0,0.E0));
#1270=VECTOR('',#1269,5.E-2);
#1271=CARTESIAN_POINT('',(-1.075E1,6.365E-1,-1.1E1));
#1272=LINE('',#1271,#1270);
#1273=CURVE_STYLE('',#33,POSITIVE_LENGTH_MEASURE(2.E-2),#6);
#1274=PRESENTATION_STYLE_ASSIGNMENT((#1273));
#1275=STYLED_ITEM('',(#1274),#1272);
#1276=DIRECTION('',(0.E0,-1.E0,0.E0));
#1277=VECTOR('',#1276,5.E-2);
#1278=CARTESIAN_POINT('',(-1.125E1,6.365E-1,-1.1E1));
#1279=LINE('',#1278,#1277);
#1280=CURVE_STYLE('',#33,POSITIVE_LENGTH_MEASURE(2.E-2),#6);
#1281=PRESENTATION_STYLE_ASSIGNMENT((#1280));
#1282=STYLED_ITEM('',(#1281),#1279);
#1283=CARTESIAN_POINT('',(-1.1E1,5.865E-1,-1.1E1));
#1284=DIRECTION('',(0.E0,1.E0,0.E0));
#1285=DIRECTION('',(1.E0,0.E0,0.E0));
#1286=AXIS2_PLACEMENT_3D('',#1283,#1284,#1285);
#1288=CURVE_STYLE('',#33,POSITIVE_LENGTH_MEASURE(2.E-2),#6);
#1289=PRESENTATION_STYLE_ASSIGNMENT((#1288));
#1290=STYLED_ITEM('',(#1289),#1287);
#1291=CARTESIAN_POINT('',(-1.1E1,5.865E-1,-1.1E1));
#1292=DIRECTION('',(0.E0,1.E0,0.E0));
#1293=DIRECTION('',(-1.E0,0.E0,0.E0));
#1294=AXIS2_PLACEMENT_3D('',#1291,#1292,#1293);
#1296=CURVE_STYLE('',#33,POSITIVE_LENGTH_MEASURE(2.E-2),#6);
#1297=PRESENTATION_STYLE_ASSIGNMENT((#1296));
#1298=STYLED_ITEM('',(#1297),#1295);
#1299=CARTESIAN_POINT('',(-1.176186517628E1,6.365E-1,-1.140136132634E1));
#1300=CARTESIAN_POINT('',(-1.176186517628E1,6.365E-1,1.140825432043E1));
#1301=VERTEX_POINT('',#1299);
#1302=VERTEX_POINT('',#1300);
#1303=CARTESIAN_POINT('',(-1.188608992157E1,5.359047847339E-1,
-1.140136132634E1));
#1304=CARTESIAN_POINT('',(-1.188608992157E1,5.359047847339E-1,
1.140825432043E1));
#1305=VERTEX_POINT('',#1303);
#1306=VERTEX_POINT('',#1304);
#1307=CARTESIAN_POINT('',(-1.184970533607E1,5.359047847339E-1,
-1.148920148613E1));
#1308=CARTESIAN_POINT('',(-1.148920148613E1,5.359047847339E-1,
-1.184970533607E1));
#1309=VERTEX_POINT('',#1307);
#1310=VERTEX_POINT('',#1308);
#1311=CARTESIAN_POINT('',(-1.140136132634E1,6.365E-1,-1.176186517628E1));
#1312=VERTEX_POINT('',#1311);
#1313=CARTESIAN_POINT('',(1.140136132634E1,6.365E-1,-1.176186517628E1));
#1314=VERTEX_POINT('',#1313);
#1315=CARTESIAN_POINT('',(1.140136132634E1,5.359047847339E-1,
-1.188608992157E1));
#1316=CARTESIAN_POINT('',(-1.140136132634E1,5.359047847339E-1,
-1.188608992157E1));
#1317=VERTEX_POINT('',#1315);
#1318=VERTEX_POINT('',#1316);
#1319=CARTESIAN_POINT('',(1.148920148613E1,5.359047847339E-1,
-1.184970533607E1));
#1320=CARTESIAN_POINT('',(1.184970533607E1,5.359047847339E-1,
-1.148920148613E1));
#1321=VERTEX_POINT('',#1319);
#1322=VERTEX_POINT('',#1320);
#1323=CARTESIAN_POINT('',(1.176186517628E1,6.365E-1,-1.140136132634E1));
#1324=VERTEX_POINT('',#1323);
#1325=CARTESIAN_POINT('',(1.176186517628E1,6.365E-1,1.140825432043E1));
#1326=VERTEX_POINT('',#1325);
#1327=CARTESIAN_POINT('',(1.188608992157E1,5.359047847339E-1,1.140825432043E1));
#1328=CARTESIAN_POINT('',(1.188608992157E1,5.359047847339E-1,
-1.140136132634E1));
#1329=VERTEX_POINT('',#1327);
#1330=VERTEX_POINT('',#1328);
#1331=CARTESIAN_POINT('',(1.184986492455E1,5.348197276710E-1,1.149625406870E1));
#1332=CARTESIAN_POINT('',(1.149625406870E1,5.348197276710E-1,1.184986492455E1));
#1333=VERTEX_POINT('',#1331);
#1334=VERTEX_POINT('',#1332);
#1335=CARTESIAN_POINT('',(1.140825432043E1,6.365E-1,1.176186517628E1));
#1336=VERTEX_POINT('',#1335);
#1337=CARTESIAN_POINT('',(-1.140825432043E1,6.365E-1,1.176186517628E1));
#1338=VERTEX_POINT('',#1337);
#1339=CARTESIAN_POINT('',(-1.140825432043E1,5.359047847339E-1,
1.188608992157E1));
#1340=CARTESIAN_POINT('',(1.140825432043E1,5.359047847339E-1,1.188608992157E1));
#1341=VERTEX_POINT('',#1339);
#1342=VERTEX_POINT('',#1340);
#1343=CARTESIAN_POINT('',(-1.149625406870E1,5.348197276710E-1,
1.184986492455E1));
#1344=CARTESIAN_POINT('',(-1.184986492455E1,5.348197276710E-1,
1.149625406870E1));
#1345=VERTEX_POINT('',#1343);
#1346=VERTEX_POINT('',#1344);
#1347=CARTESIAN_POINT('',(-1.199999829645E1,3.827798715986E-6,
-1.144796894601E1));
#1348=CARTESIAN_POINT('',(-1.199999832598E1,3.791271473343E-6,
1.144796557019E1));
#1349=VERTEX_POINT('',#1347);
#1350=VERTEX_POINT('',#1348);
#1351=CARTESIAN_POINT('',(-1.144796557019E1,3.791271473288E-6,
1.199999832598E1));
#1352=CARTESIAN_POINT('',(1.144796557019E1,3.791271473302E-6,1.199999832598E1));
#1353=VERTEX_POINT('',#1351);
#1354=VERTEX_POINT('',#1352);
#1355=CARTESIAN_POINT('',(1.199999832598E1,3.791271473288E-6,1.144796557019E1));
#1356=CARTESIAN_POINT('',(1.199999829645E1,3.827798716047E-6,
-1.144796894601E1));
#1357=VERTEX_POINT('',#1355);
#1358=VERTEX_POINT('',#1356);
#1359=CARTESIAN_POINT('',(1.144796894601E1,3.827798716063E-6,
-1.199999829645E1));
#1360=CARTESIAN_POINT('',(-1.144796894601E1,3.827798715986E-6,
-1.199999829645E1));
#1361=VERTEX_POINT('',#1359);
#1362=VERTEX_POINT('',#1360);
#1363=CARTESIAN_POINT('',(-1.153682600460E1,3.378072155060E-6,
1.196317196171E1));
#1364=CARTESIAN_POINT('',(-1.196317196171E1,3.378072164390E-6,
1.153682600460E1));
#1365=VERTEX_POINT('',#1363);
#1366=VERTEX_POINT('',#1364);
#1367=CARTESIAN_POINT('',(1.196317196171E1,3.378072155061E-6,1.153682600460E1));
#1368=CARTESIAN_POINT('',(1.153682600460E1,3.378072164268E-6,1.196317196171E1));
#1369=VERTEX_POINT('',#1367);
#1370=VERTEX_POINT('',#1368);
#1371=CARTESIAN_POINT('',(1.153679030651E1,3.827798712646E-6,
-1.196320728430E1));
#1372=CARTESIAN_POINT('',(1.196320728430E1,3.827798718574E-6,
-1.153679030651E1));
#1373=VERTEX_POINT('',#1371);
#1374=VERTEX_POINT('',#1372);
#1375=CARTESIAN_POINT('',(-1.196320728430E1,3.827798721532E-6,
-1.153679030651E1));
#1376=CARTESIAN_POINT('',(-1.153679030651E1,3.827798721532E-6,
-1.196320728430E1));
#1377=VERTEX_POINT('',#1375);
#1378=VERTEX_POINT('',#1376);
#1379=CARTESIAN_POINT('',(-1.148210258460E1,-6.639878309701E-1,
1.184953905822E1));
#1380=CARTESIAN_POINT('',(-1.184953905822E1,-6.639878309701E-1,
1.148210258460E1));
#1381=VERTEX_POINT('',#1379);
#1382=VERTEX_POINT('',#1380);
#1383=CARTESIAN_POINT('',(-1.139442870266E1,-7.635E-1,1.176186517628E1));
#1384=CARTESIAN_POINT('',(-1.176186517628E1,-7.635E-1,1.139442870266E1));
#1385=VERTEX_POINT('',#1383);
#1386=VERTEX_POINT('',#1384);
#1387=CARTESIAN_POINT('',(1.139442870266E1,-7.635E-1,1.176186517628E1));
#1388=VERTEX_POINT('',#1387);
#1389=CARTESIAN_POINT('',(1.139442870266E1,-6.629047847339E-1,
1.188608992157E1));
#1390=CARTESIAN_POINT('',(-1.139442870266E1,-6.629047847339E-1,
1.188608992157E1));
#1391=VERTEX_POINT('',#1389);
#1392=VERTEX_POINT('',#1390);
#1393=CARTESIAN_POINT('',(1.184953905822E1,-6.639878309701E-1,
1.148210258460E1));
#1394=CARTESIAN_POINT('',(1.148210258460E1,-6.639878309701E-1,
1.184953905822E1));
#1395=VERTEX_POINT('',#1393);
#1396=VERTEX_POINT('',#1394);
#1397=CARTESIAN_POINT('',(1.176186517628E1,-7.635E-1,1.139442870266E1));
#1398=VERTEX_POINT('',#1397);
#1399=CARTESIAN_POINT('',(1.176186517628E1,-7.635E-1,-1.140136132634E1));
#1400=VERTEX_POINT('',#1399);
#1401=CARTESIAN_POINT('',(1.188608992157E1,-6.629047847339E-1,
-1.140136132634E1));
#1402=CARTESIAN_POINT('',(1.188608992157E1,-6.629047847339E-1,
1.139442870266E1));
#1403=VERTEX_POINT('',#1401);
#1404=VERTEX_POINT('',#1402);
#1405=CARTESIAN_POINT('',(1.148920148613E1,-6.629047847339E-1,
-1.184970533607E1));
#1406=CARTESIAN_POINT('',(1.184970533607E1,-6.629047847339E-1,
-1.148920148613E1));
#1407=VERTEX_POINT('',#1405);
#1408=VERTEX_POINT('',#1406);
#1409=CARTESIAN_POINT('',(1.140136132634E1,-7.635E-1,-1.176186517628E1));
#1410=VERTEX_POINT('',#1409);
#1411=CARTESIAN_POINT('',(-1.140136132634E1,-7.635E-1,-1.176186517628E1));
#1412=VERTEX_POINT('',#1411);
#1413=CARTESIAN_POINT('',(-1.140136132634E1,-6.629047847339E-1,
-1.188608992157E1));
#1414=CARTESIAN_POINT('',(1.140136132634E1,-6.629047847339E-1,
-1.188608992157E1));
#1415=VERTEX_POINT('',#1413);
#1416=VERTEX_POINT('',#1414);
#1417=CARTESIAN_POINT('',(-1.184970533607E1,-6.629047847339E-1,
-1.148920148613E1));
#1418=CARTESIAN_POINT('',(-1.148920148613E1,-6.629047847339E-1,
-1.184970533607E1));
#1419=VERTEX_POINT('',#1417);
#1420=VERTEX_POINT('',#1418);
#1421=CARTESIAN_POINT('',(-1.176186517628E1,-7.635E-1,-1.140136132634E1));
#1422=VERTEX_POINT('',#1421);
#1423=CARTESIAN_POINT('',(-1.188608992157E1,-6.629047847339E-1,
1.139442870266E1));
#1424=CARTESIAN_POINT('',(-1.188608992157E1,-6.629047847339E-1,
-1.140136132634E1));
#1425=VERTEX_POINT('',#1423);
#1426=VERTEX_POINT('',#1424);
#1427=CARTESIAN_POINT('',(-1.199999839915E1,-1.270028362344E-1,
-1.144796898855E1));
#1428=CARTESIAN_POINT('',(-1.199999840261E1,-1.270028332692E-1,
1.144796539044E1));
#1429=VERTEX_POINT('',#1427);
#1430=VERTEX_POINT('',#1428);
#1431=CARTESIAN_POINT('',(-1.144796539044E1,-1.270028332692E-1,
1.199999840261E1));
#1432=CARTESIAN_POINT('',(1.144796539044E1,-1.270028332692E-1,
1.199999840261E1));
#1433=VERTEX_POINT('',#1431);
#1434=VERTEX_POINT('',#1432);
#1435=CARTESIAN_POINT('',(1.199999840261E1,-1.270028332692E-1,
1.144796539044E1));
#1436=CARTESIAN_POINT('',(1.199999839915E1,-1.270028362344E-1,
-1.144796898855E1));
#1437=VERTEX_POINT('',#1435);
#1438=VERTEX_POINT('',#1436);
#1439=CARTESIAN_POINT('',(1.144796898855E1,-1.270028362344E-1,
-1.199999839915E1));
#1440=CARTESIAN_POINT('',(-1.144796898855E1,-1.270028362344E-1,
-1.199999839915E1));
#1441=VERTEX_POINT('',#1439);
#1442=VERTEX_POINT('',#1440);
#1443=CARTESIAN_POINT('',(-1.153675820311E1,-1.270031547430E-1,
1.196323917713E1));
#1444=CARTESIAN_POINT('',(-1.196323917713E1,-1.270031547430E-1,
1.153675820311E1));
#1445=VERTEX_POINT('',#1443);
#1446=VERTEX_POINT('',#1444);
#1447=CARTESIAN_POINT('',(-1.196320738700E1,-1.270028362345E-1,
-1.153679034905E1));
#1448=CARTESIAN_POINT('',(-1.153679034905E1,-1.270028362345E-1,
-1.196320738700E1));
#1449=VERTEX_POINT('',#1447);
#1450=VERTEX_POINT('',#1448);
#1451=CARTESIAN_POINT('',(1.196323917713E1,-1.270031547430E-1,
1.153675820311E1));
#1452=CARTESIAN_POINT('',(1.153675820311E1,-1.270031547430E-1,
1.196323917713E1));
#1453=VERTEX_POINT('',#1451);
#1454=VERTEX_POINT('',#1452);
#1455=CARTESIAN_POINT('',(1.153679034905E1,-1.270028362344E-1,
-1.196320738700E1));
#1456=CARTESIAN_POINT('',(1.196320738700E1,-1.270028362345E-1,
-1.153679034905E1));
#1457=VERTEX_POINT('',#1455);
#1458=VERTEX_POINT('',#1456);
#1459=CARTESIAN_POINT('',(-1.075E1,5.865E-1,-1.1E1));
#1460=CARTESIAN_POINT('',(-1.125E1,5.865E-1,-1.1E1));
#1461=VERTEX_POINT('',#1459);
#1462=VERTEX_POINT('',#1460);
#1463=CARTESIAN_POINT('',(-1.075E1,6.365E-1,-1.1E1));
#1464=CARTESIAN_POINT('',(-1.125E1,6.365E-1,-1.1E1));
#1465=VERTEX_POINT('',#1463);
#1466=VERTEX_POINT('',#1464);
#1467=CARTESIAN_POINT('',(0.E0,6.365E-1,0.E0));
#1468=DIRECTION('',(0.E0,1.E0,0.E0));
#1469=DIRECTION('',(1.E0,0.E0,0.E0));
#1470=AXIS2_PLACEMENT_3D('',#1467,#1468,#1469);
#1471=PLANE('',#1470);
#1473=ORIENTED_EDGE('',*,*,#1472,.F.);
#1475=ORIENTED_EDGE('',*,*,#1474,.T.);
#1477=ORIENTED_EDGE('',*,*,#1476,.F.);
#1479=ORIENTED_EDGE('',*,*,#1478,.T.);
#1481=ORIENTED_EDGE('',*,*,#1480,.F.);
#1483=ORIENTED_EDGE('',*,*,#1482,.T.);
#1485=ORIENTED_EDGE('',*,*,#1484,.F.);
#1487=ORIENTED_EDGE('',*,*,#1486,.T.);
#1488=EDGE_LOOP('',(#1473,#1475,#1477,#1479,#1481,#1483,#1485,#1487));
#1489=FACE_OUTER_BOUND('',#1488,.F.);
#1491=ORIENTED_EDGE('',*,*,#1490,.T.);
#1493=ORIENTED_EDGE('',*,*,#1492,.T.);
#1494=EDGE_LOOP('',(#1491,#1493));
#1495=FACE_BOUND('',#1494,.F.);
#1497=CARTESIAN_POINT('',(-1.176186517628E1,5.095E-1,-1.145281690063E1));
#1498=DIRECTION('',(0.E0,0.E0,1.E0));
#1499=DIRECTION('',(0.E0,1.E0,0.E0));
#1500=AXIS2_PLACEMENT_3D('',#1497,#1498,#1499);
#1501=CYLINDRICAL_SURFACE('',#1500,1.27E-1);
#1502=ORIENTED_EDGE('',*,*,#1472,.T.);
#1504=ORIENTED_EDGE('',*,*,#1503,.F.);
#1506=ORIENTED_EDGE('',*,*,#1505,.F.);
#1508=ORIENTED_EDGE('',*,*,#1507,.F.);
#1509=EDGE_LOOP('',(#1502,#1504,#1506,#1508));
#1510=FACE_OUTER_BOUND('',#1509,.F.);
#1512=CARTESIAN_POINT('',(-1.176186517628E1,5.095E-1,1.140825432043E1));
#1513=DIRECTION('',(-5.475782899315E-1,-6.327053285625E-1,5.475782899315E-1));
#1514=DIRECTION('',(-4.473902283194E-1,7.743926440822E-1,4.473902283194E-1));
#1515=AXIS2_PLACEMENT_3D('',#1512,#1513,#1514);
#1516=SPHERICAL_SURFACE('',#1515,1.27E-1);
#1518=ORIENTED_EDGE('',*,*,#1517,.T.);
#1519=ORIENTED_EDGE('',*,*,#1503,.T.);
#1521=ORIENTED_EDGE('',*,*,#1520,.T.);
#1522=EDGE_LOOP('',(#1518,#1519,#1521));
#1523=FACE_OUTER_BOUND('',#1522,.F.);
#1525=CARTESIAN_POINT('',(-1.187577525471E1,-2.640478473386E-2,
1.144853744680E1));
#1526=DIRECTION('',(-2.073519689733E-1,-9.755143164912E-1,7.332788885223E-2));
#1527=DIRECTION('',(-6.929114036896E-1,1.993679344172E-1,6.929114036896E-1));
#1528=AXIS2_PLACEMENT_3D('',#1525,#1526,#1527);
#1529=CYLINDRICAL_SURFACE('',#1528,1.27E-1);
#1531=ORIENTED_EDGE('',*,*,#1530,.T.);
#1533=ORIENTED_EDGE('',*,*,#1532,.T.);
#1534=ORIENTED_EDGE('',*,*,#1517,.F.);
#1536=ORIENTED_EDGE('',*,*,#1535,.F.);
#1537=EDGE_LOOP('',(#1531,#1533,#1534,#1536));
#1538=FACE_OUTER_BOUND('',#1537,.F.);
#1540=CARTESIAN_POINT('',(-1.1873E1,-1.27E-1,1.144739487758E1));
#1541=DIRECTION('',(0.E0,-1.E0,0.E0));
#1542=DIRECTION('',(-7.071067811865E-1,0.E0,7.071067811866E-1));
#1543=AXIS2_PLACEMENT_3D('',#1540,#1541,#1542);
#1544=CYLINDRICAL_SURFACE('',#1543,1.27E-1);
#1546=ORIENTED_EDGE('',*,*,#1545,.T.);
#1548=ORIENTED_EDGE('',*,*,#1547,.T.);
#1549=ORIENTED_EDGE('',*,*,#1530,.F.);
#1551=ORIENTED_EDGE('',*,*,#1550,.F.);
#1552=EDGE_LOOP('',(#1546,#1548,#1549,#1551));
#1553=FACE_OUTER_BOUND('',#1552,.F.);
#1555=CARTESIAN_POINT('',(-1.174048300320E1,-7.370952152661E-1,
1.138427190185E1));
#1556=DIRECTION('',(2.069050974451E-1,-9.734119512449E-1,-9.828252044439E-2));
#1557=DIRECTION('',(-6.903455270799E-1,-2.164396139381E-1,6.903455270798E-1));
#1558=AXIS2_PLACEMENT_3D('',#1555,#1556,#1557);
#1559=CYLINDRICAL_SURFACE('',#1558,1.27E-1);
#1560=ORIENTED_EDGE('',*,*,#1545,.F.);
#1562=ORIENTED_EDGE('',*,*,#1561,.F.);
#1564=ORIENTED_EDGE('',*,*,#1563,.F.);
#1566=ORIENTED_EDGE('',*,*,#1565,.T.);
#1567=EDGE_LOOP('',(#1560,#1562,#1564,#1566));
#1568=FACE_OUTER_BOUND('',#1567,.F.);
#1570=CARTESIAN_POINT('',(-1.140258627273E1,-7.484124085318E-1,
1.190258627273E1));
#1571=DIRECTION('',(-6.903455270799E-1,-2.164396139381E-1,6.903455270799E-1));
#1572=DIRECTION('',(-1.530459187330E-1,9.762960071199E-1,1.530459187330E-1));
#1573=AXIS2_PLACEMENT_3D('',#1570,#1571,#1572);
#1574=PLANE('',#1573);
#1576=ORIENTED_EDGE('',*,*,#1575,.F.);
#1578=ORIENTED_EDGE('',*,*,#1577,.F.);
#1580=ORIENTED_EDGE('',*,*,#1579,.T.);
#1581=ORIENTED_EDGE('',*,*,#1561,.T.);
#1582=EDGE_LOOP('',(#1576,#1578,#1580,#1581));
#1583=FACE_OUTER_BOUND('',#1582,.F.);
#1585=CARTESIAN_POINT('',(-1.15E1,-1.27E-1,1.2E1));
#1586=DIRECTION('',(-7.071067811865E-1,0.E0,7.071067811865E-1));
#1587=DIRECTION('',(0.E0,1.E0,0.E0));
#1588=AXIS2_PLACEMENT_3D('',#1585,#1586,#1587);
#1589=PLANE('',#1588);
#1590=ORIENTED_EDGE('',*,*,#1575,.T.);
#1591=ORIENTED_EDGE('',*,*,#1550,.T.);
#1593=ORIENTED_EDGE('',*,*,#1592,.F.);
#1595=ORIENTED_EDGE('',*,*,#1594,.F.);
#1596=EDGE_LOOP('',(#1590,#1591,#1593,#1595));
#1597=FACE_OUTER_BOUND('',#1596,.F.);
#1599=CARTESIAN_POINT('',(-1.15E1,0.E0,1.2E1));
#1600=DIRECTION('',(-6.929114036896E-1,1.993679344172E-1,6.929114036896E-1));
#1601=DIRECTION('',(1.409744183776E-1,9.799247046208E-1,-1.409744183776E-1));
#1602=AXIS2_PLACEMENT_3D('',#1599,#1600,#1601);
#1603=PLANE('',#1602);
#1604=ORIENTED_EDGE('',*,*,#1592,.T.);
#1605=ORIENTED_EDGE('',*,*,#1535,.T.);
#1607=ORIENTED_EDGE('',*,*,#1606,.F.);
#1609=ORIENTED_EDGE('',*,*,#1608,.F.);
#1610=EDGE_LOOP('',(#1604,#1605,#1607,#1609));
#1611=FACE_OUTER_BOUND('',#1610,.F.);
#1613=CARTESIAN_POINT('',(-1.137179868740E1,5.095E-1,1.179832080930E1));
#1614=DIRECTION('',(-7.071067811865E-1,0.E0,-7.071067811865E-1));
#1615=DIRECTION('',(-6.929114036896E-1,1.993679344172E-1,6.929114036896E-1));
#1616=AXIS2_PLACEMENT_3D('',#1613,#1614,#1615);
#1617=CYLINDRICAL_SURFACE('',#1616,1.27E-1);
#1618=ORIENTED_EDGE('',*,*,#1606,.T.);
#1619=ORIENTED_EDGE('',*,*,#1520,.F.);
#1620=ORIENTED_EDGE('',*,*,#1486,.F.);
#1622=ORIENTED_EDGE('',*,*,#1621,.F.);
#1623=EDGE_LOOP('',(#1618,#1619,#1620,#1622));
#1624=FACE_OUTER_BOUND('',#1623,.F.);
#1626=CARTESIAN_POINT('',(-1.140825432043E1,5.095E-1,1.176186517628E1));
#1627=DIRECTION('',(-9.246557029757E-1,-1.140121671912E-2,-3.806334762101E-1));
#1628=DIRECTION('',(-3.736774701142E-1,2.196402298713E-1,9.011788489257E-1));
#1629=AXIS2_PLACEMENT_3D('',#1626,#1627,#1628);
#1630=SPHERICAL_SURFACE('',#1629,1.27E-1);
#1631=ORIENTED_EDGE('',*,*,#1621,.T.);
#1633=ORIENTED_EDGE('',*,*,#1632,.T.);
#1635=ORIENTED_EDGE('',*,*,#1634,.T.);
#1636=EDGE_LOOP('',(#1631,#1633,#1635));
#1637=FACE_OUTER_BOUND('',#1636,.F.);
#1639=CARTESIAN_POINT('',(-1.145971687363E1,5.095E-1,1.176186517628E1));
#1640=DIRECTION('',(1.E0,0.E0,0.E0));
#1641=DIRECTION('',(0.E0,1.E0,0.E0));
#1642=AXIS2_PLACEMENT_3D('',#1639,#1640,#1641);
#1643=CYLINDRICAL_SURFACE('',#1642,1.27E-1);
#1644=ORIENTED_EDGE('',*,*,#1484,.T.);
#1646=ORIENTED_EDGE('',*,*,#1645,.F.);
#1648=ORIENTED_EDGE('',*,*,#1647,.F.);
#1649=ORIENTED_EDGE('',*,*,#1632,.F.);
#1650=EDGE_LOOP('',(#1644,#1646,#1648,#1649));
#1651=FACE_OUTER_BOUND('',#1650,.F.);
#1653=CARTESIAN_POINT('',(1.140825432043E1,5.095E-1,1.176186517628E1));
#1654=DIRECTION('',(-9.246557029757E-1,1.140121671912E-2,3.806334762101E-1));
#1655=DIRECTION('',(3.736774701142E-1,2.196402298713E-1,9.011788489257E-1));
#1656=AXIS2_PLACEMENT_3D('',#1653,#1654,#1655);
#1657=SPHERICAL_SURFACE('',#1656,1.27E-1);
#1658=ORIENTED_EDGE('',*,*,#1645,.T.);
#1660=ORIENTED_EDGE('',*,*,#1659,.T.);
#1662=ORIENTED_EDGE('',*,*,#1661,.T.);
#1663=EDGE_LOOP('',(#1658,#1660,#1662));
#1664=FACE_OUTER_BOUND('',#1663,.F.);
#1666=CARTESIAN_POINT('',(1.179832080930E1,5.095E-1,1.137179868740E1));
#1667=DIRECTION('',(-7.071067811865E-1,0.E0,7.071067811865E-1));
#1668=DIRECTION('',(6.929114036896E-1,1.993679344172E-1,6.929114036896E-1));
#1669=AXIS2_PLACEMENT_3D('',#1666,#1667,#1668);
#1670=CYLINDRICAL_SURFACE('',#1669,1.27E-1);
#1672=ORIENTED_EDGE('',*,*,#1671,.T.);
#1673=ORIENTED_EDGE('',*,*,#1659,.F.);
#1674=ORIENTED_EDGE('',*,*,#1482,.F.);
#1676=ORIENTED_EDGE('',*,*,#1675,.F.);
#1677=EDGE_LOOP('',(#1672,#1673,#1674,#1676));
#1678=FACE_OUTER_BOUND('',#1677,.F.);
#1680=CARTESIAN_POINT('',(1.2E1,0.E0,1.15E1));
#1681=DIRECTION('',(6.929114036896E-1,1.993679344172E-1,6.929114036896E-1));
#1682=DIRECTION('',(-1.409744183776E-1,9.799247046208E-1,-1.409744183776E-1));
#1683=AXIS2_PLACEMENT_3D('',#1680,#1681,#1682);
#1684=PLANE('',#1683);
#1686=ORIENTED_EDGE('',*,*,#1685,.T.);
#1688=ORIENTED_EDGE('',*,*,#1687,.T.);
#1689=ORIENTED_EDGE('',*,*,#1671,.F.);
#1691=ORIENTED_EDGE('',*,*,#1690,.F.);
#1692=EDGE_LOOP('',(#1686,#1688,#1689,#1691));
#1693=FACE_OUTER_BOUND('',#1692,.F.);
#1695=CARTESIAN_POINT('',(1.2E1,-1.27E-1,1.15E1));
#1696=DIRECTION('',(7.071067811865E-1,0.E0,7.071067811865E-1));
#1697=DIRECTION('',(0.E0,1.E0,0.E0));
#1698=AXIS2_PLACEMENT_3D('',#1695,#1696,#1697);
#1699=PLANE('',#1698);
#1701=ORIENTED_EDGE('',*,*,#1700,.T.);
#1703=ORIENTED_EDGE('',*,*,#1702,.T.);
#1704=ORIENTED_EDGE('',*,*,#1685,.F.);
#1706=ORIENTED_EDGE('',*,*,#1705,.F.);
#1707=EDGE_LOOP('',(#1701,#1703,#1704,#1706));
#1708=FACE_OUTER_BOUND('',#1707,.F.);
#1710=CARTESIAN_POINT('',(1.190258627273E1,-7.484124085318E-1,
1.140258627273E1));
#1711=DIRECTION('',(6.903455270799E-1,-2.164396139381E-1,6.903455270799E-1));
#1712=DIRECTION('',(1.530459187330E-1,9.762960071199E-1,1.530459187330E-1));
#1713=AXIS2_PLACEMENT_3D('',#1710,#1711,#1712);
#1714=PLANE('',#1713);
#1715=ORIENTED_EDGE('',*,*,#1700,.F.);
#1717=ORIENTED_EDGE('',*,*,#1716,.F.);
#1719=ORIENTED_EDGE('',*,*,#1718,.T.);
#1721=ORIENTED_EDGE('',*,*,#1720,.T.);
#1722=EDGE_LOOP('',(#1715,#1717,#1719,#1721));
#1723=FACE_OUTER_BOUND('',#1722,.F.);
#1725=CARTESIAN_POINT('',(1.176186517628E1,-6.365E-1,1.139442870266E1));
#1726=DIRECTION('',(2.069050974451E-1,9.734119512449E-1,9.828252044439E-2));
#1727=DIRECTION('',(6.903455270799E-1,-2.164396139381E-1,6.903455270798E-1));
#1728=AXIS2_PLACEMENT_3D('',#1725,#1726,#1727);
#1729=CYLINDRICAL_SURFACE('',#1728,1.27E-1);
#1731=ORIENTED_EDGE('',*,*,#1730,.T.);
#1733=ORIENTED_EDGE('',*,*,#1732,.F.);
#1735=ORIENTED_EDGE('',*,*,#1734,.F.);
#1736=ORIENTED_EDGE('',*,*,#1716,.T.);
#1737=EDGE_LOOP('',(#1731,#1733,#1735,#1736));
#1738=FACE_OUTER_BOUND('',#1737,.F.);
#1740=CARTESIAN_POINT('',(1.1873E1,-1.27E-1,1.144739487758E1));
#1741=DIRECTION('',(0.E0,1.E0,0.E0));
#1742=DIRECTION('',(7.071067811866E-1,0.E0,7.071067811865E-1));
#1743=AXIS2_PLACEMENT_3D('',#1740,#1741,#1742);
#1744=CYLINDRICAL_SURFACE('',#1743,1.27E-1);
#1745=ORIENTED_EDGE('',*,*,#1730,.F.);
#1746=ORIENTED_EDGE('',*,*,#1705,.T.);
#1748=ORIENTED_EDGE('',*,*,#1747,.T.);
#1750=ORIENTED_EDGE('',*,*,#1749,.F.);
#1751=EDGE_LOOP('',(#1745,#1746,#1748,#1750));
#1752=FACE_OUTER_BOUND('',#1751,.F.);
#1754=CARTESIAN_POINT('',(1.187577525471E1,-2.640478473386E-2,
1.144853744680E1));
#1755=DIRECTION('',(-2.073519689733E-1,9.755143164912E-1,-7.332788885223E-2));
#1756=DIRECTION('',(6.929114036896E-1,1.993679344172E-1,6.929114036896E-1));
#1757=AXIS2_PLACEMENT_3D('',#1754,#1755,#1756);
#1758=CYLINDRICAL_SURFACE('',#1757,1.27E-1);
#1759=ORIENTED_EDGE('',*,*,#1747,.F.);
#1760=ORIENTED_EDGE('',*,*,#1690,.T.);
#1762=ORIENTED_EDGE('',*,*,#1761,.F.);
#1764=ORIENTED_EDGE('',*,*,#1763,.F.);
#1765=EDGE_LOOP('',(#1759,#1760,#1762,#1764));
#1766=FACE_OUTER_BOUND('',#1765,.F.);
#1768=CARTESIAN_POINT('',(1.176186517628E1,5.095E-1,1.140825432043E1));
#1769=DIRECTION('',(-3.806334762101E-1,-1.140121671912E-2,9.246557029757E-1));
#1770=DIRECTION('',(9.011788489257E-1,2.196402298713E-1,3.736774701142E-1));
#1771=AXIS2_PLACEMENT_3D('',#1768,#1769,#1770);
#1772=SPHERICAL_SURFACE('',#1771,1.27E-1);
#1773=ORIENTED_EDGE('',*,*,#1675,.T.);
#1775=ORIENTED_EDGE('',*,*,#1774,.T.);
#1776=ORIENTED_EDGE('',*,*,#1761,.T.);
#1777=EDGE_LOOP('',(#1773,#1775,#1776));
#1778=FACE_OUTER_BOUND('',#1777,.F.);
#1780=CARTESIAN_POINT('',(1.176186517628E1,5.095E-1,1.145971687363E1));
#1781=DIRECTION('',(0.E0,0.E0,-1.E0));
#1782=DIRECTION('',(0.E0,1.E0,0.E0));
#1783=AXIS2_PLACEMENT_3D('',#1780,#1781,#1782);
#1784=CYLINDRICAL_SURFACE('',#1783,1.27E-1);
#1785=ORIENTED_EDGE('',*,*,#1480,.T.);
#1787=ORIENTED_EDGE('',*,*,#1786,.F.);
#1789=ORIENTED_EDGE('',*,*,#1788,.F.);
#1790=ORIENTED_EDGE('',*,*,#1774,.F.);
#1791=EDGE_LOOP('',(#1785,#1787,#1789,#1790));
#1792=FACE_OUTER_BOUND('',#1791,.F.);
#1794=CARTESIAN_POINT('',(1.176186517628E1,5.095E-1,-1.140136132634E1));
#1795=DIRECTION('',(3.826834323651E-1,0.E0,9.238795325113E-1));
#1796=DIRECTION('',(9.003579064464E-1,2.242120797313E-1,-3.729404558399E-1));
#1797=AXIS2_PLACEMENT_3D('',#1794,#1795,#1796);
#1798=SPHERICAL_SURFACE('',#1797,1.27E-1);
#1799=ORIENTED_EDGE('',*,*,#1786,.T.);
#1801=ORIENTED_EDGE('',*,*,#1800,.T.);
#1803=ORIENTED_EDGE('',*,*,#1802,.T.);
#1804=EDGE_LOOP('',(#1799,#1801,#1803));
#1805=FACE_OUTER_BOUND('',#1804,.F.);
#1807=CARTESIAN_POINT('',(1.136497674084E1,5.095E-1,-1.179824976179E1));
#1808=DIRECTION('',(7.071067811865E-1,0.E0,7.071067811865E-1));
#1809=DIRECTION('',(6.916548014802E-1,2.079116908178E-1,-6.916548014802E-1));
#1810=AXIS2_PLACEMENT_3D('',#1807,#1808,#1809);
#1811=CYLINDRICAL_SURFACE('',#1810,1.27E-1);
#1813=ORIENTED_EDGE('',*,*,#1812,.T.);
#1814=ORIENTED_EDGE('',*,*,#1800,.F.);
#1815=ORIENTED_EDGE('',*,*,#1478,.F.);
#1817=ORIENTED_EDGE('',*,*,#1816,.F.);
#1818=EDGE_LOOP('',(#1813,#1814,#1815,#1817));
#1819=FACE_OUTER_BOUND('',#1818,.F.);
#1821=CARTESIAN_POINT('',(1.15E1,0.E0,-1.2E1));
#1822=DIRECTION('',(6.916548014802E-1,2.079116908178E-1,-6.916548014802E-1));
#1823=DIRECTION('',(-1.470157664652E-1,9.781476007338E-1,1.470157664652E-1));
#1824=AXIS2_PLACEMENT_3D('',#1821,#1822,#1823);
#1825=PLANE('',#1824);
#1827=ORIENTED_EDGE('',*,*,#1826,.T.);
#1829=ORIENTED_EDGE('',*,*,#1828,.T.);
#1830=ORIENTED_EDGE('',*,*,#1812,.F.);
#1832=ORIENTED_EDGE('',*,*,#1831,.F.);
#1833=EDGE_LOOP('',(#1827,#1829,#1830,#1832));
#1834=FACE_OUTER_BOUND('',#1833,.F.);
#1836=CARTESIAN_POINT('',(1.15E1,-1.27E-1,-1.2E1));
#1837=DIRECTION('',(7.071067811865E-1,0.E0,-7.071067811865E-1));
#1838=DIRECTION('',(0.E0,1.E0,0.E0));
#1839=AXIS2_PLACEMENT_3D('',#1836,#1837,#1838);
#1840=PLANE('',#1839);
#1842=ORIENTED_EDGE('',*,*,#1841,.T.);
#1844=ORIENTED_EDGE('',*,*,#1843,.T.);
#1845=ORIENTED_EDGE('',*,*,#1826,.F.);
#1847=ORIENTED_EDGE('',*,*,#1846,.F.);
#1848=EDGE_LOOP('',(#1842,#1844,#1845,#1847));
#1849=FACE_OUTER_BOUND('',#1848,.F.);
#1851=CARTESIAN_POINT('',(1.140642446464E1,-7.495909478671E-1,
-1.190642446464E1));
#1852=DIRECTION('',(6.916548014802E-1,-2.079116908178E-1,-6.916548014802E-1));
#1853=DIRECTION('',(1.470157664652E-1,9.781476007338E-1,-1.470157664652E-1));
#1854=AXIS2_PLACEMENT_3D('',#1851,#1852,#1853);
#1855=PLANE('',#1854);
#1856=ORIENTED_EDGE('',*,*,#1841,.F.);
#1858=ORIENTED_EDGE('',*,*,#1857,.F.);
#1860=ORIENTED_EDGE('',*,*,#1859,.T.);
#1862=ORIENTED_EDGE('',*,*,#1861,.T.);
#1863=EDGE_LOOP('',(#1856,#1858,#1860,#1862));
#1864=FACE_OUTER_BOUND('',#1863,.F.);
#1866=CARTESIAN_POINT('',(1.140136132634E1,-6.365E-1,-1.176186517628E1));
#1867=DIRECTION('',(8.580224824931E-2,9.745403754091E-1,-2.071449514056E-1));
#1868=DIRECTION('',(6.916548014802E-1,-2.079116908178E-1,-6.916548014802E-1));
#1869=AXIS2_PLACEMENT_3D('',#1866,#1867,#1868);
#1870=CYLINDRICAL_SURFACE('',#1869,1.27E-1);
#1872=ORIENTED_EDGE('',*,*,#1871,.T.);
#1874=ORIENTED_EDGE('',*,*,#1873,.F.);
#1876=ORIENTED_EDGE('',*,*,#1875,.F.);
#1877=ORIENTED_EDGE('',*,*,#1857,.T.);
#1878=EDGE_LOOP('',(#1872,#1874,#1876,#1877));
#1879=FACE_OUTER_BOUND('',#1878,.F.);
#1881=CARTESIAN_POINT('',(1.144739487758E1,-1.27E-1,-1.1873E1));
#1882=DIRECTION('',(0.E0,1.E0,0.E0));
#1883=DIRECTION('',(7.071067811865E-1,0.E0,-7.071067811866E-1));
#1884=AXIS2_PLACEMENT_3D('',#1881,#1882,#1883);
#1885=CYLINDRICAL_SURFACE('',#1884,1.27E-1);
#1886=ORIENTED_EDGE('',*,*,#1871,.F.);
#1887=ORIENTED_EDGE('',*,*,#1846,.T.);
#1889=ORIENTED_EDGE('',*,*,#1888,.T.);
#1891=ORIENTED_EDGE('',*,*,#1890,.F.);
#1892=EDGE_LOOP('',(#1886,#1887,#1889,#1891));
#1893=FACE_OUTER_BOUND('',#1892,.F.);
#1895=CARTESIAN_POINT('',(1.144854442572E1,-2.640478473386E-2,
-1.187577525471E1));
#1896=DIRECTION('',(-8.580224824930E-2,9.745403754091E-1,2.071449514056E-1));
#1897=DIRECTION('',(6.916548014802E-1,2.079116908178E-1,-6.916548014802E-1));
#1898=AXIS2_PLACEMENT_3D('',#1895,#1896,#1897);
#1899=CYLINDRICAL_SURFACE('',#1898,1.27E-1);
#1900=ORIENTED_EDGE('',*,*,#1888,.F.);
#1901=ORIENTED_EDGE('',*,*,#1831,.T.);
#1903=ORIENTED_EDGE('',*,*,#1902,.F.);
#1905=ORIENTED_EDGE('',*,*,#1904,.F.);
#1906=EDGE_LOOP('',(#1900,#1901,#1903,#1905));
#1907=FACE_OUTER_BOUND('',#1906,.F.);
#1909=CARTESIAN_POINT('',(1.140136132634E1,5.095E-1,-1.176186517628E1));
#1910=DIRECTION('',(9.238795325113E-1,0.E0,3.826834323651E-1));
#1911=DIRECTION('',(3.729404558399E-1,2.242120797313E-1,-9.003579064464E-1));
#1912=AXIS2_PLACEMENT_3D('',#1909,#1910,#1911);
#1913=SPHERICAL_SURFACE('',#1912,1.27E-1);
#1914=ORIENTED_EDGE('',*,*,#1816,.T.);
#1916=ORIENTED_EDGE('',*,*,#1915,.T.);
#1917=ORIENTED_EDGE('',*,*,#1902,.T.);
#1918=EDGE_LOOP('',(#1914,#1916,#1917));
#1919=FACE_OUTER_BOUND('',#1918,.F.);
#1921=CARTESIAN_POINT('',(1.145281690063E1,5.095E-1,-1.176186517628E1));
#1922=DIRECTION('',(-1.E0,0.E0,0.E0));
#1923=DIRECTION('',(0.E0,1.E0,0.E0));
#1924=AXIS2_PLACEMENT_3D('',#1921,#1922,#1923);
#1925=CYLINDRICAL_SURFACE('',#1924,1.27E-1);
#1926=ORIENTED_EDGE('',*,*,#1476,.T.);
#1928=ORIENTED_EDGE('',*,*,#1927,.F.);
#1930=ORIENTED_EDGE('',*,*,#1929,.F.);
#1931=ORIENTED_EDGE('',*,*,#1915,.F.);
#1932=EDGE_LOOP('',(#1926,#1928,#1930,#1931));
#1933=FACE_OUTER_BOUND('',#1932,.F.);
#1935=CARTESIAN_POINT('',(-1.140136132634E1,5.095E-1,-1.176186517628E1));
#1936=DIRECTION('',(9.238795325113E-1,0.E0,-3.826834323651E-1));
#1937=DIRECTION('',(-3.729404558399E-1,2.242120797313E-1,-9.003579064464E-1));
#1938=AXIS2_PLACEMENT_3D('',#1935,#1936,#1937);
#1939=SPHERICAL_SURFACE('',#1938,1.27E-1);
#1940=ORIENTED_EDGE('',*,*,#1927,.T.);
#1942=ORIENTED_EDGE('',*,*,#1941,.T.);
#1944=ORIENTED_EDGE('',*,*,#1943,.T.);
#1945=EDGE_LOOP('',(#1940,#1942,#1944));
#1946=FACE_OUTER_BOUND('',#1945,.F.);
#1948=CARTESIAN_POINT('',(-1.179824976179E1,5.095E-1,-1.136497674084E1));
#1949=DIRECTION('',(7.071067811865E-1,0.E0,-7.071067811865E-1));
#1950=DIRECTION('',(-6.916548014802E-1,2.079116908178E-1,-6.916548014802E-1));
#1951=AXIS2_PLACEMENT_3D('',#1948,#1949,#1950);
#1952=CYLINDRICAL_SURFACE('',#1951,1.27E-1);
#1954=ORIENTED_EDGE('',*,*,#1953,.T.);
#1955=ORIENTED_EDGE('',*,*,#1941,.F.);
#1956=ORIENTED_EDGE('',*,*,#1474,.F.);
#1958=ORIENTED_EDGE('',*,*,#1957,.F.);
#1959=EDGE_LOOP('',(#1954,#1955,#1956,#1958));
#1960=FACE_OUTER_BOUND('',#1959,.F.);
#1962=CARTESIAN_POINT('',(-1.2E1,0.E0,-1.15E1));
#1963=DIRECTION('',(-6.916548014802E-1,2.079116908178E-1,-6.916548014802E-1));
#1964=DIRECTION('',(1.470157664652E-1,9.781476007338E-1,1.470157664652E-1));
#1965=AXIS2_PLACEMENT_3D('',#1962,#1963,#1964);
#1966=PLANE('',#1965);
#1968=ORIENTED_EDGE('',*,*,#1967,.T.);
#1970=ORIENTED_EDGE('',*,*,#1969,.T.);
#1971=ORIENTED_EDGE('',*,*,#1953,.F.);
#1973=ORIENTED_EDGE('',*,*,#1972,.F.);
#1974=EDGE_LOOP('',(#1968,#1970,#1971,#1973));
#1975=FACE_OUTER_BOUND('',#1974,.F.);
#1977=CARTESIAN_POINT('',(-1.2E1,-1.27E-1,-1.15E1));
#1978=DIRECTION('',(-7.071067811865E-1,0.E0,-7.071067811865E-1));
#1979=DIRECTION('',(0.E0,1.E0,0.E0));
#1980=AXIS2_PLACEMENT_3D('',#1977,#1978,#1979);
#1981=PLANE('',#1980);
#1983=ORIENTED_EDGE('',*,*,#1982,.T.);
#1985=ORIENTED_EDGE('',*,*,#1984,.T.);
#1986=ORIENTED_EDGE('',*,*,#1967,.F.);
#1988=ORIENTED_EDGE('',*,*,#1987,.F.);
#1989=EDGE_LOOP('',(#1983,#1985,#1986,#1988));
#1990=FACE_OUTER_BOUND('',#1989,.F.);
#1992=CARTESIAN_POINT('',(-1.190642446464E1,-7.495909478671E-1,
-1.140642446464E1));
#1993=DIRECTION('',(-6.916548014802E-1,-2.079116908178E-1,-6.916548014802E-1));
#1994=DIRECTION('',(-1.470157664652E-1,9.781476007338E-1,-1.470157664652E-1));
#1995=AXIS2_PLACEMENT_3D('',#1992,#1993,#1994);
#1996=PLANE('',#1995);
#1997=ORIENTED_EDGE('',*,*,#1982,.F.);
#1999=ORIENTED_EDGE('',*,*,#1998,.F.);
#2001=ORIENTED_EDGE('',*,*,#2000,.T.);
#2003=ORIENTED_EDGE('',*,*,#2002,.T.);
#2004=EDGE_LOOP('',(#1997,#1999,#2001,#2003));
#2005=FACE_OUTER_BOUND('',#2004,.F.);
#2007=CARTESIAN_POINT('',(-1.176186517628E1,-6.365E-1,-1.140136132634E1));
#2008=DIRECTION('',(-2.071449514056E-1,9.745403754091E-1,-8.580224824931E-2));
#2009=DIRECTION('',(-6.916548014802E-1,-2.079116908178E-1,-6.916548014802E-1));
#2010=AXIS2_PLACEMENT_3D('',#2007,#2008,#2009);
#2011=CYLINDRICAL_SURFACE('',#2010,1.27E-1);
#2013=ORIENTED_EDGE('',*,*,#2012,.T.);
#2015=ORIENTED_EDGE('',*,*,#2014,.F.);
#2017=ORIENTED_EDGE('',*,*,#2016,.F.);
#2018=ORIENTED_EDGE('',*,*,#1998,.T.);
#2019=EDGE_LOOP('',(#2013,#2015,#2017,#2018));
#2020=FACE_OUTER_BOUND('',#2019,.F.);
#2022=CARTESIAN_POINT('',(-1.1873E1,-1.27E-1,-1.144739487758E1));
#2023=DIRECTION('',(0.E0,1.E0,0.E0));
#2024=DIRECTION('',(-7.071067811866E-1,0.E0,-7.071067811865E-1));
#2025=AXIS2_PLACEMENT_3D('',#2022,#2023,#2024);
#2026=CYLINDRICAL_SURFACE('',#2025,1.27E-1);
#2027=ORIENTED_EDGE('',*,*,#2012,.F.);
#2028=ORIENTED_EDGE('',*,*,#1987,.T.);
#2030=ORIENTED_EDGE('',*,*,#2029,.T.);
#2032=ORIENTED_EDGE('',*,*,#2031,.F.);
#2033=EDGE_LOOP('',(#2027,#2028,#2030,#2032));
#2034=FACE_OUTER_BOUND('',#2033,.F.);
#2036=CARTESIAN_POINT('',(-1.187577525471E1,-2.640478473386E-2,
-1.144854442572E1));
#2037=DIRECTION('',(2.071449514056E-1,9.745403754091E-1,8.580224824930E-2));
#2038=DIRECTION('',(-6.916548014802E-1,2.079116908178E-1,-6.916548014802E-1));
#2039=AXIS2_PLACEMENT_3D('',#2036,#2037,#2038);
#2040=CYLINDRICAL_SURFACE('',#2039,1.27E-1);
#2041=ORIENTED_EDGE('',*,*,#2029,.F.);
#2042=ORIENTED_EDGE('',*,*,#1972,.T.);
#2044=ORIENTED_EDGE('',*,*,#2043,.F.);
#2046=ORIENTED_EDGE('',*,*,#2045,.F.);
#2047=EDGE_LOOP('',(#2041,#2042,#2044,#2046));
#2048=FACE_OUTER_BOUND('',#2047,.F.);
#2050=CARTESIAN_POINT('',(-1.176186517628E1,5.095E-1,-1.140136132634E1));
#2051=DIRECTION('',(3.826834323651E-1,0.E0,-9.238795325113E-1));
#2052=DIRECTION('',(-9.003579064464E-1,2.242120797313E-1,-3.729404558399E-1));
#2053=AXIS2_PLACEMENT_3D('',#2050,#2051,#2052);
#2054=SPHERICAL_SURFACE('',#2053,1.27E-1);
#2055=ORIENTED_EDGE('',*,*,#1957,.T.);
#2056=ORIENTED_EDGE('',*,*,#1507,.T.);
#2057=ORIENTED_EDGE('',*,*,#2043,.T.);
#2058=EDGE_LOOP('',(#2055,#2056,#2057));
#2059=FACE_OUTER_BOUND('',#2058,.F.);
#2061=CARTESIAN_POINT('',(-1.2E1,0.E0,-1.2E1));
#2062=DIRECTION('',(-9.781476007338E-1,2.079116908178E-1,0.E0));
#2063=DIRECTION('',(0.E0,0.E0,1.E0));
#2064=AXIS2_PLACEMENT_3D('',#2061,#2062,#2063);
#2065=PLANE('',#2064);
#2067=ORIENTED_EDGE('',*,*,#2066,.F.);
#2068=ORIENTED_EDGE('',*,*,#2045,.T.);
#2069=ORIENTED_EDGE('',*,*,#1505,.T.);
#2070=ORIENTED_EDGE('',*,*,#1532,.F.);
#2071=EDGE_LOOP('',(#2067,#2068,#2069,#2070));
#2072=FACE_OUTER_BOUND('',#2071,.F.);
#2074=CARTESIAN_POINT('',(-1.2E1,0.E0,-1.2E1));
#2075=DIRECTION('',(-1.E0,0.E0,0.E0));
#2076=DIRECTION('',(0.E0,0.E0,1.E0));
#2077=AXIS2_PLACEMENT_3D('',#2074,#2075,#2076);
#2078=PLANE('',#2077);
#2080=ORIENTED_EDGE('',*,*,#2079,.F.);
#2081=ORIENTED_EDGE('',*,*,#2031,.T.);
#2082=ORIENTED_EDGE('',*,*,#2066,.T.);
#2083=ORIENTED_EDGE('',*,*,#1547,.F.);
#2084=EDGE_LOOP('',(#2080,#2081,#2082,#2083));
#2085=FACE_OUTER_BOUND('',#2084,.F.);
#2087=CARTESIAN_POINT('',(-1.2E1,-1.27E-1,-1.2E1));
#2088=DIRECTION('',(-9.781476007338E-1,-2.079116908178E-1,0.E0));
#2089=DIRECTION('',(0.E0,0.E0,1.E0));
#2090=AXIS2_PLACEMENT_3D('',#2087,#2088,#2089);
#2091=PLANE('',#2090);
#2092=ORIENTED_EDGE('',*,*,#2079,.T.);
#2093=ORIENTED_EDGE('',*,*,#1565,.F.);
#2095=ORIENTED_EDGE('',*,*,#2094,.T.);
#2096=ORIENTED_EDGE('',*,*,#2014,.T.);
#2097=EDGE_LOOP('',(#2092,#2093,#2095,#2096));
#2098=FACE_OUTER_BOUND('',#2097,.F.);
#2100=CARTESIAN_POINT('',(-1.176186517628E1,-6.365E-1,1.139442870266E1));
#2101=DIRECTION('',(0.E0,0.E0,-1.E0));
#2102=DIRECTION('',(0.E0,-1.E0,0.E0));
#2103=AXIS2_PLACEMENT_3D('',#2100,#2101,#2102);
#2104=CYLINDRICAL_SURFACE('',#2103,1.27E-1);
#2106=ORIENTED_EDGE('',*,*,#2105,.T.);
#2108=ORIENTED_EDGE('',*,*,#2107,.F.);
#2109=ORIENTED_EDGE('',*,*,#2094,.F.);
#2111=ORIENTED_EDGE('',*,*,#2110,.F.);
#2112=EDGE_LOOP('',(#2106,#2108,#2109,#2111));
#2113=FACE_OUTER_BOUND('',#2112,.F.);
#2115=CARTESIAN_POINT('',(0.E0,-7.635E-1,0.E0));
#2116=DIRECTION('',(0.E0,1.E0,0.E0));
#2117=DIRECTION('',(1.E0,0.E0,0.E0));
#2118=AXIS2_PLACEMENT_3D('',#2115,#2116,#2117);
#2119=PLANE('',#2118);
#2120=ORIENTED_EDGE('',*,*,#2105,.F.);
#2122=ORIENTED_EDGE('',*,*,#2121,.F.);
#2124=ORIENTED_EDGE('',*,*,#2123,.F.);
#2126=ORIENTED_EDGE('',*,*,#2125,.F.);
#2128=ORIENTED_EDGE('',*,*,#2127,.F.);
#2130=ORIENTED_EDGE('',*,*,#2129,.F.);
#2132=ORIENTED_EDGE('',*,*,#2131,.F.);
#2134=ORIENTED_EDGE('',*,*,#2133,.F.);
#2135=EDGE_LOOP('',(#2120,#2122,#2124,#2126,#2128,#2130,#2132,#2134));
#2136=FACE_OUTER_BOUND('',#2135,.F.);
#2138=CARTESIAN_POINT('',(-1.135810804789E1,-6.365E-1,1.179818583105E1));
#2139=DIRECTION('',(7.071067811865E-1,0.E0,7.071067811866E-1));
#2140=DIRECTION('',(-6.903455270799E-1,-2.164396139381E-1,6.903455270799E-1));
#2141=AXIS2_PLACEMENT_3D('',#2138,#2139,#2140);
#2142=CYLINDRICAL_SURFACE('',#2141,1.27E-1);
#2143=ORIENTED_EDGE('',*,*,#1579,.F.);
#2145=ORIENTED_EDGE('',*,*,#2144,.F.);
#2146=ORIENTED_EDGE('',*,*,#2121,.T.);
#2148=ORIENTED_EDGE('',*,*,#2147,.F.);
#2149=EDGE_LOOP('',(#2143,#2145,#2146,#2148));
#2150=FACE_OUTER_BOUND('',#2149,.F.);
#2152=CARTESIAN_POINT('',(-1.139442870266E1,-6.365E-1,1.176186517628E1));
#2153=DIRECTION('',(9.229418653487E-1,1.140121426662E-2,3.847704841849E-1));
#2154=DIRECTION('',(-3.721812184430E-1,-2.287775895644E-1,8.995231821089E-1));
#2155=AXIS2_PLACEMENT_3D('',#2152,#2153,#2154);
#2156=SPHERICAL_SURFACE('',#2155,1.27E-1);
#2158=ORIENTED_EDGE('',*,*,#2157,.T.);
#2159=ORIENTED_EDGE('',*,*,#2144,.T.);
#2161=ORIENTED_EDGE('',*,*,#2160,.T.);
#2162=EDGE_LOOP('',(#2158,#2159,#2161));
#2163=FACE_OUTER_BOUND('',#2162,.F.);
#2165=CARTESIAN_POINT('',(1.144589128180E1,-6.365E-1,1.176186517628E1));
#2166=DIRECTION('',(-1.E0,0.E0,0.E0));
#2167=DIRECTION('',(0.E0,-1.E0,0.E0));
#2168=AXIS2_PLACEMENT_3D('',#2165,#2166,#2167);
#2169=CYLINDRICAL_SURFACE('',#2168,1.27E-1);
#2170=ORIENTED_EDGE('',*,*,#2123,.T.);
#2171=ORIENTED_EDGE('',*,*,#2157,.F.);
#2173=ORIENTED_EDGE('',*,*,#2172,.F.);
#2175=ORIENTED_EDGE('',*,*,#2174,.F.);
#2176=EDGE_LOOP('',(#2170,#2171,#2173,#2175));
#2177=FACE_OUTER_BOUND('',#2176,.F.);
#2179=CARTESIAN_POINT('',(-1.2E1,-1.27E-1,1.2E1));
#2180=DIRECTION('',(0.E0,-2.079116908178E-1,9.781476007338E-1));
#2181=DIRECTION('',(1.E0,0.E0,0.E0));
#2182=AXIS2_PLACEMENT_3D('',#2179,#2180,#2181);
#2183=PLANE('',#2182);
#2185=ORIENTED_EDGE('',*,*,#2184,.T.);
#2187=ORIENTED_EDGE('',*,*,#2186,.F.);
#2188=ORIENTED_EDGE('',*,*,#2172,.T.);
#2190=ORIENTED_EDGE('',*,*,#2189,.T.);
#2191=EDGE_LOOP('',(#2185,#2187,#2188,#2190));
#2192=FACE_OUTER_BOUND('',#2191,.F.);
#2194=CARTESIAN_POINT('',(-1.2E1,0.E0,1.2E1));
#2195=DIRECTION('',(0.E0,0.E0,1.E0));
#2196=DIRECTION('',(1.E0,0.E0,0.E0));
#2197=AXIS2_PLACEMENT_3D('',#2194,#2195,#2196);
#2198=PLANE('',#2197);
#2199=ORIENTED_EDGE('',*,*,#2184,.F.);
#2201=ORIENTED_EDGE('',*,*,#2200,.T.);
#2203=ORIENTED_EDGE('',*,*,#2202,.T.);
#2205=ORIENTED_EDGE('',*,*,#2204,.F.);
#2206=EDGE_LOOP('',(#2199,#2201,#2203,#2205));
#2207=FACE_OUTER_BOUND('',#2206,.F.);
#2209=CARTESIAN_POINT('',(-1.144739487758E1,-1.27E-1,1.1873E1));
#2210=DIRECTION('',(0.E0,1.E0,0.E0));
#2211=DIRECTION('',(-7.071067811865E-1,0.E0,7.071067811866E-1));
#2212=AXIS2_PLACEMENT_3D('',#2209,#2210,#2211);
#2213=CYLINDRICAL_SURFACE('',#2212,1.27E-1);
#2215=ORIENTED_EDGE('',*,*,#2214,.F.);
#2216=ORIENTED_EDGE('',*,*,#1594,.T.);
#2218=ORIENTED_EDGE('',*,*,#2217,.T.);
#2219=ORIENTED_EDGE('',*,*,#2200,.F.);
#2220=EDGE_LOOP('',(#2215,#2216,#2218,#2219));
#2221=FACE_OUTER_BOUND('',#2220,.F.);
#2223=CARTESIAN_POINT('',(-1.139442870266E1,-6.365E-1,1.176186517628E1));
#2224=DIRECTION('',(-9.828252044439E-2,9.734119512449E-1,2.069050974451E-1));
#2225=DIRECTION('',(-6.903455270798E-1,-2.164396139381E-1,6.903455270799E-1));
#2226=AXIS2_PLACEMENT_3D('',#2223,#2224,#2225);
#2227=CYLINDRICAL_SURFACE('',#2226,1.27E-1);
#2228=ORIENTED_EDGE('',*,*,#2214,.T.);
#2229=ORIENTED_EDGE('',*,*,#2189,.F.);
#2230=ORIENTED_EDGE('',*,*,#2160,.F.);
#2231=ORIENTED_EDGE('',*,*,#1577,.T.);
#2232=EDGE_LOOP('',(#2228,#2229,#2230,#2231));
#2233=FACE_OUTER_BOUND('',#2232,.F.);
#2235=CARTESIAN_POINT('',(-1.144853744680E1,-2.640478473386E-2,
1.187577525471E1));
#2236=DIRECTION('',(7.332788885223E-2,9.755143164912E-1,-2.073519689733E-1));
#2237=DIRECTION('',(-6.929114036896E-1,1.993679344172E-1,6.929114036896E-1));
#2238=AXIS2_PLACEMENT_3D('',#2235,#2236,#2237);
#2239=CYLINDRICAL_SURFACE('',#2238,1.27E-1);
#2240=ORIENTED_EDGE('',*,*,#2217,.F.);
#2241=ORIENTED_EDGE('',*,*,#1608,.T.);
#2242=ORIENTED_EDGE('',*,*,#1634,.F.);
#2244=ORIENTED_EDGE('',*,*,#2243,.F.);
#2245=EDGE_LOOP('',(#2240,#2241,#2242,#2244));
#2246=FACE_OUTER_BOUND('',#2245,.F.);
#2248=CARTESIAN_POINT('',(-1.2E1,0.E0,1.2E1));
#2249=DIRECTION('',(0.E0,2.079116908178E-1,9.781476007338E-1));
#2250=DIRECTION('',(1.E0,0.E0,0.E0));
#2251=AXIS2_PLACEMENT_3D('',#2248,#2249,#2250);
#2252=PLANE('',#2251);
#2253=ORIENTED_EDGE('',*,*,#2202,.F.);
#2254=ORIENTED_EDGE('',*,*,#2243,.T.);
#2255=ORIENTED_EDGE('',*,*,#1647,.T.);
#2257=ORIENTED_EDGE('',*,*,#2256,.F.);
#2258=EDGE_LOOP('',(#2253,#2254,#2255,#2257));
#2259=FACE_OUTER_BOUND('',#2258,.F.);
#2261=CARTESIAN_POINT('',(1.144853744680E1,-2.640478473386E-2,
1.187577525471E1));
#2262=DIRECTION('',(7.332788885223E-2,-9.755143164912E-1,2.073519689733E-1));
#2263=DIRECTION('',(6.929114036896E-1,1.993679344172E-1,6.929114036896E-1));
#2264=AXIS2_PLACEMENT_3D('',#2261,#2262,#2263);
#2265=CYLINDRICAL_SURFACE('',#2264,1.27E-1);
#2267=ORIENTED_EDGE('',*,*,#2266,.T.);
#2268=ORIENTED_EDGE('',*,*,#2256,.T.);
#2269=ORIENTED_EDGE('',*,*,#1661,.F.);
#2270=ORIENTED_EDGE('',*,*,#1687,.F.);
#2271=EDGE_LOOP('',(#2267,#2268,#2269,#2270));
#2272=FACE_OUTER_BOUND('',#2271,.F.);
#2274=CARTESIAN_POINT('',(1.144739487758E1,-1.27E-1,1.1873E1));
#2275=DIRECTION('',(0.E0,-1.E0,0.E0));
#2276=DIRECTION('',(7.071067811866E-1,0.E0,7.071067811865E-1));
#2277=AXIS2_PLACEMENT_3D('',#2274,#2275,#2276);
#2278=CYLINDRICAL_SURFACE('',#2277,1.27E-1);
#2280=ORIENTED_EDGE('',*,*,#2279,.T.);
#2281=ORIENTED_EDGE('',*,*,#2204,.T.);
#2282=ORIENTED_EDGE('',*,*,#2266,.F.);
#2283=ORIENTED_EDGE('',*,*,#1702,.F.);
#2284=EDGE_LOOP('',(#2280,#2281,#2282,#2283));
#2285=FACE_OUTER_BOUND('',#2284,.F.);
#2287=CARTESIAN_POINT('',(1.139442870266E1,-6.365E-1,1.176186517628E1));
#2288=DIRECTION('',(-9.828252044439E-2,-9.734119512449E-1,-2.069050974451E-1));
#2289=DIRECTION('',(6.903455270798E-1,-2.164396139381E-1,6.903455270799E-1));
#2290=AXIS2_PLACEMENT_3D('',#2287,#2288,#2289);
#2291=CYLINDRICAL_SURFACE('',#2290,1.27E-1);
#2292=ORIENTED_EDGE('',*,*,#2279,.F.);
#2293=ORIENTED_EDGE('',*,*,#1720,.F.);
#2295=ORIENTED_EDGE('',*,*,#2294,.F.);
#2296=ORIENTED_EDGE('',*,*,#2186,.T.);
#2297=EDGE_LOOP('',(#2292,#2293,#2295,#2296));
#2298=FACE_OUTER_BOUND('',#2297,.F.);
#2300=CARTESIAN_POINT('',(1.139442870266E1,-6.365E-1,1.176186517628E1));
#2301=DIRECTION('',(9.229418653487E-1,-1.140121426662E-2,-3.847704841849E-1));
#2302=DIRECTION('',(3.721812184430E-1,-2.287775895645E-1,8.995231821089E-1));
#2303=AXIS2_PLACEMENT_3D('',#2300,#2301,#2302);
#2304=SPHERICAL_SURFACE('',#2303,1.27E-1);
#2306=ORIENTED_EDGE('',*,*,#2305,.T.);
#2307=ORIENTED_EDGE('',*,*,#2174,.T.);
#2308=ORIENTED_EDGE('',*,*,#2294,.T.);
#2309=EDGE_LOOP('',(#2306,#2307,#2308));
#2310=FACE_OUTER_BOUND('',#2309,.F.);
#2312=CARTESIAN_POINT('',(1.179818583105E1,-6.365E-1,1.135810804789E1));
#2313=DIRECTION('',(7.071067811865E-1,0.E0,-7.071067811865E-1));
#2314=DIRECTION('',(6.903455270799E-1,-2.164396139381E-1,6.903455270799E-1));
#2315=AXIS2_PLACEMENT_3D('',#2312,#2313,#2314);
#2316=CYLINDRICAL_SURFACE('',#2315,1.27E-1);
#2317=ORIENTED_EDGE('',*,*,#1718,.F.);
#2319=ORIENTED_EDGE('',*,*,#2318,.F.);
#2320=ORIENTED_EDGE('',*,*,#2125,.T.);
#2321=ORIENTED_EDGE('',*,*,#2305,.F.);
#2322=EDGE_LOOP('',(#2317,#2319,#2320,#2321));
#2323=FACE_OUTER_BOUND('',#2322,.F.);
#2325=CARTESIAN_POINT('',(1.176186517628E1,-6.365E-1,1.139442870266E1));
#2326=DIRECTION('',(3.847704841849E-1,1.140121426662E-2,-9.229418653487E-1));
#2327=DIRECTION('',(8.995231821089E-1,-2.287775895644E-1,3.721812184430E-1));
#2328=AXIS2_PLACEMENT_3D('',#2325,#2326,#2327);
#2329=SPHERICAL_SURFACE('',#2328,1.27E-1);
#2331=ORIENTED_EDGE('',*,*,#2330,.T.);
#2332=ORIENTED_EDGE('',*,*,#2318,.T.);
#2333=ORIENTED_EDGE('',*,*,#1734,.T.);
#2334=EDGE_LOOP('',(#2331,#2332,#2333));
#2335=FACE_OUTER_BOUND('',#2334,.F.);
#2337=CARTESIAN_POINT('',(1.176186517628E1,-6.365E-1,-1.145281690063E1));
#2338=DIRECTION('',(0.E0,0.E0,1.E0));
#2339=DIRECTION('',(0.E0,-1.E0,0.E0));
#2340=AXIS2_PLACEMENT_3D('',#2337,#2338,#2339);
#2341=CYLINDRICAL_SURFACE('',#2340,1.27E-1);
#2342=ORIENTED_EDGE('',*,*,#2127,.T.);
#2343=ORIENTED_EDGE('',*,*,#2330,.F.);
#2345=ORIENTED_EDGE('',*,*,#2344,.F.);
#2347=ORIENTED_EDGE('',*,*,#2346,.F.);
#2348=EDGE_LOOP('',(#2342,#2343,#2345,#2347));
#2349=FACE_OUTER_BOUND('',#2348,.F.);
#2351=CARTESIAN_POINT('',(1.2E1,-1.27E-1,1.2E1));
#2352=DIRECTION('',(9.781476007338E-1,-2.079116908178E-1,0.E0));
#2353=DIRECTION('',(0.E0,0.E0,-1.E0));
#2354=AXIS2_PLACEMENT_3D('',#2351,#2352,#2353);
#2355=PLANE('',#2354);
#2357=ORIENTED_EDGE('',*,*,#2356,.T.);
#2359=ORIENTED_EDGE('',*,*,#2358,.F.);
#2360=ORIENTED_EDGE('',*,*,#2344,.T.);
#2361=ORIENTED_EDGE('',*,*,#1732,.T.);
#2362=EDGE_LOOP('',(#2357,#2359,#2360,#2361));
#2363=FACE_OUTER_BOUND('',#2362,.F.);
#2365=CARTESIAN_POINT('',(1.2E1,0.E0,1.2E1));
#2366=DIRECTION('',(1.E0,0.E0,0.E0));
#2367=DIRECTION('',(0.E0,0.E0,-1.E0));
#2368=AXIS2_PLACEMENT_3D('',#2365,#2366,#2367);
#2369=PLANE('',#2368);
#2370=ORIENTED_EDGE('',*,*,#2356,.F.);
#2371=ORIENTED_EDGE('',*,*,#1749,.T.);
#2373=ORIENTED_EDGE('',*,*,#2372,.T.);
#2375=ORIENTED_EDGE('',*,*,#2374,.F.);
#2376=EDGE_LOOP('',(#2370,#2371,#2373,#2375));
#2377=FACE_OUTER_BOUND('',#2376,.F.);
#2379=CARTESIAN_POINT('',(1.2E1,0.E0,1.2E1));
#2380=DIRECTION('',(9.781476007338E-1,2.079116908178E-1,0.E0));
#2381=DIRECTION('',(0.E0,0.E0,-1.E0));
#2382=AXIS2_PLACEMENT_3D('',#2379,#2380,#2381);
#2383=PLANE('',#2382);
#2384=ORIENTED_EDGE('',*,*,#2372,.F.);
#2385=ORIENTED_EDGE('',*,*,#1763,.T.);
#2386=ORIENTED_EDGE('',*,*,#1788,.T.);
#2388=ORIENTED_EDGE('',*,*,#2387,.F.);
#2389=EDGE_LOOP('',(#2384,#2385,#2386,#2388));
#2390=FACE_OUTER_BOUND('',#2389,.F.);
#2392=CARTESIAN_POINT('',(1.187577525471E1,-2.640478473386E-2,
-1.144854442572E1));
#2393=DIRECTION('',(2.071449514056E-1,-9.745403754091E-1,-8.580224824930E-2));
#2394=DIRECTION('',(6.916548014802E-1,2.079116908178E-1,-6.916548014802E-1));
#2395=AXIS2_PLACEMENT_3D('',#2392,#2393,#2394);
#2396=CYLINDRICAL_SURFACE('',#2395,1.27E-1);
#2398=ORIENTED_EDGE('',*,*,#2397,.T.);
#2399=ORIENTED_EDGE('',*,*,#2387,.T.);
#2400=ORIENTED_EDGE('',*,*,#1802,.F.);
#2401=ORIENTED_EDGE('',*,*,#1828,.F.);
#2402=EDGE_LOOP('',(#2398,#2399,#2400,#2401));
#2403=FACE_OUTER_BOUND('',#2402,.F.);
#2405=CARTESIAN_POINT('',(1.1873E1,-1.27E-1,-1.144739487758E1));
#2406=DIRECTION('',(0.E0,-1.E0,0.E0));
#2407=DIRECTION('',(7.071067811865E-1,0.E0,-7.071067811866E-1));
#2408=AXIS2_PLACEMENT_3D('',#2405,#2406,#2407);
#2409=CYLINDRICAL_SURFACE('',#2408,1.27E-1);
#2411=ORIENTED_EDGE('',*,*,#2410,.T.);
#2412=ORIENTED_EDGE('',*,*,#2374,.T.);
#2413=ORIENTED_EDGE('',*,*,#2397,.F.);
#2414=ORIENTED_EDGE('',*,*,#1843,.F.);
#2415=EDGE_LOOP('',(#2411,#2412,#2413,#2414));
#2416=FACE_OUTER_BOUND('',#2415,.F.);
#2418=CARTESIAN_POINT('',(1.176186517628E1,-6.365E-1,-1.140136132634E1));
#2419=DIRECTION('',(-2.071449514056E-1,-9.745403754091E-1,8.580224824930E-2));
#2420=DIRECTION('',(6.916548014802E-1,-2.079116908178E-1,-6.916548014802E-1));
#2421=AXIS2_PLACEMENT_3D('',#2418,#2419,#2420);
#2422=CYLINDRICAL_SURFACE('',#2421,1.27E-1);
#2423=ORIENTED_EDGE('',*,*,#2410,.F.);
#2424=ORIENTED_EDGE('',*,*,#1861,.F.);
#2426=ORIENTED_EDGE('',*,*,#2425,.F.);
#2427=ORIENTED_EDGE('',*,*,#2358,.T.);
#2428=EDGE_LOOP('',(#2423,#2424,#2426,#2427));
#2429=FACE_OUTER_BOUND('',#2428,.F.);
#2431=CARTESIAN_POINT('',(1.176186517628E1,-6.365E-1,-1.140136132634E1));
#2432=DIRECTION('',(-3.826834323651E-1,0.E0,-9.238795325113E-1));
#2433=DIRECTION('',(9.003579064464E-1,-2.242120797313E-1,-3.729404558399E-1));
#2434=AXIS2_PLACEMENT_3D('',#2431,#2432,#2433);
#2435=SPHERICAL_SURFACE('',#2434,1.27E-1);
#2437=ORIENTED_EDGE('',*,*,#2436,.T.);
#2438=ORIENTED_EDGE('',*,*,#2346,.T.);
#2439=ORIENTED_EDGE('',*,*,#2425,.T.);
#2440=EDGE_LOOP('',(#2437,#2438,#2439));
#2441=FACE_OUTER_BOUND('',#2440,.F.);
#2443=CARTESIAN_POINT('',(1.136497674084E1,-6.365E-1,-1.179824976179E1));
#2444=DIRECTION('',(-7.071067811865E-1,0.E0,-7.071067811865E-1));
#2445=DIRECTION('',(6.916548014802E-1,-2.079116908178E-1,-6.916548014802E-1));
#2446=AXIS2_PLACEMENT_3D('',#2443,#2444,#2445);
#2447=CYLINDRICAL_SURFACE('',#2446,1.27E-1);
#2448=ORIENTED_EDGE('',*,*,#1859,.F.);
#2450=ORIENTED_EDGE('',*,*,#2449,.F.);
#2451=ORIENTED_EDGE('',*,*,#2129,.T.);
#2452=ORIENTED_EDGE('',*,*,#2436,.F.);
#2453=EDGE_LOOP('',(#2448,#2450,#2451,#2452));
#2454=FACE_OUTER_BOUND('',#2453,.F.);
#2456=CARTESIAN_POINT('',(1.140136132634E1,-6.365E-1,-1.176186517628E1));
#2457=DIRECTION('',(-9.238795325113E-1,0.E0,-3.826834323651E-1));
#2458=DIRECTION('',(3.729404558399E-1,-2.242120797313E-1,-9.003579064464E-1));
#2459=AXIS2_PLACEMENT_3D('',#2456,#2457,#2458);
#2460=SPHERICAL_SURFACE('',#2459,1.27E-1);
#2462=ORIENTED_EDGE('',*,*,#2461,.T.);
#2463=ORIENTED_EDGE('',*,*,#2449,.T.);
#2464=ORIENTED_EDGE('',*,*,#1875,.T.);
#2465=EDGE_LOOP('',(#2462,#2463,#2464));
#2466=FACE_OUTER_BOUND('',#2465,.F.);
#2468=CARTESIAN_POINT('',(-1.145281690063E1,-6.365E-1,-1.176186517628E1));
#2469=DIRECTION('',(1.E0,0.E0,0.E0));
#2470=DIRECTION('',(0.E0,-1.E0,0.E0));
#2471=AXIS2_PLACEMENT_3D('',#2468,#2469,#2470);
#2472=CYLINDRICAL_SURFACE('',#2471,1.27E-1);
#2473=ORIENTED_EDGE('',*,*,#2131,.T.);
#2474=ORIENTED_EDGE('',*,*,#2461,.F.);
#2476=ORIENTED_EDGE('',*,*,#2475,.F.);
#2478=ORIENTED_EDGE('',*,*,#2477,.F.);
#2479=EDGE_LOOP('',(#2473,#2474,#2476,#2478));
#2480=FACE_OUTER_BOUND('',#2479,.F.);
#2482=CARTESIAN_POINT('',(1.2E1,-1.27E-1,-1.2E1));
#2483=DIRECTION('',(0.E0,-2.079116908178E-1,-9.781476007338E-1));
#2484=DIRECTION('',(-1.E0,0.E0,0.E0));
#2485=AXIS2_PLACEMENT_3D('',#2482,#2483,#2484);
#2486=PLANE('',#2485);
#2488=ORIENTED_EDGE('',*,*,#2487,.T.);
#2490=ORIENTED_EDGE('',*,*,#2489,.F.);
#2491=ORIENTED_EDGE('',*,*,#2475,.T.);
#2492=ORIENTED_EDGE('',*,*,#1873,.T.);
#2493=EDGE_LOOP('',(#2488,#2490,#2491,#2492));
#2494=FACE_OUTER_BOUND('',#2493,.F.);
#2496=CARTESIAN_POINT('',(1.2E1,0.E0,-1.2E1));
#2497=DIRECTION('',(0.E0,0.E0,-1.E0));
#2498=DIRECTION('',(-1.E0,0.E0,0.E0));
#2499=AXIS2_PLACEMENT_3D('',#2496,#2497,#2498);
#2500=PLANE('',#2499);
#2501=ORIENTED_EDGE('',*,*,#2487,.F.);
#2502=ORIENTED_EDGE('',*,*,#1890,.T.);
#2504=ORIENTED_EDGE('',*,*,#2503,.T.);
#2506=ORIENTED_EDGE('',*,*,#2505,.F.);
#2507=EDGE_LOOP('',(#2501,#2502,#2504,#2506));
#2508=FACE_OUTER_BOUND('',#2507,.F.);
#2510=CARTESIAN_POINT('',(1.2E1,0.E0,-1.2E1));
#2511=DIRECTION('',(0.E0,2.079116908178E-1,-9.781476007338E-1));
#2512=DIRECTION('',(-1.E0,0.E0,0.E0));
#2513=AXIS2_PLACEMENT_3D('',#2510,#2511,#2512);
#2514=PLANE('',#2513);
#2515=ORIENTED_EDGE('',*,*,#2503,.F.);
#2516=ORIENTED_EDGE('',*,*,#1904,.T.);
#2517=ORIENTED_EDGE('',*,*,#1929,.T.);
#2519=ORIENTED_EDGE('',*,*,#2518,.F.);
#2520=EDGE_LOOP('',(#2515,#2516,#2517,#2519));
#2521=FACE_OUTER_BOUND('',#2520,.F.);
#2523=CARTESIAN_POINT('',(-1.144854442572E1,-2.640478473386E-2,
-1.187577525471E1));
#2524=DIRECTION('',(-8.580224824930E-2,-9.745403754091E-1,-2.071449514056E-1));
#2525=DIRECTION('',(-6.916548014802E-1,2.079116908178E-1,-6.916548014802E-1));
#2526=AXIS2_PLACEMENT_3D('',#2523,#2524,#2525);
#2527=CYLINDRICAL_SURFACE('',#2526,1.27E-1);
#2529=ORIENTED_EDGE('',*,*,#2528,.T.);
#2530=ORIENTED_EDGE('',*,*,#2518,.T.);
#2531=ORIENTED_EDGE('',*,*,#1943,.F.);
#2532=ORIENTED_EDGE('',*,*,#1969,.F.);
#2533=EDGE_LOOP('',(#2529,#2530,#2531,#2532));
#2534=FACE_OUTER_BOUND('',#2533,.F.);
#2536=CARTESIAN_POINT('',(-1.144739487758E1,-1.27E-1,-1.1873E1));
#2537=DIRECTION('',(0.E0,-1.E0,0.E0));
#2538=DIRECTION('',(-7.071067811865E-1,0.E0,-7.071067811866E-1));
#2539=AXIS2_PLACEMENT_3D('',#2536,#2537,#2538);
#2540=CYLINDRICAL_SURFACE('',#2539,1.27E-1);
#2542=ORIENTED_EDGE('',*,*,#2541,.T.);
#2543=ORIENTED_EDGE('',*,*,#2505,.T.);
#2544=ORIENTED_EDGE('',*,*,#2528,.F.);
#2545=ORIENTED_EDGE('',*,*,#1984,.F.);
#2546=EDGE_LOOP('',(#2542,#2543,#2544,#2545));
#2547=FACE_OUTER_BOUND('',#2546,.F.);
#2549=CARTESIAN_POINT('',(-1.140136132634E1,-6.365E-1,-1.176186517628E1));
#2550=DIRECTION('',(8.580224824930E-2,-9.745403754091E-1,2.071449514056E-1));
#2551=DIRECTION('',(-6.916548014802E-1,-2.079116908178E-1,-6.916548014802E-1));
#2552=AXIS2_PLACEMENT_3D('',#2549,#2550,#2551);
#2553=CYLINDRICAL_SURFACE('',#2552,1.27E-1);
#2554=ORIENTED_EDGE('',*,*,#2541,.F.);
#2555=ORIENTED_EDGE('',*,*,#2002,.F.);
#2557=ORIENTED_EDGE('',*,*,#2556,.F.);
#2558=ORIENTED_EDGE('',*,*,#2489,.T.);
#2559=EDGE_LOOP('',(#2554,#2555,#2557,#2558));
#2560=FACE_OUTER_BOUND('',#2559,.F.);
#2562=CARTESIAN_POINT('',(-1.140136132634E1,-6.365E-1,-1.176186517628E1));
#2563=DIRECTION('',(-9.238795325113E-1,0.E0,3.826834323651E-1));
#2564=DIRECTION('',(-3.729404558399E-1,-2.242120797313E-1,-9.003579064464E-1));
#2565=AXIS2_PLACEMENT_3D('',#2562,#2563,#2564);
#2566=SPHERICAL_SURFACE('',#2565,1.27E-1);
#2568=ORIENTED_EDGE('',*,*,#2567,.T.);
#2569=ORIENTED_EDGE('',*,*,#2477,.T.);
#2570=ORIENTED_EDGE('',*,*,#2556,.T.);
#2571=EDGE_LOOP('',(#2568,#2569,#2570));
#2572=FACE_OUTER_BOUND('',#2571,.F.);
#2574=CARTESIAN_POINT('',(-1.179824976179E1,-6.365E-1,-1.136497674084E1));
#2575=DIRECTION('',(-7.071067811865E-1,0.E0,7.071067811865E-1));
#2576=DIRECTION('',(-6.916548014802E-1,-2.079116908178E-1,-6.916548014802E-1));
#2577=AXIS2_PLACEMENT_3D('',#2574,#2575,#2576);
#2578=CYLINDRICAL_SURFACE('',#2577,1.27E-1);
#2579=ORIENTED_EDGE('',*,*,#2000,.F.);
#2581=ORIENTED_EDGE('',*,*,#2580,.F.);
#2582=ORIENTED_EDGE('',*,*,#2133,.T.);
#2583=ORIENTED_EDGE('',*,*,#2567,.F.);
#2584=EDGE_LOOP('',(#2579,#2581,#2582,#2583));
#2585=FACE_OUTER_BOUND('',#2584,.F.);
#2587=CARTESIAN_POINT('',(-1.176186517628E1,-6.365E-1,-1.140136132634E1));
#2588=DIRECTION('',(-3.826834323651E-1,0.E0,9.238795325113E-1));
#2589=DIRECTION('',(-9.003579064464E-1,-2.242120797313E-1,-3.729404558399E-1));
#2590=AXIS2_PLACEMENT_3D('',#2587,#2588,#2589);
#2591=SPHERICAL_SURFACE('',#2590,1.27E-1);
#2592=ORIENTED_EDGE('',*,*,#2107,.T.);
#2593=ORIENTED_EDGE('',*,*,#2580,.T.);
#2594=ORIENTED_EDGE('',*,*,#2016,.T.);
#2595=EDGE_LOOP('',(#2592,#2593,#2594));
#2596=FACE_OUTER_BOUND('',#2595,.F.);
#2598=CARTESIAN_POINT('',(-1.176186517628E1,-6.365E-1,1.139442870266E1));
#2599=DIRECTION('',(-7.771459614570E-1,6.293203910498E-1,-1.111283054425E-14));
#2600=DIRECTION('',(-6.293203910498E-1,-7.771459614570E-1,0.E0));
#2601=AXIS2_PLACEMENT_3D('',#2598,#2599,#2600);
#2602=SPHERICAL_SURFACE('',#2601,1.27E-1);
#2603=ORIENTED_EDGE('',*,*,#1563,.T.);
#2604=ORIENTED_EDGE('',*,*,#2147,.T.);
#2605=ORIENTED_EDGE('',*,*,#2110,.T.);
#2606=EDGE_LOOP('',(#2603,#2604,#2605));
#2607=FACE_OUTER_BOUND('',#2606,.F.);
#2609=CARTESIAN_POINT('',(-1.1E1,6.365E-1,-1.1E1));
#2610=DIRECTION('',(0.E0,1.E0,0.E0));
#2611=DIRECTION('',(1.E0,0.E0,0.E0));
#2612=AXIS2_PLACEMENT_3D('',#2609,#2610,#2611);
#2613=CYLINDRICAL_SURFACE('',#2612,2.5E-1);
#2614=ORIENTED_EDGE('',*,*,#1490,.F.);
#2616=ORIENTED_EDGE('',*,*,#2615,.T.);
#2618=ORIENTED_EDGE('',*,*,#2617,.T.);
#2620=ORIENTED_EDGE('',*,*,#2619,.F.);
#2621=EDGE_LOOP('',(#2614,#2616,#2618,#2620));
#2622=FACE_OUTER_BOUND('',#2621,.F.);
#2624=CARTESIAN_POINT('',(-1.1E1,6.365E-1,-1.1E1));
#2625=DIRECTION('',(0.E0,1.E0,0.E0));
#2626=DIRECTION('',(1.E0,0.E0,0.E0));
#2627=AXIS2_PLACEMENT_3D('',#2624,#2625,#2626);
#2628=CYLINDRICAL_SURFACE('',#2627,2.5E-1);
#2629=ORIENTED_EDGE('',*,*,#1492,.F.);
#2630=ORIENTED_EDGE('',*,*,#2619,.T.);
#2632=ORIENTED_EDGE('',*,*,#2631,.T.);
#2633=ORIENTED_EDGE('',*,*,#2615,.F.);
#2634=EDGE_LOOP('',(#2629,#2630,#2632,#2633));
#2635=FACE_OUTER_BOUND('',#2634,.F.);
#2637=CARTESIAN_POINT('',(0.E0,5.865E-1,0.E0));
#2638=DIRECTION('',(0.E0,1.E0,0.E0));
#2639=DIRECTION('',(1.E0,0.E0,0.E0));
#2640=AXIS2_PLACEMENT_3D('',#2637,#2638,#2639);
#2641=PLANE('',#2640);
#2642=ORIENTED_EDGE('',*,*,#2617,.F.);
#2643=ORIENTED_EDGE('',*,*,#2631,.F.);
#2644=EDGE_LOOP('',(#2642,#2643));
#2645=FACE_OUTER_BOUND('',#2644,.F.);
#2647=CLOSED_SHELL('',(#1496,#1511,#1524,#1539,#1554,#1569,#1584,#1598,#1612,
#1625,#1638,#1652,#1665,#1679,#1694,#1709,#1724,#1739,#1753,#1767,#1779,#1793,
#1806,#1820,#1835,#1850,#1865,#1880,#1894,#1908,#1920,#1934,#1947,#1961,#1976,
#1991,#2006,#2021,#2035,#2049,#2060,#2073,#2086,#2099,#2114,#2137,#2151,#2164,
#2178,#2193,#2208,#2222,#2234,#2247,#2260,#2273,#2286,#2299,#2311,#2324,#2336,
#2350,#2364,#2378,#2391,#2404,#2417,#2430,#2442,#2455,#2467,#2481,#2495,#2509,
#2522,#2535,#2548,#2561,#2573,#2586,#2597,#2608,#2623,#2636,#2646));
#2648=MANIFOLD_SOLID_BREP('',#2647);
#2649=FILL_AREA_STYLE_COLOUR('',#6);
#2650=FILL_AREA_STYLE('',(#2649));
#2651=SURFACE_STYLE_FILL_AREA(#2650);
#2652=SURFACE_SIDE_STYLE('',(#2651));
#2653=SURFACE_STYLE_USAGE(.BOTH.,#2652);
#2654=PRESENTATION_STYLE_ASSIGNMENT((#2653));
#27=STYLED_ITEM('',(#2654),#2648);
#2657=PLANE_ANGLE_MEASURE_WITH_UNIT(PLANE_ANGLE_MEASURE(1.745329251994E-2),
#2656);
#2658=(CONVERSION_BASED_UNIT('DEGREE',#2657)NAMED_UNIT(*)PLANE_ANGLE_UNIT());
#2660=UNCERTAINTY_MEASURE_WITH_UNIT(LENGTH_MEASURE(3.396955374998E-3),#2655,
'distance_accuracy_value',
'Maximum model space distance between geometric entities at asserted connectivities');
#2662=CARTESIAN_POINT('',(0.E0,0.E0,0.E0));
#2663=DIRECTION('',(0.E0,0.E0,1.E0));
#2664=DIRECTION('',(1.E0,0.E0,0.E0));
#2667=APPLICATION_CONTEXT('automotive_design');
#2668=APPLICATION_PROTOCOL_DEFINITION('international standard',
'automotive_design',2001,#2667);
#2669=PRODUCT_DEFINITION_CONTEXT('part definition',#2667,'design');
#2670=PRODUCT_CONTEXT('',#2667,'mechanical');
#2671=PRODUCT('BODY-QFP','BODY-QFP','NOT SPECIFIED',(#2670));
#2672=PRODUCT_DEFINITION_FORMATION('14','LAST_VERSION',#2671);
#2680=DERIVED_UNIT_ELEMENT(#2679,2.E0);
#2681=DERIVED_UNIT((#2680));
#2682=MEASURE_REPRESENTATION_ITEM('surface area measure',AREA_MEASURE(
1.254183484390E3),#2681);
#2687=DERIVED_UNIT_ELEMENT(#2686,3.E0);
#2688=DERIVED_UNIT((#2687));
#2689=MEASURE_REPRESENTATION_ITEM('volume measure',VOLUME_MEASURE(
7.971551776805E2),#2688);
#2693=CARTESIAN_POINT('centre point',(1.328903395347E-4,-6.350562924734E-2,
1.374416739310E-4));
#2698=DERIVED_UNIT_ELEMENT(#2697,2.E0);
#2699=DERIVED_UNIT((#2698));
#2700=MEASURE_REPRESENTATION_ITEM('surface area measure',AREA_MEASURE(
1.254183484390E3),#2699);
#2705=DERIVED_UNIT_ELEMENT(#2704,3.E0);
#2706=DERIVED_UNIT((#2705));
#2707=MEASURE_REPRESENTATION_ITEM('volume measure',VOLUME_MEASURE(
7.971551776805E2),#2706);
#2711=CARTESIAN_POINT('centre point',(1.328903395347E-4,-6.350562924734E-2,
1.374416739310E-4));
#2721=CARTESIAN_POINT('centre point',(1.328903395347E-4,-1.374416739310E-4,
7.999943707527E-1));
#2725=CARTESIAN_POINT('',(0.E0,0.E0,8.635E-1));
#2726=DIRECTION('',(0.E0,-1.E0,0.E0));
#2727=DIRECTION('',(1.E0,0.E0,0.E0));
#2728=AXIS2_PLACEMENT_3D('',#2725,#2726,#2727);
#2729=ITEM_DEFINED_TRANSFORMATION('','',#2665,#2728);
#2730=(REPRESENTATION_RELATIONSHIP('','',#2666,#2718)REPRESENTATION_RELATIONSHIP_WITH_TRANSFORMATION(#2729)SHAPE_REPRESENTATION_RELATIONSHIP());
#2731=CONTEXT_DEPENDENT_SHAPE_REPRESENTATION(#2730,#2720);
#2733=DIRECTION('',(0.E0,0.E0,-1.E0));
#2734=VECTOR('',#2733,2.841302712732E-1);
#2735=CARTESIAN_POINT('',(-1.1E-1,4.865E-1,-1.158697287268E-1));
#2736=LINE('',#2735,#2734);
#2737=CURVE_STYLE('',#33,POSITIVE_LENGTH_MEASURE(2.E-2),#26);
#2738=PRESENTATION_STYLE_ASSIGNMENT((#2737));
#2739=STYLED_ITEM('',(#2738),#2736);
#2740=DIRECTION('',(0.E0,1.E0,0.E0));
#2741=VECTOR('',#2740,1.27E-1);
#2742=CARTESIAN_POINT('',(-1.1E-1,4.865E-1,-4.E-1));
#2743=LINE('',#2742,#2741);
#2744=CURVE_STYLE('',#33,POSITIVE_LENGTH_MEASURE(2.E-2),#26);
#2745=PRESENTATION_STYLE_ASSIGNMENT((#2744));
#2746=STYLED_ITEM('',(#2745),#2743);
#2747=DIRECTION('',(0.E0,0.E0,1.E0));
#2748=VECTOR('',#2747,2.841302712732E-1);
#2749=CARTESIAN_POINT('',(-1.1E-1,6.135E-1,-4.E-1));
#2750=LINE('',#2749,#2748);
#2751=CURVE_STYLE('',#33,POSITIVE_LENGTH_MEASURE(2.E-2),#26);
#2752=PRESENTATION_STYLE_ASSIGNMENT((#2751));
#2753=STYLED_ITEM('',(#2752),#2750);
#2754=DIRECTION('',(0.E0,-1.218693434051E-1,9.925461516413E-1));
#2755=VECTOR('',#2754,4.211691598061E-1);
#2756=CARTESIAN_POINT('',(-1.1E-1,-7.261902977349E-2,1.974475778569E-1));
#2757=LINE('',#2756,#2755);
#2758=CURVE_STYLE('',#33,POSITIVE_LENGTH_MEASURE(2.E-2),#26);
#2759=PRESENTATION_STYLE_ASSIGNMENT((#2758));
#2760=STYLED_ITEM('',(#2759),#2757);
#2761=DIRECTION('',(0.E0,-9.925461516413E-1,-1.218693434051E-1));
#2762=VECTOR('',#2761,1.27E-1);
#2763=CARTESIAN_POINT('',(-1.1E-1,-1.239466387416E-1,6.154774066125E-1));
#2764=LINE('',#2763,#2762);
#2765=CURVE_STYLE('',#33,POSITIVE_LENGTH_MEASURE(2.E-2),#26);
#2766=PRESENTATION_STYLE_ASSIGNMENT((#2765));
#2767=STYLED_ITEM('',(#2766),#2764);
#2768=DIRECTION('',(0.E0,1.218693434051E-1,-9.925461516413E-1));
#2769=VECTOR('',#2768,4.211691598061E-1);
#2770=CARTESIAN_POINT('',(-1.1E-1,-2.5E-1,6.E-1));
#2771=LINE('',#2770,#2769);
#2772=CURVE_STYLE('',#33,POSITIVE_LENGTH_MEASURE(2.E-2),#26);
#2773=PRESENTATION_STYLE_ASSIGNMENT((#2772));
#2774=STYLED_ITEM('',(#2773),#2771);
#2775=DIRECTION('',(0.E0,9.961946980917E-1,-8.715574274766E-2));
#2776=VECTOR('',#2775,4.263514317275E-1);
#2777=CARTESIAN_POINT('',(1.1E-1,-1.125657639094E-2,9.848228243212E-4));
#2778=LINE('',#2777,#2776);
#2779=CURVE_STYLE('',#33,POSITIVE_LENGTH_MEASURE(2.E-2),#26);
#2780=PRESENTATION_STYLE_ASSIGNMENT((#2779));
#2781=STYLED_ITEM('',(#2780),#2778);
#2782=DIRECTION('',(0.E0,-9.961946980917E-1,8.715574274766E-2));
#2783=VECTOR('',#2782,4.263514317275E-1);
#2784=CARTESIAN_POINT('',(-1.1E-1,4.134724594198E-1,-3.617415287942E-2));
#2785=LINE('',#2784,#2783);
#2786=CURVE_STYLE('',#33,POSITIVE_LENGTH_MEASURE(2.E-2),#26);
#2787=PRESENTATION_STYLE_ASSIGNMENT((#2786));
#2788=STYLED_ITEM('',(#2787),#2785);
#2789=DIRECTION('',(0.E0,0.E0,1.E0));
#2790=VECTOR('',#2789,2.841302712732E-1);
#2791=CARTESIAN_POINT('',(1.1E-1,6.135E-1,-4.E-1));
#2792=LINE('',#2791,#2790);
#2793=CURVE_STYLE('',#33,POSITIVE_LENGTH_MEASURE(2.E-2),#26);
#2794=PRESENTATION_STYLE_ASSIGNMENT((#2793));
#2795=STYLED_ITEM('',(#2794),#2792);
#2796=DIRECTION('',(0.E0,1.E0,0.E0));
#2797=VECTOR('',#2796,1.27E-1);
#2798=CARTESIAN_POINT('',(1.1E-1,4.865E-1,-4.E-1));
#2799=LINE('',#2798,#2797);
#2800=CURVE_STYLE('',#33,POSITIVE_LENGTH_MEASURE(2.E-2),#26);
#2801=PRESENTATION_STYLE_ASSIGNMENT((#2800));
#2802=STYLED_ITEM('',(#2801),#2799);
#2803=DIRECTION('',(0.E0,0.E0,-1.E0));
#2804=VECTOR('',#2803,2.841302712732E-1);
#2805=CARTESIAN_POINT('',(1.1E-1,4.865E-1,-1.158697287268E-1));
#2806=LINE('',#2805,#2804);
#2807=CURVE_STYLE('',#33,POSITIVE_LENGTH_MEASURE(2.E-2),#26);
#2808=PRESENTATION_STYLE_ASSIGNMENT((#2807));
#2809=STYLED_ITEM('',(#2808),#2806);
#2810=DIRECTION('',(0.E0,1.218693434051E-1,-9.925461516413E-1));
#2811=VECTOR('',#2810,4.211691598061E-1);
#2812=CARTESIAN_POINT('',(1.1E-1,-2.5E-1,6.E-1));
#2813=LINE('',#2812,#2811);
#2814=CURVE_STYLE('',#33,POSITIVE_LENGTH_MEASURE(2.E-2),#26);
#2815=PRESENTATION_STYLE_ASSIGNMENT((#2814));
#2816=STYLED_ITEM('',(#2815),#2813);
#2817=DIRECTION('',(0.E0,-9.925461516413E-1,-1.218693434051E-1));
#2818=VECTOR('',#2817,1.27E-1);
#2819=CARTESIAN_POINT('',(1.1E-1,-1.239466387416E-1,6.154774066125E-1));
#2820=LINE('',#2819,#2818);
#2821=CURVE_STYLE('',#33,POSITIVE_LENGTH_MEASURE(2.E-2),#26);
#2822=PRESENTATION_STYLE_ASSIGNMENT((#2821));
#2823=STYLED_ITEM('',(#2822),#2820);
#2824=DIRECTION('',(0.E0,-1.218693434051E-1,9.925461516413E-1));
#2825=VECTOR('',#2824,4.211691598061E-1);
#2826=CARTESIAN_POINT('',(1.1E-1,-7.261902977349E-2,1.974475778569E-1));
#2827=LINE('',#2826,#2825);
#2828=CURVE_STYLE('',#33,POSITIVE_LENGTH_MEASURE(2.E-2),#26);
#2829=PRESENTATION_STYLE_ASSIGNMENT((#2828));
#2830=STYLED_ITEM('',(#2829),#2827);
#2831=DIRECTION('',(0.E0,9.961946980917E-1,-8.715574274766E-2));
#2832=VECTOR('',#2831,4.263514317275E-1);
#2833=CARTESIAN_POINT('',(-1.1E-1,-1.877970619921E-4,1.275015494820E-1));
#2834=LINE('',#2833,#2832);
#2835=CURVE_STYLE('',#33,POSITIVE_LENGTH_MEASURE(2.E-2),#26);
#2836=PRESENTATION_STYLE_ASSIGNMENT((#2835));
#2837=STYLED_ITEM('',(#2836),#2834);
#2838=DIRECTION('',(0.E0,-9.961946980917E-1,8.715574274766E-2));
#2839=VECTOR('',#2838,4.263514317275E-1);
#2840=CARTESIAN_POINT('',(1.1E-1,4.245412387488E-1,9.034257377824E-2));
#2841=LINE('',#2840,#2839);
#2842=CURVE_STYLE('',#33,POSITIVE_LENGTH_MEASURE(2.E-2),#26);
#2843=PRESENTATION_STYLE_ASSIGNMENT((#2842));
#2844=STYLED_ITEM('',(#2843),#2841);
#2845=DIRECTION('',(1.E0,0.E0,0.E0));
#2846=VECTOR('',#2845,2.2E-1);
#2847=CARTESIAN_POINT('',(-1.1E-1,4.245412387488E-1,9.034257377824E-2));
#2848=LINE('',#2847,#2846);
#2849=CURVE_STYLE('',#33,POSITIVE_LENGTH_MEASURE(2.E-2),#26);
#2850=PRESENTATION_STYLE_ASSIGNMENT((#2849));
#2851=STYLED_ITEM('',(#2850),#2848);
#2852=CARTESIAN_POINT('',(-1.1E-1,4.065E-1,-1.158697287268E-1));
#2853=DIRECTION('',(-1.E0,0.E0,0.E0));
#2854=DIRECTION('',(0.E0,8.715574274766E-2,9.961946980917E-1));
#2855=AXIS2_PLACEMENT_3D('',#2852,#2853,#2854);
#2857=CURVE_STYLE('',#33,POSITIVE_LENGTH_MEASURE(2.E-2),#26);
#2858=PRESENTATION_STYLE_ASSIGNMENT((#2857));
#2859=STYLED_ITEM('',(#2858),#2856);
#2860=DIRECTION('',(1.E0,0.E0,0.E0));
#2861=VECTOR('',#2860,2.2E-1);
#2862=CARTESIAN_POINT('',(-1.1E-1,6.135E-1,-1.158697287268E-1));
#2863=LINE('',#2862,#2861);
#2864=CURVE_STYLE('',#33,POSITIVE_LENGTH_MEASURE(2.E-2),#26);
#2865=PRESENTATION_STYLE_ASSIGNMENT((#2864));
#2866=STYLED_ITEM('',(#2865),#2863);
#2867=CARTESIAN_POINT('',(1.1E-1,4.065E-1,-1.158697287268E-1));
#2868=DIRECTION('',(-1.E0,0.E0,0.E0));
#2869=DIRECTION('',(0.E0,8.715574274766E-2,9.961946980917E-1));
#2870=AXIS2_PLACEMENT_3D('',#2867,#2868,#2869);
#2872=CURVE_STYLE('',#33,POSITIVE_LENGTH_MEASURE(2.E-2),#26);
#2873=PRESENTATION_STYLE_ASSIGNMENT((#2872));
#2874=STYLED_ITEM('',(#2873),#2871);
#2875=DIRECTION('',(1.E0,0.E0,0.E0));
#2876=VECTOR('',#2875,2.2E-1);
#2877=CARTESIAN_POINT('',(-1.1E-1,6.135E-1,-4.E-1));
#2878=LINE('',#2877,#2876);
#2879=CURVE_STYLE('',#33,POSITIVE_LENGTH_MEASURE(2.E-2),#26);
#2880=PRESENTATION_STYLE_ASSIGNMENT((#2879));
#2881=STYLED_ITEM('',(#2880),#2878);
#2882=DIRECTION('',(1.E0,0.E0,0.E0));
#2883=VECTOR('',#2882,2.2E-1);
#2884=CARTESIAN_POINT('',(-1.1E-1,4.865E-1,-4.E-1));
#2885=LINE('',#2884,#2883);
#2886=CURVE_STYLE('',#33,POSITIVE_LENGTH_MEASURE(2.E-2),#26);
#2887=PRESENTATION_STYLE_ASSIGNMENT((#2886));
#2888=STYLED_ITEM('',(#2887),#2885);
#2889=DIRECTION('',(1.E0,0.E0,0.E0));
#2890=VECTOR('',#2889,2.2E-1);
#2891=CARTESIAN_POINT('',(-1.1E-1,4.865E-1,-1.158697287268E-1));
#2892=LINE('',#2891,#2890);
#2893=CURVE_STYLE('',#33,POSITIVE_LENGTH_MEASURE(2.E-2),#26);
#2894=PRESENTATION_STYLE_ASSIGNMENT((#2893));
#2895=STYLED_ITEM('',(#2894),#2892);
#2896=CARTESIAN_POINT('',(-1.1E-1,4.065E-1,-1.158697287268E-1));
#2897=DIRECTION('',(1.E0,0.E0,0.E0));
#2898=DIRECTION('',(0.E0,1.E0,0.E0));
#2899=AXIS2_PLACEMENT_3D('',#2896,#2897,#2898);
#2901=CURVE_STYLE('',#33,POSITIVE_LENGTH_MEASURE(2.E-2),#26);
#2902=PRESENTATION_STYLE_ASSIGNMENT((#2901));
#2903=STYLED_ITEM('',(#2902),#2900);
#2904=DIRECTION('',(1.E0,0.E0,0.E0));
#2905=VECTOR('',#2904,2.2E-1);
#2906=CARTESIAN_POINT('',(-1.1E-1,4.134724594198E-1,-3.617415287942E-2));
#2907=LINE('',#2906,#2905);
#2908=CURVE_STYLE('',#33,POSITIVE_LENGTH_MEASURE(2.E-2),#26);
#2909=PRESENTATION_STYLE_ASSIGNMENT((#2908));
#2910=STYLED_ITEM('',(#2909),#2907);
#2911=CARTESIAN_POINT('',(1.1E-1,4.065E-1,-1.158697287268E-1));
#2912=DIRECTION('',(1.E0,0.E0,0.E0));
#2913=DIRECTION('',(0.E0,1.E0,0.E0));
#2914=AXIS2_PLACEMENT_3D('',#2911,#2912,#2913);
#2916=CURVE_STYLE('',#33,POSITIVE_LENGTH_MEASURE(2.E-2),#26);
#2917=PRESENTATION_STYLE_ASSIGNMENT((#2916));
#2918=STYLED_ITEM('',(#2917),#2915);
#2919=DIRECTION('',(1.E0,0.E0,0.E0));
#2920=VECTOR('',#2919,2.2E-1);
#2921=CARTESIAN_POINT('',(-1.1E-1,-7.261902977349E-2,1.974475778569E-1));
#2922=LINE('',#2921,#2920);
#2923=CURVE_STYLE('',#33,POSITIVE_LENGTH_MEASURE(2.E-2),#26);
#2924=PRESENTATION_STYLE_ASSIGNMENT((#2923));
#2925=STYLED_ITEM('',(#2924),#2922);
#2926=CARTESIAN_POINT('',(-1.1E-1,6.784662357821E-3,2.071971253293E-1));
#2927=DIRECTION('',(1.E0,0.E0,0.E0));
#2928=DIRECTION('',(0.E0,-9.925461516413E-1,-1.218693434051E-1));
#2929=AXIS2_PLACEMENT_3D('',#2926,#2927,#2928);
#2931=CURVE_STYLE('',#33,POSITIVE_LENGTH_MEASURE(2.E-2),#26);
#2932=PRESENTATION_STYLE_ASSIGNMENT((#2931));
#2933=STYLED_ITEM('',(#2932),#2930);
#2934=DIRECTION('',(1.E0,0.E0,0.E0));
#2935=VECTOR('',#2934,2.2E-1);
#2936=CARTESIAN_POINT('',(-1.1E-1,-1.877970619921E-4,1.275015494820E-1));
#2937=LINE('',#2936,#2935);
#2938=CURVE_STYLE('',#33,POSITIVE_LENGTH_MEASURE(2.E-2),#26);
#2939=PRESENTATION_STYLE_ASSIGNMENT((#2938));
#2940=STYLED_ITEM('',(#2939),#2937);
#2941=CARTESIAN_POINT('',(1.1E-1,6.784662357821E-3,2.071971253293E-1));
#2942=DIRECTION('',(1.E0,0.E0,0.E0));
#2943=DIRECTION('',(0.E0,-9.925461516413E-1,-1.218693434051E-1));
#2944=AXIS2_PLACEMENT_3D('',#2941,#2942,#2943);
#2946=CURVE_STYLE('',#33,POSITIVE_LENGTH_MEASURE(2.E-2),#26);
#2947=PRESENTATION_STYLE_ASSIGNMENT((#2946));
#2948=STYLED_ITEM('',(#2947),#2945);
#2949=DIRECTION('',(1.E0,0.E0,0.E0));
#2950=VECTOR('',#2949,2.2E-1);
#2951=CARTESIAN_POINT('',(-1.1E-1,-1.239466387416E-1,6.154774066125E-1));
#2952=LINE('',#2951,#2950);
#2953=CURVE_STYLE('',#33,POSITIVE_LENGTH_MEASURE(2.E-2),#26);
#2954=PRESENTATION_STYLE_ASSIGNMENT((#2953));
#2955=STYLED_ITEM('',(#2954),#2952);
#2956=DIRECTION('',(1.E0,0.E0,0.E0));
#2957=VECTOR('',#2956,2.2E-1);
#2958=CARTESIAN_POINT('',(-1.1E-1,-2.5E-1,6.E-1));
#2959=LINE('',#2958,#2957);
#2960=CURVE_STYLE('',#33,POSITIVE_LENGTH_MEASURE(2.E-2),#26);
#2961=PRESENTATION_STYLE_ASSIGNMENT((#2960));
#2962=STYLED_ITEM('',(#2961),#2959);
#2963=DIRECTION('',(1.E0,0.E0,0.E0));
#2964=VECTOR('',#2963,2.2E-1);
#2965=CARTESIAN_POINT('',(-1.1E-1,-1.125657639094E-2,9.848228243212E-4));
#2966=LINE('',#2965,#2964);
#2967=CURVE_STYLE('',#33,POSITIVE_LENGTH_MEASURE(2.E-2),#26);
#2968=PRESENTATION_STYLE_ASSIGNMENT((#2967));
#2969=STYLED_ITEM('',(#2968),#2966);
#2970=CARTESIAN_POINT('',(-1.1E-1,6.784662357821E-3,2.071971253293E-1));
#2971=DIRECTION('',(-1.E0,0.E0,0.E0));
#2972=DIRECTION('',(0.E0,-8.715574274766E-2,-9.961946980917E-1));
#2973=AXIS2_PLACEMENT_3D('',#2970,#2971,#2972);
#2975=CURVE_STYLE('',#33,POSITIVE_LENGTH_MEASURE(2.E-2),#26);
#2976=PRESENTATION_STYLE_ASSIGNMENT((#2975));
#2977=STYLED_ITEM('',(#2976),#2974);
#2978=DIRECTION('',(1.E0,0.E0,0.E0));
#2979=VECTOR('',#2978,2.2E-1);
#2980=CARTESIAN_POINT('',(-1.1E-1,-1.986723910319E-1,1.819701712444E-1));
#2981=LINE('',#2980,#2979);
#2982=CURVE_STYLE('',#33,POSITIVE_LENGTH_MEASURE(2.E-2),#26);
#2983=PRESENTATION_STYLE_ASSIGNMENT((#2982));
#2984=STYLED_ITEM('',(#2983),#2981);
#2985=CARTESIAN_POINT('',(1.1E-1,6.784662357821E-3,2.071971253293E-1));
#2986=DIRECTION('',(-1.E0,0.E0,0.E0));
#2987=DIRECTION('',(0.E0,-8.715574274766E-2,-9.961946980917E-1));
#2988=AXIS2_PLACEMENT_3D('',#2985,#2986,#2987);
#2990=CURVE_STYLE('',#33,POSITIVE_LENGTH_MEASURE(2.E-2),#26);
#2991=PRESENTATION_STYLE_ASSIGNMENT((#2990));
#2992=STYLED_ITEM('',(#2991),#2989);
#2993=CARTESIAN_POINT('',(-1.1E-1,-1.239466387416E-1,6.154774066125E-1));
#2994=CARTESIAN_POINT('',(-1.1E-1,-2.5E-1,6.E-1));
#2995=VERTEX_POINT('',#2993);
#2996=VERTEX_POINT('',#2994);
#2997=CARTESIAN_POINT('',(1.1E-1,-1.239466387416E-1,6.154774066125E-1));
#2998=CARTESIAN_POINT('',(1.1E-1,-2.5E-1,6.E-1));
#2999=VERTEX_POINT('',#2997);
#3000=VERTEX_POINT('',#2998);
#3001=CARTESIAN_POINT('',(-1.1E-1,4.865E-1,-4.E-1));
#3002=CARTESIAN_POINT('',(-1.1E-1,6.135E-1,-4.E-1));
#3003=VERTEX_POINT('',#3001);
#3004=VERTEX_POINT('',#3002);
#3005=CARTESIAN_POINT('',(1.1E-1,4.865E-1,-4.E-1));
#3006=CARTESIAN_POINT('',(1.1E-1,6.135E-1,-4.E-1));
#3007=VERTEX_POINT('',#3005);
#3008=VERTEX_POINT('',#3006);
#3009=CARTESIAN_POINT('',(-1.1E-1,4.865E-1,-1.158697287268E-1));
#3010=CARTESIAN_POINT('',(1.1E-1,4.865E-1,-1.158697287268E-1));
#3011=VERTEX_POINT('',#3009);
#3012=VERTEX_POINT('',#3010);
#3013=CARTESIAN_POINT('',(-1.1E-1,4.134724594198E-1,-3.617415287942E-2));
#3014=CARTESIAN_POINT('',(1.1E-1,4.134724594198E-1,-3.617415287942E-2));
#3015=VERTEX_POINT('',#3013);
#3016=VERTEX_POINT('',#3014);
#3017=CARTESIAN_POINT('',(-1.1E-1,4.245412387488E-1,9.034257377824E-2));
#3018=CARTESIAN_POINT('',(1.1E-1,4.245412387488E-1,9.034257377824E-2));
#3019=VERTEX_POINT('',#3017);
#3020=VERTEX_POINT('',#3018);
#3021=CARTESIAN_POINT('',(-1.1E-1,6.135E-1,-1.158697287268E-1));
#3022=CARTESIAN_POINT('',(1.1E-1,6.135E-1,-1.158697287268E-1));
#3023=VERTEX_POINT('',#3021);
#3024=VERTEX_POINT('',#3022);
#3025=CARTESIAN_POINT('',(-1.1E-1,-7.261902977349E-2,1.974475778569E-1));
#3026=CARTESIAN_POINT('',(1.1E-1,-7.261902977349E-2,1.974475778569E-1));
#3027=VERTEX_POINT('',#3025);
#3028=VERTEX_POINT('',#3026);
#3029=CARTESIAN_POINT('',(-1.1E-1,-1.877970619921E-4,1.275015494820E-1));
#3030=CARTESIAN_POINT('',(1.1E-1,-1.877970619921E-4,1.275015494820E-1));
#3031=VERTEX_POINT('',#3029);
#3032=VERTEX_POINT('',#3030);
#3033=CARTESIAN_POINT('',(-1.1E-1,-1.125657639094E-2,9.848228243212E-4));
#3034=CARTESIAN_POINT('',(1.1E-1,-1.125657639094E-2,9.848228243212E-4));
#3035=VERTEX_POINT('',#3033);
#3036=VERTEX_POINT('',#3034);
#3037=CARTESIAN_POINT('',(-1.1E-1,-1.986723910319E-1,1.819701712444E-1));
#3038=CARTESIAN_POINT('',(1.1E-1,-1.986723910319E-1,1.819701712444E-1));
#3039=VERTEX_POINT('',#3037);
#3040=VERTEX_POINT('',#3038);
#3041=CARTESIAN_POINT('',(-1.1E-1,0.E0,0.E0));
#3042=DIRECTION('',(1.E0,0.E0,0.E0));
#3043=DIRECTION('',(0.E0,0.E0,-1.E0));
#3044=AXIS2_PLACEMENT_3D('',#3041,#3042,#3043);
#3045=PLANE('',#3044);
#3047=ORIENTED_EDGE('',*,*,#3046,.F.);
#3049=ORIENTED_EDGE('',*,*,#3048,.F.);
#3051=ORIENTED_EDGE('',*,*,#3050,.T.);
#3053=ORIENTED_EDGE('',*,*,#3052,.T.);
#3055=ORIENTED_EDGE('',*,*,#3054,.T.);
#3057=ORIENTED_EDGE('',*,*,#3056,.F.);
#3059=ORIENTED_EDGE('',*,*,#3058,.F.);
#3061=ORIENTED_EDGE('',*,*,#3060,.F.);
#3063=ORIENTED_EDGE('',*,*,#3062,.T.);
#3065=ORIENTED_EDGE('',*,*,#3064,.T.);
#3067=ORIENTED_EDGE('',*,*,#3066,.T.);
#3069=ORIENTED_EDGE('',*,*,#3068,.F.);
#3070=EDGE_LOOP('',(#3047,#3049,#3051,#3053,#3055,#3057,#3059,#3061,#3063,#3065,
#3067,#3069));
#3071=FACE_OUTER_BOUND('',#3070,.F.);
#3073=CARTESIAN_POINT('',(-1.1E-1,-1.782440064079E-1,1.559432990213E-2));
#3074=DIRECTION('',(0.E0,-8.715574274766E-2,-9.961946980917E-1));
#3075=DIRECTION('',(0.E0,9.961946980917E-1,-8.715574274766E-2));
#3076=AXIS2_PLACEMENT_3D('',#3073,#3074,#3075);
#3077=PLANE('',#3076);
#3079=ORIENTED_EDGE('',*,*,#3078,.T.);
#3081=ORIENTED_EDGE('',*,*,#3080,.F.);
#3082=ORIENTED_EDGE('',*,*,#3046,.T.);
#3084=ORIENTED_EDGE('',*,*,#3083,.T.);
#3085=EDGE_LOOP('',(#3079,#3081,#3082,#3084));
#3086=FACE_OUTER_BOUND('',#3085,.F.);
#3088=CARTESIAN_POINT('',(1.1E-1,0.E0,0.E0));
#3089=DIRECTION('',(1.E0,0.E0,0.E0));
#3090=DIRECTION('',(0.E0,0.E0,-1.E0));
#3091=AXIS2_PLACEMENT_3D('',#3088,#3089,#3090);
#3092=PLANE('',#3091);
#3094=ORIENTED_EDGE('',*,*,#3093,.F.);
#3096=ORIENTED_EDGE('',*,*,#3095,.T.);
#3098=ORIENTED_EDGE('',*,*,#3097,.F.);
#3100=ORIENTED_EDGE('',*,*,#3099,.F.);
#3102=ORIENTED_EDGE('',*,*,#3101,.F.);
#3104=ORIENTED_EDGE('',*,*,#3103,.T.);
#3105=ORIENTED_EDGE('',*,*,#3078,.F.);
#3107=ORIENTED_EDGE('',*,*,#3106,.T.);
#3109=ORIENTED_EDGE('',*,*,#3108,.F.);
#3111=ORIENTED_EDGE('',*,*,#3110,.F.);
#3113=ORIENTED_EDGE('',*,*,#3112,.F.);
#3115=ORIENTED_EDGE('',*,*,#3114,.T.);
#3116=EDGE_LOOP('',(#3094,#3096,#3098,#3100,#3102,#3104,#3105,#3107,#3109,#3111,
#3113,#3115));
#3117=FACE_OUTER_BOUND('',#3116,.F.);
#3119=CARTESIAN_POINT('',(-1.1E-1,1.106877932895E-2,1.265167266577E-1));
#3120=DIRECTION('',(0.E0,8.715574274766E-2,9.961946980917E-1));
#3121=DIRECTION('',(0.E0,-9.961946980917E-1,8.715574274766E-2));
#3122=AXIS2_PLACEMENT_3D('',#3119,#3120,#3121);
#3123=PLANE('',#3122);
#3124=ORIENTED_EDGE('',*,*,#3058,.T.);
#3126=ORIENTED_EDGE('',*,*,#3125,.T.);
#3127=ORIENTED_EDGE('',*,*,#3093,.T.);
#3129=ORIENTED_EDGE('',*,*,#3128,.F.);
#3130=EDGE_LOOP('',(#3124,#3126,#3127,#3129));
#3131=FACE_OUTER_BOUND('',#3130,.F.);
#3133=CARTESIAN_POINT('',(-1.1E-1,4.065E-1,-1.158697287268E-1));
#3134=DIRECTION('',(-1.E0,0.E0,0.E0));
#3135=DIRECTION('',(0.E0,8.715574274766E-2,9.961946980917E-1));
#3136=AXIS2_PLACEMENT_3D('',#3133,#3134,#3135);
#3137=CYLINDRICAL_SURFACE('',#3136,2.07E-1);
#3138=ORIENTED_EDGE('',*,*,#3125,.F.);
#3139=ORIENTED_EDGE('',*,*,#3056,.T.);
#3141=ORIENTED_EDGE('',*,*,#3140,.T.);
#3142=ORIENTED_EDGE('',*,*,#3095,.F.);
#3143=EDGE_LOOP('',(#3138,#3139,#3141,#3142));
#3144=FACE_OUTER_BOUND('',#3143,.F.);
#3146=CARTESIAN_POINT('',(-1.1E-1,6.135E-1,-4.E-1));
#3147=DIRECTION('',(0.E0,1.E0,0.E0));
#3148=DIRECTION('',(0.E0,0.E0,1.E0));
#3149=AXIS2_PLACEMENT_3D('',#3146,#3147,#3148);
#3150=PLANE('',#3149);
#3151=ORIENTED_EDGE('',*,*,#3054,.F.);
#3153=ORIENTED_EDGE('',*,*,#3152,.T.);
#3154=ORIENTED_EDGE('',*,*,#3097,.T.);
#3155=ORIENTED_EDGE('',*,*,#3140,.F.);
#3156=EDGE_LOOP('',(#3151,#3153,#3154,#3155));
#3157=FACE_OUTER_BOUND('',#3156,.F.);
#3159=CARTESIAN_POINT('',(-1.1E-1,4.865E-1,-4.E-1));
#3160=DIRECTION('',(0.E0,0.E0,-1.E0));
#3161=DIRECTION('',(0.E0,1.E0,0.E0));
#3162=AXIS2_PLACEMENT_3D('',#3159,#3160,#3161);
#3163=PLANE('',#3162);
#3164=ORIENTED_EDGE('',*,*,#3052,.F.);
#3166=ORIENTED_EDGE('',*,*,#3165,.T.);
#3167=ORIENTED_EDGE('',*,*,#3099,.T.);
#3168=ORIENTED_EDGE('',*,*,#3152,.F.);
#3169=EDGE_LOOP('',(#3164,#3166,#3167,#3168));
#3170=FACE_OUTER_BOUND('',#3169,.F.);
#3172=CARTESIAN_POINT('',(-1.1E-1,4.865E-1,-4.256323480536E-2));
#3173=DIRECTION('',(0.E0,-1.E0,0.E0));
#3174=DIRECTION('',(0.E0,0.E0,-1.E0));
#3175=AXIS2_PLACEMENT_3D('',#3172,#3173,#3174);
#3176=PLANE('',#3175);
#3177=ORIENTED_EDGE('',*,*,#3050,.F.);
#3179=ORIENTED_EDGE('',*,*,#3178,.T.);
#3180=ORIENTED_EDGE('',*,*,#3101,.T.);
#3181=ORIENTED_EDGE('',*,*,#3165,.F.);
#3182=EDGE_LOOP('',(#3177,#3179,#3180,#3181));
#3183=FACE_OUTER_BOUND('',#3182,.F.);
#3185=CARTESIAN_POINT('',(-1.1E-1,4.065E-1,-1.158697287268E-1));
#3186=DIRECTION('',(1.E0,0.E0,0.E0));
#3187=DIRECTION('',(0.E0,1.E0,0.E0));
#3188=AXIS2_PLACEMENT_3D('',#3185,#3186,#3187);
#3189=CYLINDRICAL_SURFACE('',#3188,8.E-2);
#3190=ORIENTED_EDGE('',*,*,#3178,.F.);
#3191=ORIENTED_EDGE('',*,*,#3048,.T.);
#3192=ORIENTED_EDGE('',*,*,#3080,.T.);
#3193=ORIENTED_EDGE('',*,*,#3103,.F.);
#3194=EDGE_LOOP('',(#3190,#3191,#3192,#3193));
#3195=FACE_OUTER_BOUND('',#3194,.F.);
#3197=CARTESIAN_POINT('',(-1.1E-1,6.784662357821E-3,2.071971253293E-1));
#3198=DIRECTION('',(1.E0,0.E0,0.E0));
#3199=DIRECTION('',(0.E0,-9.925461516413E-1,-1.218693434051E-1));
#3200=AXIS2_PLACEMENT_3D('',#3197,#3198,#3199);
#3201=CYLINDRICAL_SURFACE('',#3200,8.E-2);
#3203=ORIENTED_EDGE('',*,*,#3202,.F.);
#3204=ORIENTED_EDGE('',*,*,#3060,.T.);
#3205=ORIENTED_EDGE('',*,*,#3128,.T.);
#3206=ORIENTED_EDGE('',*,*,#3114,.F.);
#3207=EDGE_LOOP('',(#3203,#3204,#3205,#3206));
#3208=FACE_OUTER_BOUND('',#3207,.F.);
#3210=CARTESIAN_POINT('',(-1.1E-1,-6.472400189945E-2,1.331477357922E-1));
#3211=DIRECTION('',(0.E0,9.925461516413E-1,1.218693434051E-1));
#3212=DIRECTION('',(0.E0,-1.218693434051E-1,9.925461516413E-1));
#3213=AXIS2_PLACEMENT_3D('',#3210,#3211,#3212);
#3214=PLANE('',#3213);
#3215=ORIENTED_EDGE('',*,*,#3062,.F.);
#3216=ORIENTED_EDGE('',*,*,#3202,.T.);
#3217=ORIENTED_EDGE('',*,*,#3112,.T.);
#3219=ORIENTED_EDGE('',*,*,#3218,.F.);
#3220=EDGE_LOOP('',(#3215,#3216,#3217,#3219));
#3221=FACE_OUTER_BOUND('',#3220,.F.);
#3223=CARTESIAN_POINT('',(-1.1E-1,-1.239466387416E-1,6.154774066125E-1));
#3224=DIRECTION('',(0.E0,-1.218693434051E-1,9.925461516413E-1));
#3225=DIRECTION('',(0.E0,-9.925461516413E-1,-1.218693434051E-1));
#3226=AXIS2_PLACEMENT_3D('',#3223,#3224,#3225);
#3227=PLANE('',#3226);
#3228=ORIENTED_EDGE('',*,*,#3064,.F.);
#3229=ORIENTED_EDGE('',*,*,#3218,.T.);
#3230=ORIENTED_EDGE('',*,*,#3110,.T.);
#3232=ORIENTED_EDGE('',*,*,#3231,.F.);
#3233=EDGE_LOOP('',(#3228,#3229,#3230,#3232));
#3234=FACE_OUTER_BOUND('',#3233,.F.);
#3236=CARTESIAN_POINT('',(-1.1E-1,-2.5E-1,6.E-1));
#3237=DIRECTION('',(0.E0,-9.925461516413E-1,-1.218693434051E-1));
#3238=DIRECTION('',(0.E0,1.218693434051E-1,-9.925461516413E-1));
#3239=AXIS2_PLACEMENT_3D('',#3236,#3237,#3238);
#3240=PLANE('',#3239);
#3241=ORIENTED_EDGE('',*,*,#3066,.F.);
#3242=ORIENTED_EDGE('',*,*,#3231,.T.);
#3243=ORIENTED_EDGE('',*,*,#3108,.T.);
#3245=ORIENTED_EDGE('',*,*,#3244,.F.);
#3246=EDGE_LOOP('',(#3241,#3242,#3243,#3245));
#3247=FACE_OUTER_BOUND('',#3246,.F.);
#3249=CARTESIAN_POINT('',(-1.1E-1,6.784662357821E-3,2.071971253293E-1));
#3250=DIRECTION('',(-1.E0,0.E0,0.E0));
#3251=DIRECTION('',(0.E0,-8.715574274766E-2,-9.961946980917E-1));
#3252=AXIS2_PLACEMENT_3D('',#3249,#3250,#3251);
#3253=CYLINDRICAL_SURFACE('',#3252,2.07E-1);
#3254=ORIENTED_EDGE('',*,*,#3083,.F.);
#3255=ORIENTED_EDGE('',*,*,#3068,.T.);
#3256=ORIENTED_EDGE('',*,*,#3244,.T.);
#3257=ORIENTED_EDGE('',*,*,#3106,.F.);
#3258=EDGE_LOOP('',(#3254,#3255,#3256,#3257));
#3259=FACE_OUTER_BOUND('',#3258,.F.);
#3261=CLOSED_SHELL('',(#3072,#3087,#3118,#3132,#3145,#3158,#3171,#3184,#3196,
#3209,#3222,#3235,#3248,#3260));
#3262=MANIFOLD_SOLID_BREP('',#3261);
#3263=FILL_AREA_STYLE_COLOUR('',#26);
#3264=FILL_AREA_STYLE('',(#3263));
#3265=SURFACE_STYLE_FILL_AREA(#3264);
#3266=SURFACE_SIDE_STYLE('',(#3265));
#3267=SURFACE_STYLE_USAGE(.BOTH.,#3266);
#3268=PRESENTATION_STYLE_ASSIGNMENT((#3267));
#2732=STYLED_ITEM('',(#3268),#3262);
#3271=PLANE_ANGLE_MEASURE_WITH_UNIT(PLANE_ANGLE_MEASURE(1.745329251994E-2),
#3270);
#3272=(CONVERSION_BASED_UNIT('DEGREE',#3271)NAMED_UNIT(*)PLANE_ANGLE_UNIT());
#3274=UNCERTAINTY_MEASURE_WITH_UNIT(LENGTH_MEASURE(1.350955438988E-4),#3269,
'distance_accuracy_value',
'Maximum model space distance between geometric entities at asserted connectivities');
#3276=CARTESIAN_POINT('',(0.E0,0.E0,0.E0));
#3277=DIRECTION('',(0.E0,0.E0,1.E0));
#3278=DIRECTION('',(1.E0,0.E0,0.E0));
#3281=PRODUCT_CONTEXT('',#2667,'mechanical');
#3282=PRODUCT('LEAD-QFP','LEAD-QFP','NOT SPECIFIED',(#3281));
#3283=PRODUCT_DEFINITION_FORMATION('8','LAST_VERSION',#3282);
#3291=DERIVED_UNIT_ELEMENT(#3290,2.E0);
#3292=DERIVED_UNIT((#3291));
#3293=MEASURE_REPRESENTATION_ITEM('surface area measure',AREA_MEASURE(
1.124565118453E0),#3292);
#3298=DERIVED_UNIT_ELEMENT(#3297,3.E0);
#3299=DERIVED_UNIT((#3298));
#3300=MEASURE_REPRESENTATION_ITEM('volume measure',VOLUME_MEASURE(
4.302458538837E-2),#3299);
#3304=CARTESIAN_POINT('centre point',(0.E0,1.733708932202E-1,
8.447680928572E-2));
#3309=DERIVED_UNIT_ELEMENT(#3308,2.E0);
#3310=DERIVED_UNIT((#3309));
#3311=MEASURE_REPRESENTATION_ITEM('surface area measure',AREA_MEASURE(
1.124565118453E0),#3310);
#3316=DERIVED_UNIT_ELEMENT(#3315,3.E0);
#3317=DERIVED_UNIT((#3316));
#3318=MEASURE_REPRESENTATION_ITEM('volume measure',VOLUME_MEASURE(
4.302458538837E-2),#3317);
#3322=CARTESIAN_POINT('centre point',(0.E0,1.733708932202E-1,
8.447680928572E-2));
#3329=CARTESIAN_POINT('centre point',(-1.248447680929E1,1.075E1,
4.233708932202E-1));
#3333=CARTESIAN_POINT('',(-1.24E1,1.075E1,2.5E-1));
#3334=DIRECTION('',(-1.E0,0.E0,0.E0));
#3335=DIRECTION('',(0.E0,-1.E0,0.E0));
#3336=AXIS2_PLACEMENT_3D('',#3333,#3334,#3335);
#3337=ITEM_DEFINED_TRANSFORMATION('','',#3279,#3336);
#3338=(REPRESENTATION_RELATIONSHIP('','',#3280,#2718)REPRESENTATION_RELATIONSHIP_WITH_TRANSFORMATION(#3337)SHAPE_REPRESENTATION_RELATIONSHIP());
#3339=CONTEXT_DEPENDENT_SHAPE_REPRESENTATION(#3338,#3328);
#3342=CARTESIAN_POINT('centre point',(-1.248447680929E1,1.025E1,
4.233708932202E-1));
#3346=CARTESIAN_POINT('',(-1.24E1,1.025E1,2.5E-1));
#3347=DIRECTION('',(-1.E0,0.E0,0.E0));
#3348=DIRECTION('',(0.E0,-1.E0,0.E0));
#3349=AXIS2_PLACEMENT_3D('',#3346,#3347,#3348);
#3350=ITEM_DEFINED_TRANSFORMATION('','',#3279,#3349);
#3351=(REPRESENTATION_RELATIONSHIP('','',#3280,#2718)REPRESENTATION_RELATIONSHIP_WITH_TRANSFORMATION(#3350)SHAPE_REPRESENTATION_RELATIONSHIP());
#3352=CONTEXT_DEPENDENT_SHAPE_REPRESENTATION(#3351,#3341);
#3355=CARTESIAN_POINT('centre point',(-1.248447680929E1,9.75E0,
4.233708932202E-1));
#3359=CARTESIAN_POINT('',(-1.24E1,9.75E0,2.5E-1));
#3360=DIRECTION('',(-1.E0,0.E0,0.E0));
#3361=DIRECTION('',(0.E0,-1.E0,0.E0));
#3362=AXIS2_PLACEMENT_3D('',#3359,#3360,#3361);
#3363=ITEM_DEFINED_TRANSFORMATION('','',#3279,#3362);
#3364=(REPRESENTATION_RELATIONSHIP('','',#3280,#2718)REPRESENTATION_RELATIONSHIP_WITH_TRANSFORMATION(#3363)SHAPE_REPRESENTATION_RELATIONSHIP());
#3365=CONTEXT_DEPENDENT_SHAPE_REPRESENTATION(#3364,#3354);
#3368=CARTESIAN_POINT('centre point',(-1.248447680929E1,9.25E0,
4.233708932202E-1));
#3372=CARTESIAN_POINT('',(-1.24E1,9.25E0,2.5E-1));
#3373=DIRECTION('',(-1.E0,0.E0,0.E0));
#3374=DIRECTION('',(0.E0,-1.E0,0.E0));
#3375=AXIS2_PLACEMENT_3D('',#3372,#3373,#3374);
#3376=ITEM_DEFINED_TRANSFORMATION('','',#3279,#3375);
#3377=(REPRESENTATION_RELATIONSHIP('','',#3280,#2718)REPRESENTATION_RELATIONSHIP_WITH_TRANSFORMATION(#3376)SHAPE_REPRESENTATION_RELATIONSHIP());
#3378=CONTEXT_DEPENDENT_SHAPE_REPRESENTATION(#3377,#3367);
#3381=CARTESIAN_POINT('centre point',(-1.248447680929E1,8.75E0,
4.233708932202E-1));
#3385=CARTESIAN_POINT('',(-1.24E1,8.75E0,2.5E-1));
#3386=DIRECTION('',(-1.E0,0.E0,0.E0));
#3387=DIRECTION('',(0.E0,-1.E0,0.E0));
#3388=AXIS2_PLACEMENT_3D('',#3385,#3386,#3387);
#3389=ITEM_DEFINED_TRANSFORMATION('','',#3279,#3388);
#3390=(REPRESENTATION_RELATIONSHIP('','',#3280,#2718)REPRESENTATION_RELATIONSHIP_WITH_TRANSFORMATION(#3389)SHAPE_REPRESENTATION_RELATIONSHIP());
#3391=CONTEXT_DEPENDENT_SHAPE_REPRESENTATION(#3390,#3380);
#3394=CARTESIAN_POINT('centre point',(-1.248447680929E1,8.25E0,
4.233708932202E-1));
#3398=CARTESIAN_POINT('',(-1.24E1,8.25E0,2.5E-1));
#3399=DIRECTION('',(-1.E0,0.E0,0.E0));
#3400=DIRECTION('',(0.E0,-1.E0,0.E0));
#3401=AXIS2_PLACEMENT_3D('',#3398,#3399,#3400);
#3402=ITEM_DEFINED_TRANSFORMATION('','',#3279,#3401);
#3403=(REPRESENTATION_RELATIONSHIP('','',#3280,#2718)REPRESENTATION_RELATIONSHIP_WITH_TRANSFORMATION(#3402)SHAPE_REPRESENTATION_RELATIONSHIP());
#3404=CONTEXT_DEPENDENT_SHAPE_REPRESENTATION(#3403,#3393);
#3407=CARTESIAN_POINT('centre point',(-1.248447680929E1,7.75E0,
4.233708932202E-1));
#3411=CARTESIAN_POINT('',(-1.24E1,7.75E0,2.5E-1));
#3412=DIRECTION('',(-1.E0,0.E0,0.E0));
#3413=DIRECTION('',(0.E0,-1.E0,0.E0));
#3414=AXIS2_PLACEMENT_3D('',#3411,#3412,#3413);
#3415=ITEM_DEFINED_TRANSFORMATION('','',#3279,#3414);
#3416=(REPRESENTATION_RELATIONSHIP('','',#3280,#2718)REPRESENTATION_RELATIONSHIP_WITH_TRANSFORMATION(#3415)SHAPE_REPRESENTATION_RELATIONSHIP());
#3417=CONTEXT_DEPENDENT_SHAPE_REPRESENTATION(#3416,#3406);
#3420=CARTESIAN_POINT('centre point',(-1.248447680929E1,7.25E0,
4.233708932202E-1));
#3424=CARTESIAN_POINT('',(-1.24E1,7.25E0,2.5E-1));
#3425=DIRECTION('',(-1.E0,0.E0,0.E0));
#3426=DIRECTION('',(0.E0,-1.E0,0.E0));
#3427=AXIS2_PLACEMENT_3D('',#3424,#3425,#3426);
#3428=ITEM_DEFINED_TRANSFORMATION('','',#3279,#3427);
#3429=(REPRESENTATION_RELATIONSHIP('','',#3280,#2718)REPRESENTATION_RELATIONSHIP_WITH_TRANSFORMATION(#3428)SHAPE_REPRESENTATION_RELATIONSHIP());
#3430=CONTEXT_DEPENDENT_SHAPE_REPRESENTATION(#3429,#3419);
#3433=CARTESIAN_POINT('centre point',(-1.248447680929E1,6.75E0,
4.233708932202E-1));
#3437=CARTESIAN_POINT('',(-1.24E1,6.75E0,2.5E-1));
#3438=DIRECTION('',(-1.E0,0.E0,0.E0));
#3439=DIRECTION('',(0.E0,-1.E0,0.E0));
#3440=AXIS2_PLACEMENT_3D('',#3437,#3438,#3439);
#3441=ITEM_DEFINED_TRANSFORMATION('','',#3279,#3440);
#3442=(REPRESENTATION_RELATIONSHIP('','',#3280,#2718)REPRESENTATION_RELATIONSHIP_WITH_TRANSFORMATION(#3441)SHAPE_REPRESENTATION_RELATIONSHIP());
#3443=CONTEXT_DEPENDENT_SHAPE_REPRESENTATION(#3442,#3432);
#3446=CARTESIAN_POINT('centre point',(-1.248447680929E1,6.25E0,
4.233708932202E-1));
#3450=CARTESIAN_POINT('',(-1.24E1,6.25E0,2.5E-1));
#3451=DIRECTION('',(-1.E0,0.E0,0.E0));
#3452=DIRECTION('',(0.E0,-1.E0,0.E0));
#3453=AXIS2_PLACEMENT_3D('',#3450,#3451,#3452);
#3454=ITEM_DEFINED_TRANSFORMATION('','',#3279,#3453);
#3455=(REPRESENTATION_RELATIONSHIP('','',#3280,#2718)REPRESENTATION_RELATIONSHIP_WITH_TRANSFORMATION(#3454)SHAPE_REPRESENTATION_RELATIONSHIP());
#3456=CONTEXT_DEPENDENT_SHAPE_REPRESENTATION(#3455,#3445);
#3459=CARTESIAN_POINT('centre point',(-1.248447680929E1,5.75E0,
4.233708932202E-1));
#3463=CARTESIAN_POINT('',(-1.24E1,5.75E0,2.5E-1));
#3464=DIRECTION('',(-1.E0,0.E0,0.E0));
#3465=DIRECTION('',(0.E0,-1.E0,0.E0));
#3466=AXIS2_PLACEMENT_3D('',#3463,#3464,#3465);
#3467=ITEM_DEFINED_TRANSFORMATION('','',#3279,#3466);
#3468=(REPRESENTATION_RELATIONSHIP('','',#3280,#2718)REPRESENTATION_RELATIONSHIP_WITH_TRANSFORMATION(#3467)SHAPE_REPRESENTATION_RELATIONSHIP());
#3469=CONTEXT_DEPENDENT_SHAPE_REPRESENTATION(#3468,#3458);
#3472=CARTESIAN_POINT('centre point',(-1.248447680929E1,5.25E0,
4.233708932202E-1));
#3476=CARTESIAN_POINT('',(-1.24E1,5.25E0,2.5E-1));
#3477=DIRECTION('',(-1.E0,0.E0,0.E0));
#3478=DIRECTION('',(0.E0,-1.E0,0.E0));
#3479=AXIS2_PLACEMENT_3D('',#3476,#3477,#3478);
#3480=ITEM_DEFINED_TRANSFORMATION('','',#3279,#3479);
#3481=(REPRESENTATION_RELATIONSHIP('','',#3280,#2718)REPRESENTATION_RELATIONSHIP_WITH_TRANSFORMATION(#3480)SHAPE_REPRESENTATION_RELATIONSHIP());
#3482=CONTEXT_DEPENDENT_SHAPE_REPRESENTATION(#3481,#3471);
#3485=CARTESIAN_POINT('centre point',(-1.248447680929E1,4.75E0,
4.233708932202E-1));
#3489=CARTESIAN_POINT('',(-1.24E1,4.75E0,2.5E-1));
#3490=DIRECTION('',(-1.E0,0.E0,0.E0));
#3491=DIRECTION('',(0.E0,-1.E0,0.E0));
#3492=AXIS2_PLACEMENT_3D('',#3489,#3490,#3491);
#3493=ITEM_DEFINED_TRANSFORMATION('','',#3279,#3492);
#3494=(REPRESENTATION_RELATIONSHIP('','',#3280,#2718)REPRESENTATION_RELATIONSHIP_WITH_TRANSFORMATION(#3493)SHAPE_REPRESENTATION_RELATIONSHIP());
#3495=CONTEXT_DEPENDENT_SHAPE_REPRESENTATION(#3494,#3484);
#3498=CARTESIAN_POINT('centre point',(-1.248447680929E1,4.25E0,
4.233708932202E-1));
#3502=CARTESIAN_POINT('',(-1.24E1,4.25E0,2.5E-1));
#3503=DIRECTION('',(-1.E0,0.E0,0.E0));
#3504=DIRECTION('',(0.E0,-1.E0,0.E0));
#3505=AXIS2_PLACEMENT_3D('',#3502,#3503,#3504);
#3506=ITEM_DEFINED_TRANSFORMATION('','',#3279,#3505);
#3507=(REPRESENTATION_RELATIONSHIP('','',#3280,#2718)REPRESENTATION_RELATIONSHIP_WITH_TRANSFORMATION(#3506)SHAPE_REPRESENTATION_RELATIONSHIP());
#3508=CONTEXT_DEPENDENT_SHAPE_REPRESENTATION(#3507,#3497);
#3511=CARTESIAN_POINT('centre point',(-1.248447680929E1,3.75E0,
4.233708932202E-1));
#3515=CARTESIAN_POINT('',(-1.24E1,3.75E0,2.5E-1));
#3516=DIRECTION('',(-1.E0,0.E0,0.E0));
#3517=DIRECTION('',(0.E0,-1.E0,0.E0));
#3518=AXIS2_PLACEMENT_3D('',#3515,#3516,#3517);
#3519=ITEM_DEFINED_TRANSFORMATION('','',#3279,#3518);
#3520=(REPRESENTATION_RELATIONSHIP('','',#3280,#2718)REPRESENTATION_RELATIONSHIP_WITH_TRANSFORMATION(#3519)SHAPE_REPRESENTATION_RELATIONSHIP());
#3521=CONTEXT_DEPENDENT_SHAPE_REPRESENTATION(#3520,#3510);
#3524=CARTESIAN_POINT('centre point',(-1.248447680929E1,3.25E0,
4.233708932202E-1));
#3528=CARTESIAN_POINT('',(-1.24E1,3.25E0,2.5E-1));
#3529=DIRECTION('',(-1.E0,0.E0,0.E0));
#3530=DIRECTION('',(0.E0,-1.E0,0.E0));
#3531=AXIS2_PLACEMENT_3D('',#3528,#3529,#3530);
#3532=ITEM_DEFINED_TRANSFORMATION('','',#3279,#3531);
#3533=(REPRESENTATION_RELATIONSHIP('','',#3280,#2718)REPRESENTATION_RELATIONSHIP_WITH_TRANSFORMATION(#3532)SHAPE_REPRESENTATION_RELATIONSHIP());
#3534=CONTEXT_DEPENDENT_SHAPE_REPRESENTATION(#3533,#3523);
#3537=CARTESIAN_POINT('centre point',(-1.248447680929E1,2.75E0,
4.233708932202E-1));
#3541=CARTESIAN_POINT('',(-1.24E1,2.75E0,2.5E-1));
#3542=DIRECTION('',(-1.E0,0.E0,0.E0));
#3543=DIRECTION('',(0.E0,-1.E0,0.E0));
#3544=AXIS2_PLACEMENT_3D('',#3541,#3542,#3543);
#3545=ITEM_DEFINED_TRANSFORMATION('','',#3279,#3544);
#3546=(REPRESENTATION_RELATIONSHIP('','',#3280,#2718)REPRESENTATION_RELATIONSHIP_WITH_TRANSFORMATION(#3545)SHAPE_REPRESENTATION_RELATIONSHIP());
#3547=CONTEXT_DEPENDENT_SHAPE_REPRESENTATION(#3546,#3536);
#3550=CARTESIAN_POINT('centre point',(-1.248447680929E1,2.25E0,
4.233708932202E-1));
#3554=CARTESIAN_POINT('',(-1.24E1,2.25E0,2.5E-1));
#3555=DIRECTION('',(-1.E0,0.E0,0.E0));
#3556=DIRECTION('',(0.E0,-1.E0,0.E0));
#3557=AXIS2_PLACEMENT_3D('',#3554,#3555,#3556);
#3558=ITEM_DEFINED_TRANSFORMATION('','',#3279,#3557);
#3559=(REPRESENTATION_RELATIONSHIP('','',#3280,#2718)REPRESENTATION_RELATIONSHIP_WITH_TRANSFORMATION(#3558)SHAPE_REPRESENTATION_RELATIONSHIP());
#3560=CONTEXT_DEPENDENT_SHAPE_REPRESENTATION(#3559,#3549);
#3563=CARTESIAN_POINT('centre point',(-1.248447680929E1,1.75E0,
4.233708932202E-1));
#3567=CARTESIAN_POINT('',(-1.24E1,1.75E0,2.5E-1));
#3568=DIRECTION('',(-1.E0,0.E0,0.E0));
#3569=DIRECTION('',(0.E0,-1.E0,0.E0));
#3570=AXIS2_PLACEMENT_3D('',#3567,#3568,#3569);
#3571=ITEM_DEFINED_TRANSFORMATION('','',#3279,#3570);
#3572=(REPRESENTATION_RELATIONSHIP('','',#3280,#2718)REPRESENTATION_RELATIONSHIP_WITH_TRANSFORMATION(#3571)SHAPE_REPRESENTATION_RELATIONSHIP());
#3573=CONTEXT_DEPENDENT_SHAPE_REPRESENTATION(#3572,#3562);
#3576=CARTESIAN_POINT('centre point',(-1.248447680929E1,1.25E0,
4.233708932202E-1));
#3580=CARTESIAN_POINT('',(-1.24E1,1.25E0,2.5E-1));
#3581=DIRECTION('',(-1.E0,0.E0,0.E0));
#3582=DIRECTION('',(0.E0,-1.E0,0.E0));
#3583=AXIS2_PLACEMENT_3D('',#3580,#3581,#3582);
#3584=ITEM_DEFINED_TRANSFORMATION('','',#3279,#3583);
#3585=(REPRESENTATION_RELATIONSHIP('','',#3280,#2718)REPRESENTATION_RELATIONSHIP_WITH_TRANSFORMATION(#3584)SHAPE_REPRESENTATION_RELATIONSHIP());
#3586=CONTEXT_DEPENDENT_SHAPE_REPRESENTATION(#3585,#3575);
#3589=CARTESIAN_POINT('centre point',(-1.248447680929E1,7.5E-1,
4.233708932202E-1));
#3593=CARTESIAN_POINT('',(-1.24E1,7.5E-1,2.5E-1));
#3594=DIRECTION('',(-1.E0,0.E0,0.E0));
#3595=DIRECTION('',(0.E0,-1.E0,0.E0));
#3596=AXIS2_PLACEMENT_3D('',#3593,#3594,#3595);
#3597=ITEM_DEFINED_TRANSFORMATION('','',#3279,#3596);
#3598=(REPRESENTATION_RELATIONSHIP('','',#3280,#2718)REPRESENTATION_RELATIONSHIP_WITH_TRANSFORMATION(#3597)SHAPE_REPRESENTATION_RELATIONSHIP());
#3599=CONTEXT_DEPENDENT_SHAPE_REPRESENTATION(#3598,#3588);
#3602=CARTESIAN_POINT('centre point',(-1.248447680929E1,2.5E-1,
4.233708932202E-1));
#3606=CARTESIAN_POINT('',(-1.24E1,2.5E-1,2.5E-1));
#3607=DIRECTION('',(-1.E0,0.E0,0.E0));
#3608=DIRECTION('',(0.E0,-1.E0,0.E0));
#3609=AXIS2_PLACEMENT_3D('',#3606,#3607,#3608);
#3610=ITEM_DEFINED_TRANSFORMATION('','',#3279,#3609);
#3611=(REPRESENTATION_RELATIONSHIP('','',#3280,#2718)REPRESENTATION_RELATIONSHIP_WITH_TRANSFORMATION(#3610)SHAPE_REPRESENTATION_RELATIONSHIP());
#3612=CONTEXT_DEPENDENT_SHAPE_REPRESENTATION(#3611,#3601);
#3615=CARTESIAN_POINT('centre point',(-1.248447680929E1,-2.5E-1,
4.233708932202E-1));
#3619=CARTESIAN_POINT('',(-1.24E1,-2.5E-1,2.5E-1));
#3620=DIRECTION('',(-1.E0,0.E0,0.E0));
#3621=DIRECTION('',(0.E0,-1.E0,0.E0));
#3622=AXIS2_PLACEMENT_3D('',#3619,#3620,#3621);
#3623=ITEM_DEFINED_TRANSFORMATION('','',#3279,#3622);
#3624=(REPRESENTATION_RELATIONSHIP('','',#3280,#2718)REPRESENTATION_RELATIONSHIP_WITH_TRANSFORMATION(#3623)SHAPE_REPRESENTATION_RELATIONSHIP());
#3625=CONTEXT_DEPENDENT_SHAPE_REPRESENTATION(#3624,#3614);
#3628=CARTESIAN_POINT('centre point',(-1.248447680929E1,-7.5E-1,
4.233708932202E-1));
#3632=CARTESIAN_POINT('',(-1.24E1,-7.5E-1,2.5E-1));
#3633=DIRECTION('',(-1.E0,0.E0,0.E0));
#3634=DIRECTION('',(0.E0,-1.E0,0.E0));
#3635=AXIS2_PLACEMENT_3D('',#3632,#3633,#3634);
#3636=ITEM_DEFINED_TRANSFORMATION('','',#3279,#3635);
#3637=(REPRESENTATION_RELATIONSHIP('','',#3280,#2718)REPRESENTATION_RELATIONSHIP_WITH_TRANSFORMATION(#3636)SHAPE_REPRESENTATION_RELATIONSHIP());
#3638=CONTEXT_DEPENDENT_SHAPE_REPRESENTATION(#3637,#3627);
#3641=CARTESIAN_POINT('centre point',(-1.248447680929E1,-1.25E0,
4.233708932202E-1));
#3645=CARTESIAN_POINT('',(-1.24E1,-1.25E0,2.5E-1));
#3646=DIRECTION('',(-1.E0,0.E0,0.E0));
#3647=DIRECTION('',(0.E0,-1.E0,0.E0));
#3648=AXIS2_PLACEMENT_3D('',#3645,#3646,#3647);
#3649=ITEM_DEFINED_TRANSFORMATION('','',#3279,#3648);
#3650=(REPRESENTATION_RELATIONSHIP('','',#3280,#2718)REPRESENTATION_RELATIONSHIP_WITH_TRANSFORMATION(#3649)SHAPE_REPRESENTATION_RELATIONSHIP());
#3651=CONTEXT_DEPENDENT_SHAPE_REPRESENTATION(#3650,#3640);
#3654=CARTESIAN_POINT('centre point',(-1.248447680929E1,-1.75E0,
4.233708932202E-1));
#3658=CARTESIAN_POINT('',(-1.24E1,-1.75E0,2.5E-1));
#3659=DIRECTION('',(-1.E0,0.E0,0.E0));
#3660=DIRECTION('',(0.E0,-1.E0,0.E0));
#3661=AXIS2_PLACEMENT_3D('',#3658,#3659,#3660);
#3662=ITEM_DEFINED_TRANSFORMATION('','',#3279,#3661);
#3663=(REPRESENTATION_RELATIONSHIP('','',#3280,#2718)REPRESENTATION_RELATIONSHIP_WITH_TRANSFORMATION(#3662)SHAPE_REPRESENTATION_RELATIONSHIP());
#3664=CONTEXT_DEPENDENT_SHAPE_REPRESENTATION(#3663,#3653);
#3667=CARTESIAN_POINT('centre point',(-1.248447680929E1,-2.25E0,
4.233708932202E-1));
#3671=CARTESIAN_POINT('',(-1.24E1,-2.25E0,2.5E-1));
#3672=DIRECTION('',(-1.E0,0.E0,0.E0));
#3673=DIRECTION('',(0.E0,-1.E0,0.E0));
#3674=AXIS2_PLACEMENT_3D('',#3671,#3672,#3673);
#3675=ITEM_DEFINED_TRANSFORMATION('','',#3279,#3674);
#3676=(REPRESENTATION_RELATIONSHIP('','',#3280,#2718)REPRESENTATION_RELATIONSHIP_WITH_TRANSFORMATION(#3675)SHAPE_REPRESENTATION_RELATIONSHIP());
#3677=CONTEXT_DEPENDENT_SHAPE_REPRESENTATION(#3676,#3666);
#3680=CARTESIAN_POINT('centre point',(-1.248447680929E1,-2.75E0,
4.233708932202E-1));
#3684=CARTESIAN_POINT('',(-1.24E1,-2.75E0,2.5E-1));
#3685=DIRECTION('',(-1.E0,0.E0,0.E0));
#3686=DIRECTION('',(0.E0,-1.E0,0.E0));
#3687=AXIS2_PLACEMENT_3D('',#3684,#3685,#3686);
#3688=ITEM_DEFINED_TRANSFORMATION('','',#3279,#3687);
#3689=(REPRESENTATION_RELATIONSHIP('','',#3280,#2718)REPRESENTATION_RELATIONSHIP_WITH_TRANSFORMATION(#3688)SHAPE_REPRESENTATION_RELATIONSHIP());
#3690=CONTEXT_DEPENDENT_SHAPE_REPRESENTATION(#3689,#3679);
#3693=CARTESIAN_POINT('centre point',(-1.248447680929E1,-3.25E0,
4.233708932202E-1));
#3697=CARTESIAN_POINT('',(-1.24E1,-3.25E0,2.5E-1));
#3698=DIRECTION('',(-1.E0,0.E0,0.E0));
#3699=DIRECTION('',(0.E0,-1.E0,0.E0));
#3700=AXIS2_PLACEMENT_3D('',#3697,#3698,#3699);
#3701=ITEM_DEFINED_TRANSFORMATION('','',#3279,#3700);
#3702=(REPRESENTATION_RELATIONSHIP('','',#3280,#2718)REPRESENTATION_RELATIONSHIP_WITH_TRANSFORMATION(#3701)SHAPE_REPRESENTATION_RELATIONSHIP());
#3703=CONTEXT_DEPENDENT_SHAPE_REPRESENTATION(#3702,#3692);
#3706=CARTESIAN_POINT('centre point',(-1.248447680929E1,-3.75E0,
4.233708932202E-1));
#3710=CARTESIAN_POINT('',(-1.24E1,-3.75E0,2.5E-1));
#3711=DIRECTION('',(-1.E0,0.E0,0.E0));
#3712=DIRECTION('',(0.E0,-1.E0,0.E0));
#3713=AXIS2_PLACEMENT_3D('',#3710,#3711,#3712);
#3714=ITEM_DEFINED_TRANSFORMATION('','',#3279,#3713);
#3715=(REPRESENTATION_RELATIONSHIP('','',#3280,#2718)REPRESENTATION_RELATIONSHIP_WITH_TRANSFORMATION(#3714)SHAPE_REPRESENTATION_RELATIONSHIP());
#3716=CONTEXT_DEPENDENT_SHAPE_REPRESENTATION(#3715,#3705);
#3719=CARTESIAN_POINT('centre point',(-1.248447680929E1,-4.25E0,
4.233708932202E-1));
#3723=CARTESIAN_POINT('',(-1.24E1,-4.25E0,2.5E-1));
#3724=DIRECTION('',(-1.E0,0.E0,0.E0));
#3725=DIRECTION('',(0.E0,-1.E0,0.E0));
#3726=AXIS2_PLACEMENT_3D('',#3723,#3724,#3725);
#3727=ITEM_DEFINED_TRANSFORMATION('','',#3279,#3726);
#3728=(REPRESENTATION_RELATIONSHIP('','',#3280,#2718)REPRESENTATION_RELATIONSHIP_WITH_TRANSFORMATION(#3727)SHAPE_REPRESENTATION_RELATIONSHIP());
#3729=CONTEXT_DEPENDENT_SHAPE_REPRESENTATION(#3728,#3718);
#3732=CARTESIAN_POINT('centre point',(-1.248447680929E1,-4.75E0,
4.233708932202E-1));
#3736=CARTESIAN_POINT('',(-1.24E1,-4.75E0,2.5E-1));
#3737=DIRECTION('',(-1.E0,0.E0,0.E0));
#3738=DIRECTION('',(0.E0,-1.E0,0.E0));
#3739=AXIS2_PLACEMENT_3D('',#3736,#3737,#3738);
#3740=ITEM_DEFINED_TRANSFORMATION('','',#3279,#3739);
#3741=(REPRESENTATION_RELATIONSHIP('','',#3280,#2718)REPRESENTATION_RELATIONSHIP_WITH_TRANSFORMATION(#3740)SHAPE_REPRESENTATION_RELATIONSHIP());
#3742=CONTEXT_DEPENDENT_SHAPE_REPRESENTATION(#3741,#3731);
#3745=CARTESIAN_POINT('centre point',(-1.248447680929E1,-5.25E0,
4.233708932202E-1));
#3749=CARTESIAN_POINT('',(-1.24E1,-5.25E0,2.5E-1));
#3750=DIRECTION('',(-1.E0,0.E0,0.E0));
#3751=DIRECTION('',(0.E0,-1.E0,0.E0));
#3752=AXIS2_PLACEMENT_3D('',#3749,#3750,#3751);
#3753=ITEM_DEFINED_TRANSFORMATION('','',#3279,#3752);
#3754=(REPRESENTATION_RELATIONSHIP('','',#3280,#2718)REPRESENTATION_RELATIONSHIP_WITH_TRANSFORMATION(#3753)SHAPE_REPRESENTATION_RELATIONSHIP());
#3755=CONTEXT_DEPENDENT_SHAPE_REPRESENTATION(#3754,#3744);
#3758=CARTESIAN_POINT('centre point',(-1.248447680929E1,-5.75E0,
4.233708932202E-1));
#3762=CARTESIAN_POINT('',(-1.24E1,-5.75E0,2.5E-1));
#3763=DIRECTION('',(-1.E0,0.E0,0.E0));
#3764=DIRECTION('',(0.E0,-1.E0,0.E0));
#3765=AXIS2_PLACEMENT_3D('',#3762,#3763,#3764);
#3766=ITEM_DEFINED_TRANSFORMATION('','',#3279,#3765);
#3767=(REPRESENTATION_RELATIONSHIP('','',#3280,#2718)REPRESENTATION_RELATIONSHIP_WITH_TRANSFORMATION(#3766)SHAPE_REPRESENTATION_RELATIONSHIP());
#3768=CONTEXT_DEPENDENT_SHAPE_REPRESENTATION(#3767,#3757);
#3771=CARTESIAN_POINT('centre point',(-1.248447680929E1,-6.25E0,
4.233708932202E-1));
#3775=CARTESIAN_POINT('',(-1.24E1,-6.25E0,2.5E-1));
#3776=DIRECTION('',(-1.E0,0.E0,0.E0));
#3777=DIRECTION('',(0.E0,-1.E0,0.E0));
#3778=AXIS2_PLACEMENT_3D('',#3775,#3776,#3777);
#3779=ITEM_DEFINED_TRANSFORMATION('','',#3279,#3778);
#3780=(REPRESENTATION_RELATIONSHIP('','',#3280,#2718)REPRESENTATION_RELATIONSHIP_WITH_TRANSFORMATION(#3779)SHAPE_REPRESENTATION_RELATIONSHIP());
#3781=CONTEXT_DEPENDENT_SHAPE_REPRESENTATION(#3780,#3770);
#3784=CARTESIAN_POINT('centre point',(-1.248447680929E1,-6.75E0,
4.233708932202E-1));
#3788=CARTESIAN_POINT('',(-1.24E1,-6.75E0,2.5E-1));
#3789=DIRECTION('',(-1.E0,0.E0,0.E0));
#3790=DIRECTION('',(0.E0,-1.E0,0.E0));
#3791=AXIS2_PLACEMENT_3D('',#3788,#3789,#3790);
#3792=ITEM_DEFINED_TRANSFORMATION('','',#3279,#3791);
#3793=(REPRESENTATION_RELATIONSHIP('','',#3280,#2718)REPRESENTATION_RELATIONSHIP_WITH_TRANSFORMATION(#3792)SHAPE_REPRESENTATION_RELATIONSHIP());
#3794=CONTEXT_DEPENDENT_SHAPE_REPRESENTATION(#3793,#3783);
#3797=CARTESIAN_POINT('centre point',(-1.248447680929E1,-7.25E0,
4.233708932202E-1));
#3801=CARTESIAN_POINT('',(-1.24E1,-7.25E0,2.5E-1));
#3802=DIRECTION('',(-1.E0,0.E0,0.E0));
#3803=DIRECTION('',(0.E0,-1.E0,0.E0));
#3804=AXIS2_PLACEMENT_3D('',#3801,#3802,#3803);
#3805=ITEM_DEFINED_TRANSFORMATION('','',#3279,#3804);
#3806=(REPRESENTATION_RELATIONSHIP('','',#3280,#2718)REPRESENTATION_RELATIONSHIP_WITH_TRANSFORMATION(#3805)SHAPE_REPRESENTATION_RELATIONSHIP());
#3807=CONTEXT_DEPENDENT_SHAPE_REPRESENTATION(#3806,#3796);
#3810=CARTESIAN_POINT('centre point',(-1.248447680929E1,-7.75E0,
4.233708932202E-1));
#3814=CARTESIAN_POINT('',(-1.24E1,-7.75E0,2.5E-1));
#3815=DIRECTION('',(-1.E0,0.E0,0.E0));
#3816=DIRECTION('',(0.E0,-1.E0,0.E0));
#3817=AXIS2_PLACEMENT_3D('',#3814,#3815,#3816);
#3818=ITEM_DEFINED_TRANSFORMATION('','',#3279,#3817);
#3819=(REPRESENTATION_RELATIONSHIP('','',#3280,#2718)REPRESENTATION_RELATIONSHIP_WITH_TRANSFORMATION(#3818)SHAPE_REPRESENTATION_RELATIONSHIP());
#3820=CONTEXT_DEPENDENT_SHAPE_REPRESENTATION(#3819,#3809);
#3823=CARTESIAN_POINT('centre point',(-1.248447680929E1,-8.25E0,
4.233708932202E-1));
#3827=CARTESIAN_POINT('',(-1.24E1,-8.25E0,2.5E-1));
#3828=DIRECTION('',(-1.E0,0.E0,0.E0));
#3829=DIRECTION('',(0.E0,-1.E0,0.E0));
#3830=AXIS2_PLACEMENT_3D('',#3827,#3828,#3829);
#3831=ITEM_DEFINED_TRANSFORMATION('','',#3279,#3830);
#3832=(REPRESENTATION_RELATIONSHIP('','',#3280,#2718)REPRESENTATION_RELATIONSHIP_WITH_TRANSFORMATION(#3831)SHAPE_REPRESENTATION_RELATIONSHIP());
#3833=CONTEXT_DEPENDENT_SHAPE_REPRESENTATION(#3832,#3822);
#3836=CARTESIAN_POINT('centre point',(-1.248447680929E1,-8.75E0,
4.233708932202E-1));
#3840=CARTESIAN_POINT('',(-1.24E1,-8.75E0,2.5E-1));
#3841=DIRECTION('',(-1.E0,0.E0,0.E0));
#3842=DIRECTION('',(0.E0,-1.E0,0.E0));
#3843=AXIS2_PLACEMENT_3D('',#3840,#3841,#3842);
#3844=ITEM_DEFINED_TRANSFORMATION('','',#3279,#3843);
#3845=(REPRESENTATION_RELATIONSHIP('','',#3280,#2718)REPRESENTATION_RELATIONSHIP_WITH_TRANSFORMATION(#3844)SHAPE_REPRESENTATION_RELATIONSHIP());
#3846=CONTEXT_DEPENDENT_SHAPE_REPRESENTATION(#3845,#3835);
#3849=CARTESIAN_POINT('centre point',(-1.248447680929E1,-9.25E0,
4.233708932202E-1));
#3853=CARTESIAN_POINT('',(-1.24E1,-9.25E0,2.5E-1));
#3854=DIRECTION('',(-1.E0,0.E0,0.E0));
#3855=DIRECTION('',(0.E0,-1.E0,0.E0));
#3856=AXIS2_PLACEMENT_3D('',#3853,#3854,#3855);
#3857=ITEM_DEFINED_TRANSFORMATION('','',#3279,#3856);
#3858=(REPRESENTATION_RELATIONSHIP('','',#3280,#2718)REPRESENTATION_RELATIONSHIP_WITH_TRANSFORMATION(#3857)SHAPE_REPRESENTATION_RELATIONSHIP());
#3859=CONTEXT_DEPENDENT_SHAPE_REPRESENTATION(#3858,#3848);
#3862=CARTESIAN_POINT('centre point',(-1.248447680929E1,-9.75E0,
4.233708932202E-1));
#3866=CARTESIAN_POINT('',(-1.24E1,-9.75E0,2.5E-1));
#3867=DIRECTION('',(-1.E0,0.E0,0.E0));
#3868=DIRECTION('',(0.E0,-1.E0,0.E0));
#3869=AXIS2_PLACEMENT_3D('',#3866,#3867,#3868);
#3870=ITEM_DEFINED_TRANSFORMATION('','',#3279,#3869);
#3871=(REPRESENTATION_RELATIONSHIP('','',#3280,#2718)REPRESENTATION_RELATIONSHIP_WITH_TRANSFORMATION(#3870)SHAPE_REPRESENTATION_RELATIONSHIP());
#3872=CONTEXT_DEPENDENT_SHAPE_REPRESENTATION(#3871,#3861);
#3875=CARTESIAN_POINT('centre point',(-1.248447680929E1,-1.025E1,
4.233708932202E-1));
#3879=CARTESIAN_POINT('',(-1.24E1,-1.025E1,2.5E-1));
#3880=DIRECTION('',(-1.E0,0.E0,0.E0));
#3881=DIRECTION('',(0.E0,-1.E0,0.E0));
#3882=AXIS2_PLACEMENT_3D('',#3879,#3880,#3881);
#3883=ITEM_DEFINED_TRANSFORMATION('','',#3279,#3882);
#3884=(REPRESENTATION_RELATIONSHIP('','',#3280,#2718)REPRESENTATION_RELATIONSHIP_WITH_TRANSFORMATION(#3883)SHAPE_REPRESENTATION_RELATIONSHIP());
#3885=CONTEXT_DEPENDENT_SHAPE_REPRESENTATION(#3884,#3874);
#3888=CARTESIAN_POINT('centre point',(-1.248447680929E1,-1.075E1,
4.233708932202E-1));
#3892=CARTESIAN_POINT('',(-1.24E1,-1.075E1,2.5E-1));
#3893=DIRECTION('',(-1.E0,0.E0,0.E0));
#3894=DIRECTION('',(0.E0,-1.E0,0.E0));
#3895=AXIS2_PLACEMENT_3D('',#3892,#3893,#3894);
#3896=ITEM_DEFINED_TRANSFORMATION('','',#3279,#3895);
#3897=(REPRESENTATION_RELATIONSHIP('','',#3280,#2718)REPRESENTATION_RELATIONSHIP_WITH_TRANSFORMATION(#3896)SHAPE_REPRESENTATION_RELATIONSHIP());
#3898=CONTEXT_DEPENDENT_SHAPE_REPRESENTATION(#3897,#3887);
#3901=CARTESIAN_POINT('centre point',(1.075E1,-1.248447680929E1,
4.233708932202E-1));
#3905=CARTESIAN_POINT('',(1.075E1,-1.24E1,2.5E-1));
#3906=DIRECTION('',(0.E0,-1.E0,0.E0));
#3907=DIRECTION('',(1.E0,0.E0,0.E0));
#3908=AXIS2_PLACEMENT_3D('',#3905,#3906,#3907);
#3909=ITEM_DEFINED_TRANSFORMATION('','',#3279,#3908);
#3910=(REPRESENTATION_RELATIONSHIP('','',#3280,#2718)REPRESENTATION_RELATIONSHIP_WITH_TRANSFORMATION(#3909)SHAPE_REPRESENTATION_RELATIONSHIP());
#3911=CONTEXT_DEPENDENT_SHAPE_REPRESENTATION(#3910,#3900);
#3914=CARTESIAN_POINT('centre point',(1.025E1,-1.248447680929E1,
4.233708932202E-1));
#3918=CARTESIAN_POINT('',(1.025E1,-1.24E1,2.5E-1));
#3919=DIRECTION('',(0.E0,-1.E0,0.E0));
#3920=DIRECTION('',(1.E0,0.E0,0.E0));
#3921=AXIS2_PLACEMENT_3D('',#3918,#3919,#3920);
#3922=ITEM_DEFINED_TRANSFORMATION('','',#3279,#3921);
#3923=(REPRESENTATION_RELATIONSHIP('','',#3280,#2718)REPRESENTATION_RELATIONSHIP_WITH_TRANSFORMATION(#3922)SHAPE_REPRESENTATION_RELATIONSHIP());
#3924=CONTEXT_DEPENDENT_SHAPE_REPRESENTATION(#3923,#3913);
#3927=CARTESIAN_POINT('centre point',(9.75E0,-1.248447680929E1,
4.233708932202E-1));
#3931=CARTESIAN_POINT('',(9.75E0,-1.24E1,2.5E-1));
#3932=DIRECTION('',(0.E0,-1.E0,0.E0));
#3933=DIRECTION('',(1.E0,0.E0,0.E0));
#3934=AXIS2_PLACEMENT_3D('',#3931,#3932,#3933);
#3935=ITEM_DEFINED_TRANSFORMATION('','',#3279,#3934);
#3936=(REPRESENTATION_RELATIONSHIP('','',#3280,#2718)REPRESENTATION_RELATIONSHIP_WITH_TRANSFORMATION(#3935)SHAPE_REPRESENTATION_RELATIONSHIP());
#3937=CONTEXT_DEPENDENT_SHAPE_REPRESENTATION(#3936,#3926);
#3940=CARTESIAN_POINT('centre point',(9.25E0,-1.248447680929E1,
4.233708932202E-1));
#3944=CARTESIAN_POINT('',(9.25E0,-1.24E1,2.5E-1));
#3945=DIRECTION('',(0.E0,-1.E0,0.E0));
#3946=DIRECTION('',(1.E0,0.E0,0.E0));
#3947=AXIS2_PLACEMENT_3D('',#3944,#3945,#3946);
#3948=ITEM_DEFINED_TRANSFORMATION('','',#3279,#3947);
#3949=(REPRESENTATION_RELATIONSHIP('','',#3280,#2718)REPRESENTATION_RELATIONSHIP_WITH_TRANSFORMATION(#3948)SHAPE_REPRESENTATION_RELATIONSHIP());
#3950=CONTEXT_DEPENDENT_SHAPE_REPRESENTATION(#3949,#3939);
#3953=CARTESIAN_POINT('centre point',(8.75E0,-1.248447680929E1,
4.233708932202E-1));
#3957=CARTESIAN_POINT('',(8.75E0,-1.24E1,2.5E-1));
#3958=DIRECTION('',(0.E0,-1.E0,0.E0));
#3959=DIRECTION('',(1.E0,0.E0,0.E0));
#3960=AXIS2_PLACEMENT_3D('',#3957,#3958,#3959);
#3961=ITEM_DEFINED_TRANSFORMATION('','',#3279,#3960);
#3962=(REPRESENTATION_RELATIONSHIP('','',#3280,#2718)REPRESENTATION_RELATIONSHIP_WITH_TRANSFORMATION(#3961)SHAPE_REPRESENTATION_RELATIONSHIP());
#3963=CONTEXT_DEPENDENT_SHAPE_REPRESENTATION(#3962,#3952);
#3966=CARTESIAN_POINT('centre point',(8.25E0,-1.248447680929E1,
4.233708932202E-1));
#3970=CARTESIAN_POINT('',(8.25E0,-1.24E1,2.5E-1));
#3971=DIRECTION('',(0.E0,-1.E0,0.E0));
#3972=DIRECTION('',(1.E0,0.E0,0.E0));
#3973=AXIS2_PLACEMENT_3D('',#3970,#3971,#3972);
#3974=ITEM_DEFINED_TRANSFORMATION('','',#3279,#3973);
#3975=(REPRESENTATION_RELATIONSHIP('','',#3280,#2718)REPRESENTATION_RELATIONSHIP_WITH_TRANSFORMATION(#3974)SHAPE_REPRESENTATION_RELATIONSHIP());
#3976=CONTEXT_DEPENDENT_SHAPE_REPRESENTATION(#3975,#3965);
#3979=CARTESIAN_POINT('centre point',(7.75E0,-1.248447680929E1,
4.233708932202E-1));
#3983=CARTESIAN_POINT('',(7.75E0,-1.24E1,2.5E-1));
#3984=DIRECTION('',(0.E0,-1.E0,0.E0));
#3985=DIRECTION('',(1.E0,0.E0,0.E0));
#3986=AXIS2_PLACEMENT_3D('',#3983,#3984,#3985);
#3987=ITEM_DEFINED_TRANSFORMATION('','',#3279,#3986);
#3988=(REPRESENTATION_RELATIONSHIP('','',#3280,#2718)REPRESENTATION_RELATIONSHIP_WITH_TRANSFORMATION(#3987)SHAPE_REPRESENTATION_RELATIONSHIP());
#3989=CONTEXT_DEPENDENT_SHAPE_REPRESENTATION(#3988,#3978);
#3992=CARTESIAN_POINT('centre point',(7.25E0,-1.248447680929E1,
4.233708932202E-1));
#3996=CARTESIAN_POINT('',(7.25E0,-1.24E1,2.5E-1));
#3997=DIRECTION('',(0.E0,-1.E0,0.E0));
#3998=DIRECTION('',(1.E0,0.E0,0.E0));
#3999=AXIS2_PLACEMENT_3D('',#3996,#3997,#3998);
#4000=ITEM_DEFINED_TRANSFORMATION('','',#3279,#3999);
#4001=(REPRESENTATION_RELATIONSHIP('','',#3280,#2718)REPRESENTATION_RELATIONSHIP_WITH_TRANSFORMATION(#4000)SHAPE_REPRESENTATION_RELATIONSHIP());
#4002=CONTEXT_DEPENDENT_SHAPE_REPRESENTATION(#4001,#3991);
#4005=CARTESIAN_POINT('centre point',(6.75E0,-1.248447680929E1,
4.233708932202E-1));
#4009=CARTESIAN_POINT('',(6.75E0,-1.24E1,2.5E-1));
#4010=DIRECTION('',(0.E0,-1.E0,0.E0));
#4011=DIRECTION('',(1.E0,0.E0,0.E0));
#4012=AXIS2_PLACEMENT_3D('',#4009,#4010,#4011);
#4013=ITEM_DEFINED_TRANSFORMATION('','',#3279,#4012);
#4014=(REPRESENTATION_RELATIONSHIP('','',#3280,#2718)REPRESENTATION_RELATIONSHIP_WITH_TRANSFORMATION(#4013)SHAPE_REPRESENTATION_RELATIONSHIP());
#4015=CONTEXT_DEPENDENT_SHAPE_REPRESENTATION(#4014,#4004);
#4018=CARTESIAN_POINT('centre point',(6.25E0,-1.248447680929E1,
4.233708932202E-1));
#4022=CARTESIAN_POINT('',(6.25E0,-1.24E1,2.5E-1));
#4023=DIRECTION('',(0.E0,-1.E0,0.E0));
#4024=DIRECTION('',(1.E0,0.E0,0.E0));
#4025=AXIS2_PLACEMENT_3D('',#4022,#4023,#4024);
#4026=ITEM_DEFINED_TRANSFORMATION('','',#3279,#4025);
#4027=(REPRESENTATION_RELATIONSHIP('','',#3280,#2718)REPRESENTATION_RELATIONSHIP_WITH_TRANSFORMATION(#4026)SHAPE_REPRESENTATION_RELATIONSHIP());
#4028=CONTEXT_DEPENDENT_SHAPE_REPRESENTATION(#4027,#4017);
#4031=CARTESIAN_POINT('centre point',(5.75E0,-1.248447680929E1,
4.233708932202E-1));
#4035=CARTESIAN_POINT('',(5.75E0,-1.24E1,2.5E-1));
#4036=DIRECTION('',(0.E0,-1.E0,0.E0));
#4037=DIRECTION('',(1.E0,0.E0,0.E0));
#4038=AXIS2_PLACEMENT_3D('',#4035,#4036,#4037);
#4039=ITEM_DEFINED_TRANSFORMATION('','',#3279,#4038);
#4040=(REPRESENTATION_RELATIONSHIP('','',#3280,#2718)REPRESENTATION_RELATIONSHIP_WITH_TRANSFORMATION(#4039)SHAPE_REPRESENTATION_RELATIONSHIP());
#4041=CONTEXT_DEPENDENT_SHAPE_REPRESENTATION(#4040,#4030);
#4044=CARTESIAN_POINT('centre point',(5.25E0,-1.248447680929E1,
4.233708932202E-1));
#4048=CARTESIAN_POINT('',(5.25E0,-1.24E1,2.5E-1));
#4049=DIRECTION('',(0.E0,-1.E0,0.E0));
#4050=DIRECTION('',(1.E0,0.E0,0.E0));
#4051=AXIS2_PLACEMENT_3D('',#4048,#4049,#4050);
#4052=ITEM_DEFINED_TRANSFORMATION('','',#3279,#4051);
#4053=(REPRESENTATION_RELATIONSHIP('','',#3280,#2718)REPRESENTATION_RELATIONSHIP_WITH_TRANSFORMATION(#4052)SHAPE_REPRESENTATION_RELATIONSHIP());
#4054=CONTEXT_DEPENDENT_SHAPE_REPRESENTATION(#4053,#4043);
#4057=CARTESIAN_POINT('centre point',(4.75E0,-1.248447680929E1,
4.233708932202E-1));
#4061=CARTESIAN_POINT('',(4.75E0,-1.24E1,2.5E-1));
#4062=DIRECTION('',(0.E0,-1.E0,0.E0));
#4063=DIRECTION('',(1.E0,0.E0,0.E0));
#4064=AXIS2_PLACEMENT_3D('',#4061,#4062,#4063);
#4065=ITEM_DEFINED_TRANSFORMATION('','',#3279,#4064);
#4066=(REPRESENTATION_RELATIONSHIP('','',#3280,#2718)REPRESENTATION_RELATIONSHIP_WITH_TRANSFORMATION(#4065)SHAPE_REPRESENTATION_RELATIONSHIP());
#4067=CONTEXT_DEPENDENT_SHAPE_REPRESENTATION(#4066,#4056);
#4070=CARTESIAN_POINT('centre point',(4.25E0,-1.248447680929E1,
4.233708932202E-1));
#4074=CARTESIAN_POINT('',(4.25E0,-1.24E1,2.5E-1));
#4075=DIRECTION('',(0.E0,-1.E0,0.E0));
#4076=DIRECTION('',(1.E0,0.E0,0.E0));
#4077=AXIS2_PLACEMENT_3D('',#4074,#4075,#4076);
#4078=ITEM_DEFINED_TRANSFORMATION('','',#3279,#4077);
#4079=(REPRESENTATION_RELATIONSHIP('','',#3280,#2718)REPRESENTATION_RELATIONSHIP_WITH_TRANSFORMATION(#4078)SHAPE_REPRESENTATION_RELATIONSHIP());
#4080=CONTEXT_DEPENDENT_SHAPE_REPRESENTATION(#4079,#4069);
#4083=CARTESIAN_POINT('centre point',(3.75E0,-1.248447680929E1,
4.233708932202E-1));
#4087=CARTESIAN_POINT('',(3.75E0,-1.24E1,2.5E-1));
#4088=DIRECTION('',(0.E0,-1.E0,0.E0));
#4089=DIRECTION('',(1.E0,0.E0,0.E0));
#4090=AXIS2_PLACEMENT_3D('',#4087,#4088,#4089);
#4091=ITEM_DEFINED_TRANSFORMATION('','',#3279,#4090);
#4092=(REPRESENTATION_RELATIONSHIP('','',#3280,#2718)REPRESENTATION_RELATIONSHIP_WITH_TRANSFORMATION(#4091)SHAPE_REPRESENTATION_RELATIONSHIP());
#4093=CONTEXT_DEPENDENT_SHAPE_REPRESENTATION(#4092,#4082);
#4096=CARTESIAN_POINT('centre point',(3.25E0,-1.248447680929E1,
4.233708932202E-1));
#4100=CARTESIAN_POINT('',(3.25E0,-1.24E1,2.5E-1));
#4101=DIRECTION('',(0.E0,-1.E0,0.E0));
#4102=DIRECTION('',(1.E0,0.E0,0.E0));
#4103=AXIS2_PLACEMENT_3D('',#4100,#4101,#4102);
#4104=ITEM_DEFINED_TRANSFORMATION('','',#3279,#4103);
#4105=(REPRESENTATION_RELATIONSHIP('','',#3280,#2718)REPRESENTATION_RELATIONSHIP_WITH_TRANSFORMATION(#4104)SHAPE_REPRESENTATION_RELATIONSHIP());
#4106=CONTEXT_DEPENDENT_SHAPE_REPRESENTATION(#4105,#4095);
#4109=CARTESIAN_POINT('centre point',(2.75E0,-1.248447680929E1,
4.233708932202E-1));
#4113=CARTESIAN_POINT('',(2.75E0,-1.24E1,2.5E-1));
#4114=DIRECTION('',(0.E0,-1.E0,0.E0));
#4115=DIRECTION('',(1.E0,0.E0,0.E0));
#4116=AXIS2_PLACEMENT_3D('',#4113,#4114,#4115);
#4117=ITEM_DEFINED_TRANSFORMATION('','',#3279,#4116);
#4118=(REPRESENTATION_RELATIONSHIP('','',#3280,#2718)REPRESENTATION_RELATIONSHIP_WITH_TRANSFORMATION(#4117)SHAPE_REPRESENTATION_RELATIONSHIP());
#4119=CONTEXT_DEPENDENT_SHAPE_REPRESENTATION(#4118,#4108);
#4122=CARTESIAN_POINT('centre point',(2.25E0,-1.248447680929E1,
4.233708932202E-1));
#4126=CARTESIAN_POINT('',(2.25E0,-1.24E1,2.5E-1));
#4127=DIRECTION('',(0.E0,-1.E0,0.E0));
#4128=DIRECTION('',(1.E0,0.E0,0.E0));
#4129=AXIS2_PLACEMENT_3D('',#4126,#4127,#4128);
#4130=ITEM_DEFINED_TRANSFORMATION('','',#3279,#4129);
#4131=(REPRESENTATION_RELATIONSHIP('','',#3280,#2718)REPRESENTATION_RELATIONSHIP_WITH_TRANSFORMATION(#4130)SHAPE_REPRESENTATION_RELATIONSHIP());
#4132=CONTEXT_DEPENDENT_SHAPE_REPRESENTATION(#4131,#4121);
#4135=CARTESIAN_POINT('centre point',(1.75E0,-1.248447680929E1,
4.233708932202E-1));
#4139=CARTESIAN_POINT('',(1.75E0,-1.24E1,2.5E-1));
#4140=DIRECTION('',(0.E0,-1.E0,0.E0));
#4141=DIRECTION('',(1.E0,0.E0,0.E0));
#4142=AXIS2_PLACEMENT_3D('',#4139,#4140,#4141);
#4143=ITEM_DEFINED_TRANSFORMATION('','',#3279,#4142);
#4144=(REPRESENTATION_RELATIONSHIP('','',#3280,#2718)REPRESENTATION_RELATIONSHIP_WITH_TRANSFORMATION(#4143)SHAPE_REPRESENTATION_RELATIONSHIP());
#4145=CONTEXT_DEPENDENT_SHAPE_REPRESENTATION(#4144,#4134);
#4148=CARTESIAN_POINT('centre point',(1.25E0,-1.248447680929E1,
4.233708932202E-1));
#4152=CARTESIAN_POINT('',(1.25E0,-1.24E1,2.5E-1));
#4153=DIRECTION('',(0.E0,-1.E0,0.E0));
#4154=DIRECTION('',(1.E0,0.E0,0.E0));
#4155=AXIS2_PLACEMENT_3D('',#4152,#4153,#4154);
#4156=ITEM_DEFINED_TRANSFORMATION('','',#3279,#4155);
#4157=(REPRESENTATION_RELATIONSHIP('','',#3280,#2718)REPRESENTATION_RELATIONSHIP_WITH_TRANSFORMATION(#4156)SHAPE_REPRESENTATION_RELATIONSHIP());
#4158=CONTEXT_DEPENDENT_SHAPE_REPRESENTATION(#4157,#4147);
#4161=CARTESIAN_POINT('centre point',(7.5E-1,-1.248447680929E1,
4.233708932202E-1));
#4165=CARTESIAN_POINT('',(7.5E-1,-1.24E1,2.5E-1));
#4166=DIRECTION('',(0.E0,-1.E0,0.E0));
#4167=DIRECTION('',(1.E0,0.E0,0.E0));
#4168=AXIS2_PLACEMENT_3D('',#4165,#4166,#4167);
#4169=ITEM_DEFINED_TRANSFORMATION('','',#3279,#4168);
#4170=(REPRESENTATION_RELATIONSHIP('','',#3280,#2718)REPRESENTATION_RELATIONSHIP_WITH_TRANSFORMATION(#4169)SHAPE_REPRESENTATION_RELATIONSHIP());
#4171=CONTEXT_DEPENDENT_SHAPE_REPRESENTATION(#4170,#4160);
#4174=CARTESIAN_POINT('centre point',(2.5E-1,-1.248447680929E1,
4.233708932202E-1));
#4178=CARTESIAN_POINT('',(2.5E-1,-1.24E1,2.5E-1));
#4179=DIRECTION('',(0.E0,-1.E0,0.E0));
#4180=DIRECTION('',(1.E0,0.E0,0.E0));
#4181=AXIS2_PLACEMENT_3D('',#4178,#4179,#4180);
#4182=ITEM_DEFINED_TRANSFORMATION('','',#3279,#4181);
#4183=(REPRESENTATION_RELATIONSHIP('','',#3280,#2718)REPRESENTATION_RELATIONSHIP_WITH_TRANSFORMATION(#4182)SHAPE_REPRESENTATION_RELATIONSHIP());
#4184=CONTEXT_DEPENDENT_SHAPE_REPRESENTATION(#4183,#4173);
#4187=CARTESIAN_POINT('centre point',(-2.5E-1,-1.248447680929E1,
4.233708932202E-1));
#4191=CARTESIAN_POINT('',(-2.5E-1,-1.24E1,2.5E-1));
#4192=DIRECTION('',(0.E0,-1.E0,0.E0));
#4193=DIRECTION('',(1.E0,0.E0,0.E0));
#4194=AXIS2_PLACEMENT_3D('',#4191,#4192,#4193);
#4195=ITEM_DEFINED_TRANSFORMATION('','',#3279,#4194);
#4196=(REPRESENTATION_RELATIONSHIP('','',#3280,#2718)REPRESENTATION_RELATIONSHIP_WITH_TRANSFORMATION(#4195)SHAPE_REPRESENTATION_RELATIONSHIP());
#4197=CONTEXT_DEPENDENT_SHAPE_REPRESENTATION(#4196,#4186);
#4200=CARTESIAN_POINT('centre point',(-7.5E-1,-1.248447680929E1,
4.233708932202E-1));
#4204=CARTESIAN_POINT('',(-7.5E-1,-1.24E1,2.5E-1));
#4205=DIRECTION('',(0.E0,-1.E0,0.E0));
#4206=DIRECTION('',(1.E0,0.E0,0.E0));
#4207=AXIS2_PLACEMENT_3D('',#4204,#4205,#4206);
#4208=ITEM_DEFINED_TRANSFORMATION('','',#3279,#4207);
#4209=(REPRESENTATION_RELATIONSHIP('','',#3280,#2718)REPRESENTATION_RELATIONSHIP_WITH_TRANSFORMATION(#4208)SHAPE_REPRESENTATION_RELATIONSHIP());
#4210=CONTEXT_DEPENDENT_SHAPE_REPRESENTATION(#4209,#4199);
#4213=CARTESIAN_POINT('centre point',(-1.25E0,-1.248447680929E1,
4.233708932202E-1));
#4217=CARTESIAN_POINT('',(-1.25E0,-1.24E1,2.5E-1));
#4218=DIRECTION('',(0.E0,-1.E0,0.E0));
#4219=DIRECTION('',(1.E0,0.E0,0.E0));
#4220=AXIS2_PLACEMENT_3D('',#4217,#4218,#4219);
#4221=ITEM_DEFINED_TRANSFORMATION('','',#3279,#4220);
#4222=(REPRESENTATION_RELATIONSHIP('','',#3280,#2718)REPRESENTATION_RELATIONSHIP_WITH_TRANSFORMATION(#4221)SHAPE_REPRESENTATION_RELATIONSHIP());
#4223=CONTEXT_DEPENDENT_SHAPE_REPRESENTATION(#4222,#4212);
#4226=CARTESIAN_POINT('centre point',(-1.75E0,-1.248447680929E1,
4.233708932202E-1));
#4230=CARTESIAN_POINT('',(-1.75E0,-1.24E1,2.5E-1));
#4231=DIRECTION('',(0.E0,-1.E0,0.E0));
#4232=DIRECTION('',(1.E0,0.E0,0.E0));
#4233=AXIS2_PLACEMENT_3D('',#4230,#4231,#4232);
#4234=ITEM_DEFINED_TRANSFORMATION('','',#3279,#4233);
#4235=(REPRESENTATION_RELATIONSHIP('','',#3280,#2718)REPRESENTATION_RELATIONSHIP_WITH_TRANSFORMATION(#4234)SHAPE_REPRESENTATION_RELATIONSHIP());
#4236=CONTEXT_DEPENDENT_SHAPE_REPRESENTATION(#4235,#4225);
#4239=CARTESIAN_POINT('centre point',(-2.25E0,-1.248447680929E1,
4.233708932202E-1));
#4243=CARTESIAN_POINT('',(-2.25E0,-1.24E1,2.5E-1));
#4244=DIRECTION('',(0.E0,-1.E0,0.E0));
#4245=DIRECTION('',(1.E0,0.E0,0.E0));
#4246=AXIS2_PLACEMENT_3D('',#4243,#4244,#4245);
#4247=ITEM_DEFINED_TRANSFORMATION('','',#3279,#4246);
#4248=(REPRESENTATION_RELATIONSHIP('','',#3280,#2718)REPRESENTATION_RELATIONSHIP_WITH_TRANSFORMATION(#4247)SHAPE_REPRESENTATION_RELATIONSHIP());
#4249=CONTEXT_DEPENDENT_SHAPE_REPRESENTATION(#4248,#4238);
#4252=CARTESIAN_POINT('centre point',(-2.75E0,-1.248447680929E1,
4.233708932202E-1));
#4256=CARTESIAN_POINT('',(-2.75E0,-1.24E1,2.5E-1));
#4257=DIRECTION('',(0.E0,-1.E0,0.E0));
#4258=DIRECTION('',(1.E0,0.E0,0.E0));
#4259=AXIS2_PLACEMENT_3D('',#4256,#4257,#4258);
#4260=ITEM_DEFINED_TRANSFORMATION('','',#3279,#4259);
#4261=(REPRESENTATION_RELATIONSHIP('','',#3280,#2718)REPRESENTATION_RELATIONSHIP_WITH_TRANSFORMATION(#4260)SHAPE_REPRESENTATION_RELATIONSHIP());
#4262=CONTEXT_DEPENDENT_SHAPE_REPRESENTATION(#4261,#4251);
#4265=CARTESIAN_POINT('centre point',(-3.25E0,-1.248447680929E1,
4.233708932202E-1));
#4269=CARTESIAN_POINT('',(-3.25E0,-1.24E1,2.5E-1));
#4270=DIRECTION('',(0.E0,-1.E0,0.E0));
#4271=DIRECTION('',(1.E0,0.E0,0.E0));
#4272=AXIS2_PLACEMENT_3D('',#4269,#4270,#4271);
#4273=ITEM_DEFINED_TRANSFORMATION('','',#3279,#4272);
#4274=(REPRESENTATION_RELATIONSHIP('','',#3280,#2718)REPRESENTATION_RELATIONSHIP_WITH_TRANSFORMATION(#4273)SHAPE_REPRESENTATION_RELATIONSHIP());
#4275=CONTEXT_DEPENDENT_SHAPE_REPRESENTATION(#4274,#4264);
#4278=CARTESIAN_POINT('centre point',(-3.75E0,-1.248447680929E1,
4.233708932202E-1));
#4282=CARTESIAN_POINT('',(-3.75E0,-1.24E1,2.5E-1));
#4283=DIRECTION('',(0.E0,-1.E0,0.E0));
#4284=DIRECTION('',(1.E0,0.E0,0.E0));
#4285=AXIS2_PLACEMENT_3D('',#4282,#4283,#4284);
#4286=ITEM_DEFINED_TRANSFORMATION('','',#3279,#4285);
#4287=(REPRESENTATION_RELATIONSHIP('','',#3280,#2718)REPRESENTATION_RELATIONSHIP_WITH_TRANSFORMATION(#4286)SHAPE_REPRESENTATION_RELATIONSHIP());
#4288=CONTEXT_DEPENDENT_SHAPE_REPRESENTATION(#4287,#4277);
#4291=CARTESIAN_POINT('centre point',(-4.25E0,-1.248447680929E1,
4.233708932202E-1));
#4295=CARTESIAN_POINT('',(-4.25E0,-1.24E1,2.5E-1));
#4296=DIRECTION('',(0.E0,-1.E0,0.E0));
#4297=DIRECTION('',(1.E0,0.E0,0.E0));
#4298=AXIS2_PLACEMENT_3D('',#4295,#4296,#4297);
#4299=ITEM_DEFINED_TRANSFORMATION('','',#3279,#4298);
#4300=(REPRESENTATION_RELATIONSHIP('','',#3280,#2718)REPRESENTATION_RELATIONSHIP_WITH_TRANSFORMATION(#4299)SHAPE_REPRESENTATION_RELATIONSHIP());
#4301=CONTEXT_DEPENDENT_SHAPE_REPRESENTATION(#4300,#4290);
#4304=CARTESIAN_POINT('centre point',(-4.75E0,-1.248447680929E1,
4.233708932202E-1));
#4308=CARTESIAN_POINT('',(-4.75E0,-1.24E1,2.5E-1));
#4309=DIRECTION('',(0.E0,-1.E0,0.E0));
#4310=DIRECTION('',(1.E0,0.E0,0.E0));
#4311=AXIS2_PLACEMENT_3D('',#4308,#4309,#4310);
#4312=ITEM_DEFINED_TRANSFORMATION('','',#3279,#4311);
#4313=(REPRESENTATION_RELATIONSHIP('','',#3280,#2718)REPRESENTATION_RELATIONSHIP_WITH_TRANSFORMATION(#4312)SHAPE_REPRESENTATION_RELATIONSHIP());
#4314=CONTEXT_DEPENDENT_SHAPE_REPRESENTATION(#4313,#4303);
#4317=CARTESIAN_POINT('centre point',(-5.25E0,-1.248447680929E1,
4.233708932202E-1));
#4321=CARTESIAN_POINT('',(-5.25E0,-1.24E1,2.5E-1));
#4322=DIRECTION('',(0.E0,-1.E0,0.E0));
#4323=DIRECTION('',(1.E0,0.E0,0.E0));
#4324=AXIS2_PLACEMENT_3D('',#4321,#4322,#4323);
#4325=ITEM_DEFINED_TRANSFORMATION('','',#3279,#4324);
#4326=(REPRESENTATION_RELATIONSHIP('','',#3280,#2718)REPRESENTATION_RELATIONSHIP_WITH_TRANSFORMATION(#4325)SHAPE_REPRESENTATION_RELATIONSHIP());
#4327=CONTEXT_DEPENDENT_SHAPE_REPRESENTATION(#4326,#4316);
#4330=CARTESIAN_POINT('centre point',(-5.75E0,-1.248447680929E1,
4.233708932202E-1));
#4334=CARTESIAN_POINT('',(-5.75E0,-1.24E1,2.5E-1));
#4335=DIRECTION('',(0.E0,-1.E0,0.E0));
#4336=DIRECTION('',(1.E0,0.E0,0.E0));
#4337=AXIS2_PLACEMENT_3D('',#4334,#4335,#4336);
#4338=ITEM_DEFINED_TRANSFORMATION('','',#3279,#4337);
#4339=(REPRESENTATION_RELATIONSHIP('','',#3280,#2718)REPRESENTATION_RELATIONSHIP_WITH_TRANSFORMATION(#4338)SHAPE_REPRESENTATION_RELATIONSHIP());
#4340=CONTEXT_DEPENDENT_SHAPE_REPRESENTATION(#4339,#4329);
#4343=CARTESIAN_POINT('centre point',(-6.25E0,-1.248447680929E1,
4.233708932202E-1));
#4347=CARTESIAN_POINT('',(-6.25E0,-1.24E1,2.5E-1));
#4348=DIRECTION('',(0.E0,-1.E0,0.E0));
#4349=DIRECTION('',(1.E0,0.E0,0.E0));
#4350=AXIS2_PLACEMENT_3D('',#4347,#4348,#4349);
#4351=ITEM_DEFINED_TRANSFORMATION('','',#3279,#4350);
#4352=(REPRESENTATION_RELATIONSHIP('','',#3280,#2718)REPRESENTATION_RELATIONSHIP_WITH_TRANSFORMATION(#4351)SHAPE_REPRESENTATION_RELATIONSHIP());
#4353=CONTEXT_DEPENDENT_SHAPE_REPRESENTATION(#4352,#4342);
#4356=CARTESIAN_POINT('centre point',(-6.75E0,-1.248447680929E1,
4.233708932202E-1));
#4360=CARTESIAN_POINT('',(-6.75E0,-1.24E1,2.5E-1));
#4361=DIRECTION('',(0.E0,-1.E0,0.E0));
#4362=DIRECTION('',(1.E0,0.E0,0.E0));
#4363=AXIS2_PLACEMENT_3D('',#4360,#4361,#4362);
#4364=ITEM_DEFINED_TRANSFORMATION('','',#3279,#4363);
#4365=(REPRESENTATION_RELATIONSHIP('','',#3280,#2718)REPRESENTATION_RELATIONSHIP_WITH_TRANSFORMATION(#4364)SHAPE_REPRESENTATION_RELATIONSHIP());
#4366=CONTEXT_DEPENDENT_SHAPE_REPRESENTATION(#4365,#4355);
#4369=CARTESIAN_POINT('centre point',(-7.25E0,-1.248447680929E1,
4.233708932202E-1));
#4373=CARTESIAN_POINT('',(-7.25E0,-1.24E1,2.5E-1));
#4374=DIRECTION('',(0.E0,-1.E0,0.E0));
#4375=DIRECTION('',(1.E0,0.E0,0.E0));
#4376=AXIS2_PLACEMENT_3D('',#4373,#4374,#4375);
#4377=ITEM_DEFINED_TRANSFORMATION('','',#3279,#4376);
#4378=(REPRESENTATION_RELATIONSHIP('','',#3280,#2718)REPRESENTATION_RELATIONSHIP_WITH_TRANSFORMATION(#4377)SHAPE_REPRESENTATION_RELATIONSHIP());
#4379=CONTEXT_DEPENDENT_SHAPE_REPRESENTATION(#4378,#4368);
#4382=CARTESIAN_POINT('centre point',(-7.75E0,-1.248447680929E1,
4.233708932202E-1));
#4386=CARTESIAN_POINT('',(-7.75E0,-1.24E1,2.5E-1));
#4387=DIRECTION('',(0.E0,-1.E0,0.E0));
#4388=DIRECTION('',(1.E0,0.E0,0.E0));
#4389=AXIS2_PLACEMENT_3D('',#4386,#4387,#4388);
#4390=ITEM_DEFINED_TRANSFORMATION('','',#3279,#4389);
#4391=(REPRESENTATION_RELATIONSHIP('','',#3280,#2718)REPRESENTATION_RELATIONSHIP_WITH_TRANSFORMATION(#4390)SHAPE_REPRESENTATION_RELATIONSHIP());
#4392=CONTEXT_DEPENDENT_SHAPE_REPRESENTATION(#4391,#4381);
#4395=CARTESIAN_POINT('centre point',(-8.25E0,-1.248447680929E1,
4.233708932202E-1));
#4399=CARTESIAN_POINT('',(-8.25E0,-1.24E1,2.5E-1));
#4400=DIRECTION('',(0.E0,-1.E0,0.E0));
#4401=DIRECTION('',(1.E0,0.E0,0.E0));
#4402=AXIS2_PLACEMENT_3D('',#4399,#4400,#4401);
#4403=ITEM_DEFINED_TRANSFORMATION('','',#3279,#4402);
#4404=(REPRESENTATION_RELATIONSHIP('','',#3280,#2718)REPRESENTATION_RELATIONSHIP_WITH_TRANSFORMATION(#4403)SHAPE_REPRESENTATION_RELATIONSHIP());
#4405=CONTEXT_DEPENDENT_SHAPE_REPRESENTATION(#4404,#4394);
#4408=CARTESIAN_POINT('centre point',(-8.75E0,-1.248447680929E1,
4.233708932202E-1));
#4412=CARTESIAN_POINT('',(-8.75E0,-1.24E1,2.5E-1));
#4413=DIRECTION('',(0.E0,-1.E0,0.E0));
#4414=DIRECTION('',(1.E0,0.E0,0.E0));
#4415=AXIS2_PLACEMENT_3D('',#4412,#4413,#4414);
#4416=ITEM_DEFINED_TRANSFORMATION('','',#3279,#4415);
#4417=(REPRESENTATION_RELATIONSHIP('','',#3280,#2718)REPRESENTATION_RELATIONSHIP_WITH_TRANSFORMATION(#4416)SHAPE_REPRESENTATION_RELATIONSHIP());
#4418=CONTEXT_DEPENDENT_SHAPE_REPRESENTATION(#4417,#4407);
#4421=CARTESIAN_POINT('centre point',(-9.25E0,-1.248447680929E1,
4.233708932202E-1));
#4425=CARTESIAN_POINT('',(-9.25E0,-1.24E1,2.5E-1));
#4426=DIRECTION('',(0.E0,-1.E0,0.E0));
#4427=DIRECTION('',(1.E0,0.E0,0.E0));
#4428=AXIS2_PLACEMENT_3D('',#4425,#4426,#4427);
#4429=ITEM_DEFINED_TRANSFORMATION('','',#3279,#4428);
#4430=(REPRESENTATION_RELATIONSHIP('','',#3280,#2718)REPRESENTATION_RELATIONSHIP_WITH_TRANSFORMATION(#4429)SHAPE_REPRESENTATION_RELATIONSHIP());
#4431=CONTEXT_DEPENDENT_SHAPE_REPRESENTATION(#4430,#4420);
#4434=CARTESIAN_POINT('centre point',(-9.75E0,-1.248447680929E1,
4.233708932202E-1));
#4438=CARTESIAN_POINT('',(-9.75E0,-1.24E1,2.5E-1));
#4439=DIRECTION('',(0.E0,-1.E0,0.E0));
#4440=DIRECTION('',(1.E0,0.E0,0.E0));
#4441=AXIS2_PLACEMENT_3D('',#4438,#4439,#4440);
#4442=ITEM_DEFINED_TRANSFORMATION('','',#3279,#4441);
#4443=(REPRESENTATION_RELATIONSHIP('','',#3280,#2718)REPRESENTATION_RELATIONSHIP_WITH_TRANSFORMATION(#4442)SHAPE_REPRESENTATION_RELATIONSHIP());
#4444=CONTEXT_DEPENDENT_SHAPE_REPRESENTATION(#4443,#4433);
#4447=CARTESIAN_POINT('centre point',(-1.025E1,-1.248447680929E1,
4.233708932202E-1));
#4451=CARTESIAN_POINT('',(-1.025E1,-1.24E1,2.5E-1));
#4452=DIRECTION('',(0.E0,-1.E0,0.E0));
#4453=DIRECTION('',(1.E0,0.E0,0.E0));
#4454=AXIS2_PLACEMENT_3D('',#4451,#4452,#4453);
#4455=ITEM_DEFINED_TRANSFORMATION('','',#3279,#4454);
#4456=(REPRESENTATION_RELATIONSHIP('','',#3280,#2718)REPRESENTATION_RELATIONSHIP_WITH_TRANSFORMATION(#4455)SHAPE_REPRESENTATION_RELATIONSHIP());
#4457=CONTEXT_DEPENDENT_SHAPE_REPRESENTATION(#4456,#4446);
#4460=CARTESIAN_POINT('centre point',(-1.075E1,-1.248447680929E1,
4.233708932202E-1));
#4464=CARTESIAN_POINT('',(-1.075E1,-1.24E1,2.5E-1));
#4465=DIRECTION('',(0.E0,-1.E0,0.E0));
#4466=DIRECTION('',(1.E0,0.E0,0.E0));
#4467=AXIS2_PLACEMENT_3D('',#4464,#4465,#4466);
#4468=ITEM_DEFINED_TRANSFORMATION('','',#3279,#4467);
#4469=(REPRESENTATION_RELATIONSHIP('','',#3280,#2718)REPRESENTATION_RELATIONSHIP_WITH_TRANSFORMATION(#4468)SHAPE_REPRESENTATION_RELATIONSHIP());
#4470=CONTEXT_DEPENDENT_SHAPE_REPRESENTATION(#4469,#4459);
#4473=CARTESIAN_POINT('centre point',(1.248447680929E1,-1.075E1,
4.233708932202E-1));
#4477=CARTESIAN_POINT('',(1.24E1,-1.075E1,2.5E-1));
#4478=DIRECTION('',(1.E0,0.E0,0.E0));
#4479=DIRECTION('',(0.E0,1.E0,0.E0));
#4480=AXIS2_PLACEMENT_3D('',#4477,#4478,#4479);
#4481=ITEM_DEFINED_TRANSFORMATION('','',#3279,#4480);
#4482=(REPRESENTATION_RELATIONSHIP('','',#3280,#2718)REPRESENTATION_RELATIONSHIP_WITH_TRANSFORMATION(#4481)SHAPE_REPRESENTATION_RELATIONSHIP());
#4483=CONTEXT_DEPENDENT_SHAPE_REPRESENTATION(#4482,#4472);
#4486=CARTESIAN_POINT('centre point',(1.248447680929E1,-1.025E1,
4.233708932202E-1));
#4490=CARTESIAN_POINT('',(1.24E1,-1.025E1,2.5E-1));
#4491=DIRECTION('',(1.E0,0.E0,0.E0));
#4492=DIRECTION('',(0.E0,1.E0,0.E0));
#4493=AXIS2_PLACEMENT_3D('',#4490,#4491,#4492);
#4494=ITEM_DEFINED_TRANSFORMATION('','',#3279,#4493);
#4495=(REPRESENTATION_RELATIONSHIP('','',#3280,#2718)REPRESENTATION_RELATIONSHIP_WITH_TRANSFORMATION(#4494)SHAPE_REPRESENTATION_RELATIONSHIP());
#4496=CONTEXT_DEPENDENT_SHAPE_REPRESENTATION(#4495,#4485);
#4499=CARTESIAN_POINT('centre point',(1.248447680929E1,-9.75E0,
4.233708932202E-1));
#4503=CARTESIAN_POINT('',(1.24E1,-9.75E0,2.5E-1));
#4504=DIRECTION('',(1.E0,0.E0,0.E0));
#4505=DIRECTION('',(0.E0,1.E0,0.E0));
#4506=AXIS2_PLACEMENT_3D('',#4503,#4504,#4505);
#4507=ITEM_DEFINED_TRANSFORMATION('','',#3279,#4506);
#4508=(REPRESENTATION_RELATIONSHIP('','',#3280,#2718)REPRESENTATION_RELATIONSHIP_WITH_TRANSFORMATION(#4507)SHAPE_REPRESENTATION_RELATIONSHIP());
#4509=CONTEXT_DEPENDENT_SHAPE_REPRESENTATION(#4508,#4498);
#4512=CARTESIAN_POINT('centre point',(1.248447680929E1,-9.25E0,
4.233708932202E-1));
#4516=CARTESIAN_POINT('',(1.24E1,-9.25E0,2.5E-1));
#4517=DIRECTION('',(1.E0,0.E0,0.E0));
#4518=DIRECTION('',(0.E0,1.E0,0.E0));
#4519=AXIS2_PLACEMENT_3D('',#4516,#4517,#4518);
#4520=ITEM_DEFINED_TRANSFORMATION('','',#3279,#4519);
#4521=(REPRESENTATION_RELATIONSHIP('','',#3280,#2718)REPRESENTATION_RELATIONSHIP_WITH_TRANSFORMATION(#4520)SHAPE_REPRESENTATION_RELATIONSHIP());
#4522=CONTEXT_DEPENDENT_SHAPE_REPRESENTATION(#4521,#4511);
#4525=CARTESIAN_POINT('centre point',(1.248447680929E1,-8.75E0,
4.233708932202E-1));
#4529=CARTESIAN_POINT('',(1.24E1,-8.75E0,2.5E-1));
#4530=DIRECTION('',(1.E0,0.E0,0.E0));
#4531=DIRECTION('',(0.E0,1.E0,0.E0));
#4532=AXIS2_PLACEMENT_3D('',#4529,#4530,#4531);
#4533=ITEM_DEFINED_TRANSFORMATION('','',#3279,#4532);
#4534=(REPRESENTATION_RELATIONSHIP('','',#3280,#2718)REPRESENTATION_RELATIONSHIP_WITH_TRANSFORMATION(#4533)SHAPE_REPRESENTATION_RELATIONSHIP());
#4535=CONTEXT_DEPENDENT_SHAPE_REPRESENTATION(#4534,#4524);
#4538=CARTESIAN_POINT('centre point',(1.248447680929E1,-8.25E0,
4.233708932202E-1));
#4542=CARTESIAN_POINT('',(1.24E1,-8.25E0,2.5E-1));
#4543=DIRECTION('',(1.E0,0.E0,0.E0));
#4544=DIRECTION('',(0.E0,1.E0,0.E0));
#4545=AXIS2_PLACEMENT_3D('',#4542,#4543,#4544);
#4546=ITEM_DEFINED_TRANSFORMATION('','',#3279,#4545);
#4547=(REPRESENTATION_RELATIONSHIP('','',#3280,#2718)REPRESENTATION_RELATIONSHIP_WITH_TRANSFORMATION(#4546)SHAPE_REPRESENTATION_RELATIONSHIP());
#4548=CONTEXT_DEPENDENT_SHAPE_REPRESENTATION(#4547,#4537);
#4551=CARTESIAN_POINT('centre point',(1.248447680929E1,-7.75E0,
4.233708932202E-1));
#4555=CARTESIAN_POINT('',(1.24E1,-7.75E0,2.5E-1));
#4556=DIRECTION('',(1.E0,0.E0,0.E0));
#4557=DIRECTION('',(0.E0,1.E0,0.E0));
#4558=AXIS2_PLACEMENT_3D('',#4555,#4556,#4557);
#4559=ITEM_DEFINED_TRANSFORMATION('','',#3279,#4558);
#4560=(REPRESENTATION_RELATIONSHIP('','',#3280,#2718)REPRESENTATION_RELATIONSHIP_WITH_TRANSFORMATION(#4559)SHAPE_REPRESENTATION_RELATIONSHIP());
#4561=CONTEXT_DEPENDENT_SHAPE_REPRESENTATION(#4560,#4550);
#4564=CARTESIAN_POINT('centre point',(1.248447680929E1,-7.25E0,
4.233708932202E-1));
#4568=CARTESIAN_POINT('',(1.24E1,-7.25E0,2.5E-1));
#4569=DIRECTION('',(1.E0,0.E0,0.E0));
#4570=DIRECTION('',(0.E0,1.E0,0.E0));
#4571=AXIS2_PLACEMENT_3D('',#4568,#4569,#4570);
#4572=ITEM_DEFINED_TRANSFORMATION('','',#3279,#4571);
#4573=(REPRESENTATION_RELATIONSHIP('','',#3280,#2718)REPRESENTATION_RELATIONSHIP_WITH_TRANSFORMATION(#4572)SHAPE_REPRESENTATION_RELATIONSHIP());
#4574=CONTEXT_DEPENDENT_SHAPE_REPRESENTATION(#4573,#4563);
#4577=CARTESIAN_POINT('centre point',(1.248447680929E1,-6.75E0,
4.233708932202E-1));
#4581=CARTESIAN_POINT('',(1.24E1,-6.75E0,2.5E-1));
#4582=DIRECTION('',(1.E0,0.E0,0.E0));
#4583=DIRECTION('',(0.E0,1.E0,0.E0));
#4584=AXIS2_PLACEMENT_3D('',#4581,#4582,#4583);
#4585=ITEM_DEFINED_TRANSFORMATION('','',#3279,#4584);
#4586=(REPRESENTATION_RELATIONSHIP('','',#3280,#2718)REPRESENTATION_RELATIONSHIP_WITH_TRANSFORMATION(#4585)SHAPE_REPRESENTATION_RELATIONSHIP());
#4587=CONTEXT_DEPENDENT_SHAPE_REPRESENTATION(#4586,#4576);
#4590=CARTESIAN_POINT('centre point',(1.248447680929E1,-6.25E0,
4.233708932202E-1));
#4594=CARTESIAN_POINT('',(1.24E1,-6.25E0,2.5E-1));
#4595=DIRECTION('',(1.E0,0.E0,0.E0));
#4596=DIRECTION('',(0.E0,1.E0,0.E0));
#4597=AXIS2_PLACEMENT_3D('',#4594,#4595,#4596);
#4598=ITEM_DEFINED_TRANSFORMATION('','',#3279,#4597);
#4599=(REPRESENTATION_RELATIONSHIP('','',#3280,#2718)REPRESENTATION_RELATIONSHIP_WITH_TRANSFORMATION(#4598)SHAPE_REPRESENTATION_RELATIONSHIP());
#4600=CONTEXT_DEPENDENT_SHAPE_REPRESENTATION(#4599,#4589);
#4603=CARTESIAN_POINT('centre point',(1.248447680929E1,-5.75E0,
4.233708932202E-1));
#4607=CARTESIAN_POINT('',(1.24E1,-5.75E0,2.5E-1));
#4608=DIRECTION('',(1.E0,0.E0,0.E0));
#4609=DIRECTION('',(0.E0,1.E0,0.E0));
#4610=AXIS2_PLACEMENT_3D('',#4607,#4608,#4609);
#4611=ITEM_DEFINED_TRANSFORMATION('','',#3279,#4610);
#4612=(REPRESENTATION_RELATIONSHIP('','',#3280,#2718)REPRESENTATION_RELATIONSHIP_WITH_TRANSFORMATION(#4611)SHAPE_REPRESENTATION_RELATIONSHIP());
#4613=CONTEXT_DEPENDENT_SHAPE_REPRESENTATION(#4612,#4602);
#4616=CARTESIAN_POINT('centre point',(1.248447680929E1,-5.25E0,
4.233708932202E-1));
#4620=CARTESIAN_POINT('',(1.24E1,-5.25E0,2.5E-1));
#4621=DIRECTION('',(1.E0,0.E0,0.E0));
#4622=DIRECTION('',(0.E0,1.E0,0.E0));
#4623=AXIS2_PLACEMENT_3D('',#4620,#4621,#4622);
#4624=ITEM_DEFINED_TRANSFORMATION('','',#3279,#4623);
#4625=(REPRESENTATION_RELATIONSHIP('','',#3280,#2718)REPRESENTATION_RELATIONSHIP_WITH_TRANSFORMATION(#4624)SHAPE_REPRESENTATION_RELATIONSHIP());
#4626=CONTEXT_DEPENDENT_SHAPE_REPRESENTATION(#4625,#4615);
#4629=CARTESIAN_POINT('centre point',(1.248447680929E1,-4.75E0,
4.233708932202E-1));
#4633=CARTESIAN_POINT('',(1.24E1,-4.75E0,2.5E-1));
#4634=DIRECTION('',(1.E0,0.E0,0.E0));
#4635=DIRECTION('',(0.E0,1.E0,0.E0));
#4636=AXIS2_PLACEMENT_3D('',#4633,#4634,#4635);
#4637=ITEM_DEFINED_TRANSFORMATION('','',#3279,#4636);
#4638=(REPRESENTATION_RELATIONSHIP('','',#3280,#2718)REPRESENTATION_RELATIONSHIP_WITH_TRANSFORMATION(#4637)SHAPE_REPRESENTATION_RELATIONSHIP());
#4639=CONTEXT_DEPENDENT_SHAPE_REPRESENTATION(#4638,#4628);
#4642=CARTESIAN_POINT('centre point',(1.248447680929E1,-4.25E0,
4.233708932202E-1));
#4646=CARTESIAN_POINT('',(1.24E1,-4.25E0,2.5E-1));
#4647=DIRECTION('',(1.E0,0.E0,0.E0));
#4648=DIRECTION('',(0.E0,1.E0,0.E0));
#4649=AXIS2_PLACEMENT_3D('',#4646,#4647,#4648);
#4650=ITEM_DEFINED_TRANSFORMATION('','',#3279,#4649);
#4651=(REPRESENTATION_RELATIONSHIP('','',#3280,#2718)REPRESENTATION_RELATIONSHIP_WITH_TRANSFORMATION(#4650)SHAPE_REPRESENTATION_RELATIONSHIP());
#4652=CONTEXT_DEPENDENT_SHAPE_REPRESENTATION(#4651,#4641);
#4655=CARTESIAN_POINT('centre point',(1.248447680929E1,-3.75E0,
4.233708932202E-1));
#4659=CARTESIAN_POINT('',(1.24E1,-3.75E0,2.5E-1));
#4660=DIRECTION('',(1.E0,0.E0,0.E0));
#4661=DIRECTION('',(0.E0,1.E0,0.E0));
#4662=AXIS2_PLACEMENT_3D('',#4659,#4660,#4661);
#4663=ITEM_DEFINED_TRANSFORMATION('','',#3279,#4662);
#4664=(REPRESENTATION_RELATIONSHIP('','',#3280,#2718)REPRESENTATION_RELATIONSHIP_WITH_TRANSFORMATION(#4663)SHAPE_REPRESENTATION_RELATIONSHIP());
#4665=CONTEXT_DEPENDENT_SHAPE_REPRESENTATION(#4664,#4654);
#4668=CARTESIAN_POINT('centre point',(1.248447680929E1,-3.25E0,
4.233708932202E-1));
#4672=CARTESIAN_POINT('',(1.24E1,-3.25E0,2.5E-1));
#4673=DIRECTION('',(1.E0,0.E0,0.E0));
#4674=DIRECTION('',(0.E0,1.E0,0.E0));
#4675=AXIS2_PLACEMENT_3D('',#4672,#4673,#4674);
#4676=ITEM_DEFINED_TRANSFORMATION('','',#3279,#4675);
#4677=(REPRESENTATION_RELATIONSHIP('','',#3280,#2718)REPRESENTATION_RELATIONSHIP_WITH_TRANSFORMATION(#4676)SHAPE_REPRESENTATION_RELATIONSHIP());
#4678=CONTEXT_DEPENDENT_SHAPE_REPRESENTATION(#4677,#4667);
#4681=CARTESIAN_POINT('centre point',(1.248447680929E1,-2.75E0,
4.233708932202E-1));
#4685=CARTESIAN_POINT('',(1.24E1,-2.75E0,2.5E-1));
#4686=DIRECTION('',(1.E0,0.E0,0.E0));
#4687=DIRECTION('',(0.E0,1.E0,0.E0));
#4688=AXIS2_PLACEMENT_3D('',#4685,#4686,#4687);
#4689=ITEM_DEFINED_TRANSFORMATION('','',#3279,#4688);
#4690=(REPRESENTATION_RELATIONSHIP('','',#3280,#2718)REPRESENTATION_RELATIONSHIP_WITH_TRANSFORMATION(#4689)SHAPE_REPRESENTATION_RELATIONSHIP());
#4691=CONTEXT_DEPENDENT_SHAPE_REPRESENTATION(#4690,#4680);
#4694=CARTESIAN_POINT('centre point',(1.248447680929E1,-2.25E0,
4.233708932202E-1));
#4698=CARTESIAN_POINT('',(1.24E1,-2.25E0,2.5E-1));
#4699=DIRECTION('',(1.E0,0.E0,0.E0));
#4700=DIRECTION('',(0.E0,1.E0,0.E0));
#4701=AXIS2_PLACEMENT_3D('',#4698,#4699,#4700);
#4702=ITEM_DEFINED_TRANSFORMATION('','',#3279,#4701);
#4703=(REPRESENTATION_RELATIONSHIP('','',#3280,#2718)REPRESENTATION_RELATIONSHIP_WITH_TRANSFORMATION(#4702)SHAPE_REPRESENTATION_RELATIONSHIP());
#4704=CONTEXT_DEPENDENT_SHAPE_REPRESENTATION(#4703,#4693);
#4707=CARTESIAN_POINT('centre point',(1.248447680929E1,-1.75E0,
4.233708932202E-1));
#4711=CARTESIAN_POINT('',(1.24E1,-1.75E0,2.5E-1));
#4712=DIRECTION('',(1.E0,0.E0,0.E0));
#4713=DIRECTION('',(0.E0,1.E0,0.E0));
#4714=AXIS2_PLACEMENT_3D('',#4711,#4712,#4713);
#4715=ITEM_DEFINED_TRANSFORMATION('','',#3279,#4714);
#4716=(REPRESENTATION_RELATIONSHIP('','',#3280,#2718)REPRESENTATION_RELATIONSHIP_WITH_TRANSFORMATION(#4715)SHAPE_REPRESENTATION_RELATIONSHIP());
#4717=CONTEXT_DEPENDENT_SHAPE_REPRESENTATION(#4716,#4706);
#4720=CARTESIAN_POINT('centre point',(1.248447680929E1,-1.25E0,
4.233708932202E-1));
#4724=CARTESIAN_POINT('',(1.24E1,-1.25E0,2.5E-1));
#4725=DIRECTION('',(1.E0,0.E0,0.E0));
#4726=DIRECTION('',(0.E0,1.E0,0.E0));
#4727=AXIS2_PLACEMENT_3D('',#4724,#4725,#4726);
#4728=ITEM_DEFINED_TRANSFORMATION('','',#3279,#4727);
#4729=(REPRESENTATION_RELATIONSHIP('','',#3280,#2718)REPRESENTATION_RELATIONSHIP_WITH_TRANSFORMATION(#4728)SHAPE_REPRESENTATION_RELATIONSHIP());
#4730=CONTEXT_DEPENDENT_SHAPE_REPRESENTATION(#4729,#4719);
#4733=CARTESIAN_POINT('centre point',(1.248447680929E1,-7.5E-1,
4.233708932202E-1));
#4737=CARTESIAN_POINT('',(1.24E1,-7.5E-1,2.5E-1));
#4738=DIRECTION('',(1.E0,0.E0,0.E0));
#4739=DIRECTION('',(0.E0,1.E0,0.E0));
#4740=AXIS2_PLACEMENT_3D('',#4737,#4738,#4739);
#4741=ITEM_DEFINED_TRANSFORMATION('','',#3279,#4740);
#4742=(REPRESENTATION_RELATIONSHIP('','',#3280,#2718)REPRESENTATION_RELATIONSHIP_WITH_TRANSFORMATION(#4741)SHAPE_REPRESENTATION_RELATIONSHIP());
#4743=CONTEXT_DEPENDENT_SHAPE_REPRESENTATION(#4742,#4732);
#4746=CARTESIAN_POINT('centre point',(1.248447680929E1,-2.5E-1,
4.233708932202E-1));
#4750=CARTESIAN_POINT('',(1.24E1,-2.5E-1,2.5E-1));
#4751=DIRECTION('',(1.E0,0.E0,0.E0));
#4752=DIRECTION('',(0.E0,1.E0,0.E0));
#4753=AXIS2_PLACEMENT_3D('',#4750,#4751,#4752);
#4754=ITEM_DEFINED_TRANSFORMATION('','',#3279,#4753);
#4755=(REPRESENTATION_RELATIONSHIP('','',#3280,#2718)REPRESENTATION_RELATIONSHIP_WITH_TRANSFORMATION(#4754)SHAPE_REPRESENTATION_RELATIONSHIP());
#4756=CONTEXT_DEPENDENT_SHAPE_REPRESENTATION(#4755,#4745);
#4759=CARTESIAN_POINT('centre point',(1.248447680929E1,2.5E-1,
4.233708932202E-1));
#4763=CARTESIAN_POINT('',(1.24E1,2.5E-1,2.5E-1));
#4764=DIRECTION('',(1.E0,0.E0,0.E0));
#4765=DIRECTION('',(0.E0,1.E0,0.E0));
#4766=AXIS2_PLACEMENT_3D('',#4763,#4764,#4765);
#4767=ITEM_DEFINED_TRANSFORMATION('','',#3279,#4766);
#4768=(REPRESENTATION_RELATIONSHIP('','',#3280,#2718)REPRESENTATION_RELATIONSHIP_WITH_TRANSFORMATION(#4767)SHAPE_REPRESENTATION_RELATIONSHIP());
#4769=CONTEXT_DEPENDENT_SHAPE_REPRESENTATION(#4768,#4758);
#4772=CARTESIAN_POINT('centre point',(1.248447680929E1,7.5E-1,
4.233708932202E-1));
#4776=CARTESIAN_POINT('',(1.24E1,7.5E-1,2.5E-1));
#4777=DIRECTION('',(1.E0,0.E0,0.E0));
#4778=DIRECTION('',(0.E0,1.E0,0.E0));
#4779=AXIS2_PLACEMENT_3D('',#4776,#4777,#4778);
#4780=ITEM_DEFINED_TRANSFORMATION('','',#3279,#4779);
#4781=(REPRESENTATION_RELATIONSHIP('','',#3280,#2718)REPRESENTATION_RELATIONSHIP_WITH_TRANSFORMATION(#4780)SHAPE_REPRESENTATION_RELATIONSHIP());
#4782=CONTEXT_DEPENDENT_SHAPE_REPRESENTATION(#4781,#4771);
#4785=CARTESIAN_POINT('centre point',(1.248447680929E1,1.25E0,
4.233708932202E-1));
#4789=CARTESIAN_POINT('',(1.24E1,1.25E0,2.5E-1));
#4790=DIRECTION('',(1.E0,0.E0,0.E0));
#4791=DIRECTION('',(0.E0,1.E0,0.E0));
#4792=AXIS2_PLACEMENT_3D('',#4789,#4790,#4791);
#4793=ITEM_DEFINED_TRANSFORMATION('','',#3279,#4792);
#4794=(REPRESENTATION_RELATIONSHIP('','',#3280,#2718)REPRESENTATION_RELATIONSHIP_WITH_TRANSFORMATION(#4793)SHAPE_REPRESENTATION_RELATIONSHIP());
#4795=CONTEXT_DEPENDENT_SHAPE_REPRESENTATION(#4794,#4784);
#4798=CARTESIAN_POINT('centre point',(1.248447680929E1,1.75E0,
4.233708932202E-1));
#4802=CARTESIAN_POINT('',(1.24E1,1.75E0,2.5E-1));
#4803=DIRECTION('',(1.E0,0.E0,0.E0));
#4804=DIRECTION('',(0.E0,1.E0,0.E0));
#4805=AXIS2_PLACEMENT_3D('',#4802,#4803,#4804);
#4806=ITEM_DEFINED_TRANSFORMATION('','',#3279,#4805);
#4807=(REPRESENTATION_RELATIONSHIP('','',#3280,#2718)REPRESENTATION_RELATIONSHIP_WITH_TRANSFORMATION(#4806)SHAPE_REPRESENTATION_RELATIONSHIP());
#4808=CONTEXT_DEPENDENT_SHAPE_REPRESENTATION(#4807,#4797);
#4811=CARTESIAN_POINT('centre point',(1.248447680929E1,2.25E0,
4.233708932202E-1));
#4815=CARTESIAN_POINT('',(1.24E1,2.25E0,2.5E-1));
#4816=DIRECTION('',(1.E0,0.E0,0.E0));
#4817=DIRECTION('',(0.E0,1.E0,0.E0));
#4818=AXIS2_PLACEMENT_3D('',#4815,#4816,#4817);
#4819=ITEM_DEFINED_TRANSFORMATION('','',#3279,#4818);
#4820=(REPRESENTATION_RELATIONSHIP('','',#3280,#2718)REPRESENTATION_RELATIONSHIP_WITH_TRANSFORMATION(#4819)SHAPE_REPRESENTATION_RELATIONSHIP());
#4821=CONTEXT_DEPENDENT_SHAPE_REPRESENTATION(#4820,#4810);
#4824=CARTESIAN_POINT('centre point',(1.248447680929E1,2.75E0,
4.233708932202E-1));
#4828=CARTESIAN_POINT('',(1.24E1,2.75E0,2.5E-1));
#4829=DIRECTION('',(1.E0,0.E0,0.E0));
#4830=DIRECTION('',(0.E0,1.E0,0.E0));
#4831=AXIS2_PLACEMENT_3D('',#4828,#4829,#4830);
#4832=ITEM_DEFINED_TRANSFORMATION('','',#3279,#4831);
#4833=(REPRESENTATION_RELATIONSHIP('','',#3280,#2718)REPRESENTATION_RELATIONSHIP_WITH_TRANSFORMATION(#4832)SHAPE_REPRESENTATION_RELATIONSHIP());
#4834=CONTEXT_DEPENDENT_SHAPE_REPRESENTATION(#4833,#4823);
#4837=CARTESIAN_POINT('centre point',(1.248447680929E1,3.25E0,
4.233708932202E-1));
#4841=CARTESIAN_POINT('',(1.24E1,3.25E0,2.5E-1));
#4842=DIRECTION('',(1.E0,0.E0,0.E0));
#4843=DIRECTION('',(0.E0,1.E0,0.E0));
#4844=AXIS2_PLACEMENT_3D('',#4841,#4842,#4843);
#4845=ITEM_DEFINED_TRANSFORMATION('','',#3279,#4844);
#4846=(REPRESENTATION_RELATIONSHIP('','',#3280,#2718)REPRESENTATION_RELATIONSHIP_WITH_TRANSFORMATION(#4845)SHAPE_REPRESENTATION_RELATIONSHIP());
#4847=CONTEXT_DEPENDENT_SHAPE_REPRESENTATION(#4846,#4836);
#4850=CARTESIAN_POINT('centre point',(1.248447680929E1,3.75E0,
4.233708932202E-1));
#4854=CARTESIAN_POINT('',(1.24E1,3.75E0,2.5E-1));
#4855=DIRECTION('',(1.E0,0.E0,0.E0));
#4856=DIRECTION('',(0.E0,1.E0,0.E0));
#4857=AXIS2_PLACEMENT_3D('',#4854,#4855,#4856);
#4858=ITEM_DEFINED_TRANSFORMATION('','',#3279,#4857);
#4859=(REPRESENTATION_RELATIONSHIP('','',#3280,#2718)REPRESENTATION_RELATIONSHIP_WITH_TRANSFORMATION(#4858)SHAPE_REPRESENTATION_RELATIONSHIP());
#4860=CONTEXT_DEPENDENT_SHAPE_REPRESENTATION(#4859,#4849);
#4863=CARTESIAN_POINT('centre point',(1.248447680929E1,4.25E0,
4.233708932202E-1));
#4867=CARTESIAN_POINT('',(1.24E1,4.25E0,2.5E-1));
#4868=DIRECTION('',(1.E0,0.E0,0.E0));
#4869=DIRECTION('',(0.E0,1.E0,0.E0));
#4870=AXIS2_PLACEMENT_3D('',#4867,#4868,#4869);
#4871=ITEM_DEFINED_TRANSFORMATION('','',#3279,#4870);
#4872=(REPRESENTATION_RELATIONSHIP('','',#3280,#2718)REPRESENTATION_RELATIONSHIP_WITH_TRANSFORMATION(#4871)SHAPE_REPRESENTATION_RELATIONSHIP());
#4873=CONTEXT_DEPENDENT_SHAPE_REPRESENTATION(#4872,#4862);
#4876=CARTESIAN_POINT('centre point',(1.248447680929E1,4.75E0,
4.233708932202E-1));
#4880=CARTESIAN_POINT('',(1.24E1,4.75E0,2.5E-1));
#4881=DIRECTION('',(1.E0,0.E0,0.E0));
#4882=DIRECTION('',(0.E0,1.E0,0.E0));
#4883=AXIS2_PLACEMENT_3D('',#4880,#4881,#4882);
#4884=ITEM_DEFINED_TRANSFORMATION('','',#3279,#4883);
#4885=(REPRESENTATION_RELATIONSHIP('','',#3280,#2718)REPRESENTATION_RELATIONSHIP_WITH_TRANSFORMATION(#4884)SHAPE_REPRESENTATION_RELATIONSHIP());
#4886=CONTEXT_DEPENDENT_SHAPE_REPRESENTATION(#4885,#4875);
#4889=CARTESIAN_POINT('centre point',(1.248447680929E1,5.25E0,
4.233708932202E-1));
#4893=CARTESIAN_POINT('',(1.24E1,5.25E0,2.5E-1));
#4894=DIRECTION('',(1.E0,0.E0,0.E0));
#4895=DIRECTION('',(0.E0,1.E0,0.E0));
#4896=AXIS2_PLACEMENT_3D('',#4893,#4894,#4895);
#4897=ITEM_DEFINED_TRANSFORMATION('','',#3279,#4896);
#4898=(REPRESENTATION_RELATIONSHIP('','',#3280,#2718)REPRESENTATION_RELATIONSHIP_WITH_TRANSFORMATION(#4897)SHAPE_REPRESENTATION_RELATIONSHIP());
#4899=CONTEXT_DEPENDENT_SHAPE_REPRESENTATION(#4898,#4888);
#4902=CARTESIAN_POINT('centre point',(1.248447680929E1,5.75E0,
4.233708932202E-1));
#4906=CARTESIAN_POINT('',(1.24E1,5.75E0,2.5E-1));
#4907=DIRECTION('',(1.E0,0.E0,0.E0));
#4908=DIRECTION('',(0.E0,1.E0,0.E0));
#4909=AXIS2_PLACEMENT_3D('',#4906,#4907,#4908);
#4910=ITEM_DEFINED_TRANSFORMATION('','',#3279,#4909);
#4911=(REPRESENTATION_RELATIONSHIP('','',#3280,#2718)REPRESENTATION_RELATIONSHIP_WITH_TRANSFORMATION(#4910)SHAPE_REPRESENTATION_RELATIONSHIP());
#4912=CONTEXT_DEPENDENT_SHAPE_REPRESENTATION(#4911,#4901);
#4915=CARTESIAN_POINT('centre point',(1.248447680929E1,6.25E0,
4.233708932202E-1));
#4919=CARTESIAN_POINT('',(1.24E1,6.25E0,2.5E-1));
#4920=DIRECTION('',(1.E0,0.E0,0.E0));
#4921=DIRECTION('',(0.E0,1.E0,0.E0));
#4922=AXIS2_PLACEMENT_3D('',#4919,#4920,#4921);
#4923=ITEM_DEFINED_TRANSFORMATION('','',#3279,#4922);
#4924=(REPRESENTATION_RELATIONSHIP('','',#3280,#2718)REPRESENTATION_RELATIONSHIP_WITH_TRANSFORMATION(#4923)SHAPE_REPRESENTATION_RELATIONSHIP());
#4925=CONTEXT_DEPENDENT_SHAPE_REPRESENTATION(#4924,#4914);
#4928=CARTESIAN_POINT('centre point',(1.248447680929E1,6.75E0,
4.233708932202E-1));
#4932=CARTESIAN_POINT('',(1.24E1,6.75E0,2.5E-1));
#4933=DIRECTION('',(1.E0,0.E0,0.E0));
#4934=DIRECTION('',(0.E0,1.E0,0.E0));
#4935=AXIS2_PLACEMENT_3D('',#4932,#4933,#4934);
#4936=ITEM_DEFINED_TRANSFORMATION('','',#3279,#4935);
#4937=(REPRESENTATION_RELATIONSHIP('','',#3280,#2718)REPRESENTATION_RELATIONSHIP_WITH_TRANSFORMATION(#4936)SHAPE_REPRESENTATION_RELATIONSHIP());
#4938=CONTEXT_DEPENDENT_SHAPE_REPRESENTATION(#4937,#4927);
#4941=CARTESIAN_POINT('centre point',(1.248447680929E1,7.25E0,
4.233708932202E-1));
#4945=CARTESIAN_POINT('',(1.24E1,7.25E0,2.5E-1));
#4946=DIRECTION('',(1.E0,0.E0,0.E0));
#4947=DIRECTION('',(0.E0,1.E0,0.E0));
#4948=AXIS2_PLACEMENT_3D('',#4945,#4946,#4947);
#4949=ITEM_DEFINED_TRANSFORMATION('','',#3279,#4948);
#4950=(REPRESENTATION_RELATIONSHIP('','',#3280,#2718)REPRESENTATION_RELATIONSHIP_WITH_TRANSFORMATION(#4949)SHAPE_REPRESENTATION_RELATIONSHIP());
#4951=CONTEXT_DEPENDENT_SHAPE_REPRESENTATION(#4950,#4940);
#4954=CARTESIAN_POINT('centre point',(1.248447680929E1,7.75E0,
4.233708932202E-1));
#4958=CARTESIAN_POINT('',(1.24E1,7.75E0,2.5E-1));
#4959=DIRECTION('',(1.E0,0.E0,0.E0));
#4960=DIRECTION('',(0.E0,1.E0,0.E0));
#4961=AXIS2_PLACEMENT_3D('',#4958,#4959,#4960);
#4962=ITEM_DEFINED_TRANSFORMATION('','',#3279,#4961);
#4963=(REPRESENTATION_RELATIONSHIP('','',#3280,#2718)REPRESENTATION_RELATIONSHIP_WITH_TRANSFORMATION(#4962)SHAPE_REPRESENTATION_RELATIONSHIP());
#4964=CONTEXT_DEPENDENT_SHAPE_REPRESENTATION(#4963,#4953);
#4967=CARTESIAN_POINT('centre point',(1.248447680929E1,8.25E0,
4.233708932202E-1));
#4971=CARTESIAN_POINT('',(1.24E1,8.25E0,2.5E-1));
#4972=DIRECTION('',(1.E0,0.E0,0.E0));
#4973=DIRECTION('',(0.E0,1.E0,0.E0));
#4974=AXIS2_PLACEMENT_3D('',#4971,#4972,#4973);
#4975=ITEM_DEFINED_TRANSFORMATION('','',#3279,#4974);
#4976=(REPRESENTATION_RELATIONSHIP('','',#3280,#2718)REPRESENTATION_RELATIONSHIP_WITH_TRANSFORMATION(#4975)SHAPE_REPRESENTATION_RELATIONSHIP());
#4977=CONTEXT_DEPENDENT_SHAPE_REPRESENTATION(#4976,#4966);
#4980=CARTESIAN_POINT('centre point',(1.248447680929E1,8.75E0,
4.233708932202E-1));
#4984=CARTESIAN_POINT('',(1.24E1,8.75E0,2.5E-1));
#4985=DIRECTION('',(1.E0,0.E0,0.E0));
#4986=DIRECTION('',(0.E0,1.E0,0.E0));
#4987=AXIS2_PLACEMENT_3D('',#4984,#4985,#4986);
#4988=ITEM_DEFINED_TRANSFORMATION('','',#3279,#4987);
#4989=(REPRESENTATION_RELATIONSHIP('','',#3280,#2718)REPRESENTATION_RELATIONSHIP_WITH_TRANSFORMATION(#4988)SHAPE_REPRESENTATION_RELATIONSHIP());
#4990=CONTEXT_DEPENDENT_SHAPE_REPRESENTATION(#4989,#4979);
#4993=CARTESIAN_POINT('centre point',(1.248447680929E1,9.25E0,
4.233708932202E-1));
#4997=CARTESIAN_POINT('',(1.24E1,9.25E0,2.5E-1));
#4998=DIRECTION('',(1.E0,0.E0,0.E0));
#4999=DIRECTION('',(0.E0,1.E0,0.E0));
#5000=AXIS2_PLACEMENT_3D('',#4997,#4998,#4999);
#5001=ITEM_DEFINED_TRANSFORMATION('','',#3279,#5000);
#5002=(REPRESENTATION_RELATIONSHIP('','',#3280,#2718)REPRESENTATION_RELATIONSHIP_WITH_TRANSFORMATION(#5001)SHAPE_REPRESENTATION_RELATIONSHIP());
#5003=CONTEXT_DEPENDENT_SHAPE_REPRESENTATION(#5002,#4992);
#5006=CARTESIAN_POINT('centre point',(1.248447680929E1,9.75E0,
4.233708932202E-1));
#5010=CARTESIAN_POINT('',(1.24E1,9.75E0,2.5E-1));
#5011=DIRECTION('',(1.E0,0.E0,0.E0));
#5012=DIRECTION('',(0.E0,1.E0,0.E0));
#5013=AXIS2_PLACEMENT_3D('',#5010,#5011,#5012);
#5014=ITEM_DEFINED_TRANSFORMATION('','',#3279,#5013);
#5015=(REPRESENTATION_RELATIONSHIP('','',#3280,#2718)REPRESENTATION_RELATIONSHIP_WITH_TRANSFORMATION(#5014)SHAPE_REPRESENTATION_RELATIONSHIP());
#5016=CONTEXT_DEPENDENT_SHAPE_REPRESENTATION(#5015,#5005);
#5019=CARTESIAN_POINT('centre point',(1.248447680929E1,1.025E1,
4.233708932202E-1));
#5023=CARTESIAN_POINT('',(1.24E1,1.025E1,2.5E-1));
#5024=DIRECTION('',(1.E0,0.E0,0.E0));
#5025=DIRECTION('',(0.E0,1.E0,0.E0));
#5026=AXIS2_PLACEMENT_3D('',#5023,#5024,#5025);
#5027=ITEM_DEFINED_TRANSFORMATION('','',#3279,#5026);
#5028=(REPRESENTATION_RELATIONSHIP('','',#3280,#2718)REPRESENTATION_RELATIONSHIP_WITH_TRANSFORMATION(#5027)SHAPE_REPRESENTATION_RELATIONSHIP());
#5029=CONTEXT_DEPENDENT_SHAPE_REPRESENTATION(#5028,#5018);
#5032=CARTESIAN_POINT('centre point',(1.248447680929E1,1.075E1,
4.233708932202E-1));
#5036=CARTESIAN_POINT('',(1.24E1,1.075E1,2.5E-1));
#5037=DIRECTION('',(1.E0,0.E0,0.E0));
#5038=DIRECTION('',(0.E0,1.E0,0.E0));
#5039=AXIS2_PLACEMENT_3D('',#5036,#5037,#5038);
#5040=ITEM_DEFINED_TRANSFORMATION('','',#3279,#5039);
#5041=(REPRESENTATION_RELATIONSHIP('','',#3280,#2718)REPRESENTATION_RELATIONSHIP_WITH_TRANSFORMATION(#5040)SHAPE_REPRESENTATION_RELATIONSHIP());
#5042=CONTEXT_DEPENDENT_SHAPE_REPRESENTATION(#5041,#5031);
#5045=CARTESIAN_POINT('centre point',(-1.075E1,1.248447680929E1,
4.233708932202E-1));
#5049=CARTESIAN_POINT('',(-1.075E1,1.24E1,2.5E-1));
#5050=DIRECTION('',(0.E0,1.E0,0.E0));
#5051=DIRECTION('',(-1.E0,0.E0,0.E0));
#5052=AXIS2_PLACEMENT_3D('',#5049,#5050,#5051);
#5053=ITEM_DEFINED_TRANSFORMATION('','',#3279,#5052);
#5054=(REPRESENTATION_RELATIONSHIP('','',#3280,#2718)REPRESENTATION_RELATIONSHIP_WITH_TRANSFORMATION(#5053)SHAPE_REPRESENTATION_RELATIONSHIP());
#5055=CONTEXT_DEPENDENT_SHAPE_REPRESENTATION(#5054,#5044);
#5058=CARTESIAN_POINT('centre point',(-1.025E1,1.248447680929E1,
4.233708932202E-1));
#5062=CARTESIAN_POINT('',(-1.025E1,1.24E1,2.5E-1));
#5063=DIRECTION('',(0.E0,1.E0,0.E0));
#5064=DIRECTION('',(-1.E0,0.E0,0.E0));
#5065=AXIS2_PLACEMENT_3D('',#5062,#5063,#5064);
#5066=ITEM_DEFINED_TRANSFORMATION('','',#3279,#5065);
#5067=(REPRESENTATION_RELATIONSHIP('','',#3280,#2718)REPRESENTATION_RELATIONSHIP_WITH_TRANSFORMATION(#5066)SHAPE_REPRESENTATION_RELATIONSHIP());
#5068=CONTEXT_DEPENDENT_SHAPE_REPRESENTATION(#5067,#5057);
#5071=CARTESIAN_POINT('centre point',(-9.75E0,1.248447680929E1,
4.233708932202E-1));
#5075=CARTESIAN_POINT('',(-9.75E0,1.24E1,2.5E-1));
#5076=DIRECTION('',(0.E0,1.E0,0.E0));
#5077=DIRECTION('',(-1.E0,0.E0,0.E0));
#5078=AXIS2_PLACEMENT_3D('',#5075,#5076,#5077);
#5079=ITEM_DEFINED_TRANSFORMATION('','',#3279,#5078);
#5080=(REPRESENTATION_RELATIONSHIP('','',#3280,#2718)REPRESENTATION_RELATIONSHIP_WITH_TRANSFORMATION(#5079)SHAPE_REPRESENTATION_RELATIONSHIP());
#5081=CONTEXT_DEPENDENT_SHAPE_REPRESENTATION(#5080,#5070);
#5084=CARTESIAN_POINT('centre point',(-9.25E0,1.248447680929E1,
4.233708932202E-1));
#5088=CARTESIAN_POINT('',(-9.25E0,1.24E1,2.5E-1));
#5089=DIRECTION('',(0.E0,1.E0,0.E0));
#5090=DIRECTION('',(-1.E0,0.E0,0.E0));
#5091=AXIS2_PLACEMENT_3D('',#5088,#5089,#5090);
#5092=ITEM_DEFINED_TRANSFORMATION('','',#3279,#5091);
#5093=(REPRESENTATION_RELATIONSHIP('','',#3280,#2718)REPRESENTATION_RELATIONSHIP_WITH_TRANSFORMATION(#5092)SHAPE_REPRESENTATION_RELATIONSHIP());
#5094=CONTEXT_DEPENDENT_SHAPE_REPRESENTATION(#5093,#5083);
#5097=CARTESIAN_POINT('centre point',(-8.75E0,1.248447680929E1,
4.233708932202E-1));
#5101=CARTESIAN_POINT('',(-8.75E0,1.24E1,2.5E-1));
#5102=DIRECTION('',(0.E0,1.E0,0.E0));
#5103=DIRECTION('',(-1.E0,0.E0,0.E0));
#5104=AXIS2_PLACEMENT_3D('',#5101,#5102,#5103);
#5105=ITEM_DEFINED_TRANSFORMATION('','',#3279,#5104);
#5106=(REPRESENTATION_RELATIONSHIP('','',#3280,#2718)REPRESENTATION_RELATIONSHIP_WITH_TRANSFORMATION(#5105)SHAPE_REPRESENTATION_RELATIONSHIP());
#5107=CONTEXT_DEPENDENT_SHAPE_REPRESENTATION(#5106,#5096);
#5110=CARTESIAN_POINT('centre point',(-8.25E0,1.248447680929E1,
4.233708932202E-1));
#5114=CARTESIAN_POINT('',(-8.25E0,1.24E1,2.5E-1));
#5115=DIRECTION('',(0.E0,1.E0,0.E0));
#5116=DIRECTION('',(-1.E0,0.E0,0.E0));
#5117=AXIS2_PLACEMENT_3D('',#5114,#5115,#5116);
#5118=ITEM_DEFINED_TRANSFORMATION('','',#3279,#5117);
#5119=(REPRESENTATION_RELATIONSHIP('','',#3280,#2718)REPRESENTATION_RELATIONSHIP_WITH_TRANSFORMATION(#5118)SHAPE_REPRESENTATION_RELATIONSHIP());
#5120=CONTEXT_DEPENDENT_SHAPE_REPRESENTATION(#5119,#5109);
#5123=CARTESIAN_POINT('centre point',(-7.75E0,1.248447680929E1,
4.233708932202E-1));
#5127=CARTESIAN_POINT('',(-7.75E0,1.24E1,2.5E-1));
#5128=DIRECTION('',(0.E0,1.E0,0.E0));
#5129=DIRECTION('',(-1.E0,0.E0,0.E0));
#5130=AXIS2_PLACEMENT_3D('',#5127,#5128,#5129);
#5131=ITEM_DEFINED_TRANSFORMATION('','',#3279,#5130);
#5132=(REPRESENTATION_RELATIONSHIP('','',#3280,#2718)REPRESENTATION_RELATIONSHIP_WITH_TRANSFORMATION(#5131)SHAPE_REPRESENTATION_RELATIONSHIP());
#5133=CONTEXT_DEPENDENT_SHAPE_REPRESENTATION(#5132,#5122);
#5136=CARTESIAN_POINT('centre point',(-7.25E0,1.248447680929E1,
4.233708932202E-1));
#5140=CARTESIAN_POINT('',(-7.25E0,1.24E1,2.5E-1));
#5141=DIRECTION('',(0.E0,1.E0,0.E0));
#5142=DIRECTION('',(-1.E0,0.E0,0.E0));
#5143=AXIS2_PLACEMENT_3D('',#5140,#5141,#5142);
#5144=ITEM_DEFINED_TRANSFORMATION('','',#3279,#5143);
#5145=(REPRESENTATION_RELATIONSHIP('','',#3280,#2718)REPRESENTATION_RELATIONSHIP_WITH_TRANSFORMATION(#5144)SHAPE_REPRESENTATION_RELATIONSHIP());
#5146=CONTEXT_DEPENDENT_SHAPE_REPRESENTATION(#5145,#5135);
#5149=CARTESIAN_POINT('centre point',(-6.75E0,1.248447680929E1,
4.233708932202E-1));
#5153=CARTESIAN_POINT('',(-6.75E0,1.24E1,2.5E-1));
#5154=DIRECTION('',(0.E0,1.E0,0.E0));
#5155=DIRECTION('',(-1.E0,0.E0,0.E0));
#5156=AXIS2_PLACEMENT_3D('',#5153,#5154,#5155);
#5157=ITEM_DEFINED_TRANSFORMATION('','',#3279,#5156);
#5158=(REPRESENTATION_RELATIONSHIP('','',#3280,#2718)REPRESENTATION_RELATIONSHIP_WITH_TRANSFORMATION(#5157)SHAPE_REPRESENTATION_RELATIONSHIP());
#5159=CONTEXT_DEPENDENT_SHAPE_REPRESENTATION(#5158,#5148);
#5162=CARTESIAN_POINT('centre point',(-6.25E0,1.248447680929E1,
4.233708932202E-1));
#5166=CARTESIAN_POINT('',(-6.25E0,1.24E1,2.5E-1));
#5167=DIRECTION('',(0.E0,1.E0,0.E0));
#5168=DIRECTION('',(-1.E0,0.E0,0.E0));
#5169=AXIS2_PLACEMENT_3D('',#5166,#5167,#5168);
#5170=ITEM_DEFINED_TRANSFORMATION('','',#3279,#5169);
#5171=(REPRESENTATION_RELATIONSHIP('','',#3280,#2718)REPRESENTATION_RELATIONSHIP_WITH_TRANSFORMATION(#5170)SHAPE_REPRESENTATION_RELATIONSHIP());
#5172=CONTEXT_DEPENDENT_SHAPE_REPRESENTATION(#5171,#5161);
#5175=CARTESIAN_POINT('centre point',(-5.75E0,1.248447680929E1,
4.233708932202E-1));
#5179=CARTESIAN_POINT('',(-5.75E0,1.24E1,2.5E-1));
#5180=DIRECTION('',(0.E0,1.E0,0.E0));
#5181=DIRECTION('',(-1.E0,0.E0,0.E0));
#5182=AXIS2_PLACEMENT_3D('',#5179,#5180,#5181);
#5183=ITEM_DEFINED_TRANSFORMATION('','',#3279,#5182);
#5184=(REPRESENTATION_RELATIONSHIP('','',#3280,#2718)REPRESENTATION_RELATIONSHIP_WITH_TRANSFORMATION(#5183)SHAPE_REPRESENTATION_RELATIONSHIP());
#5185=CONTEXT_DEPENDENT_SHAPE_REPRESENTATION(#5184,#5174);
#5188=CARTESIAN_POINT('centre point',(-5.25E0,1.248447680929E1,
4.233708932202E-1));
#5192=CARTESIAN_POINT('',(-5.25E0,1.24E1,2.5E-1));
#5193=DIRECTION('',(0.E0,1.E0,0.E0));
#5194=DIRECTION('',(-1.E0,0.E0,0.E0));
#5195=AXIS2_PLACEMENT_3D('',#5192,#5193,#5194);
#5196=ITEM_DEFINED_TRANSFORMATION('','',#3279,#5195);
#5197=(REPRESENTATION_RELATIONSHIP('','',#3280,#2718)REPRESENTATION_RELATIONSHIP_WITH_TRANSFORMATION(#5196)SHAPE_REPRESENTATION_RELATIONSHIP());
#5198=CONTEXT_DEPENDENT_SHAPE_REPRESENTATION(#5197,#5187);
#5201=CARTESIAN_POINT('centre point',(-4.75E0,1.248447680929E1,
4.233708932202E-1));
#5205=CARTESIAN_POINT('',(-4.75E0,1.24E1,2.5E-1));
#5206=DIRECTION('',(0.E0,1.E0,0.E0));
#5207=DIRECTION('',(-1.E0,0.E0,0.E0));
#5208=AXIS2_PLACEMENT_3D('',#5205,#5206,#5207);
#5209=ITEM_DEFINED_TRANSFORMATION('','',#3279,#5208);
#5210=(REPRESENTATION_RELATIONSHIP('','',#3280,#2718)REPRESENTATION_RELATIONSHIP_WITH_TRANSFORMATION(#5209)SHAPE_REPRESENTATION_RELATIONSHIP());
#5211=CONTEXT_DEPENDENT_SHAPE_REPRESENTATION(#5210,#5200);
#5214=CARTESIAN_POINT('centre point',(-4.25E0,1.248447680929E1,
4.233708932202E-1));
#5218=CARTESIAN_POINT('',(-4.25E0,1.24E1,2.5E-1));
#5219=DIRECTION('',(0.E0,1.E0,0.E0));
#5220=DIRECTION('',(-1.E0,0.E0,0.E0));
#5221=AXIS2_PLACEMENT_3D('',#5218,#5219,#5220);
#5222=ITEM_DEFINED_TRANSFORMATION('','',#3279,#5221);
#5223=(REPRESENTATION_RELATIONSHIP('','',#3280,#2718)REPRESENTATION_RELATIONSHIP_WITH_TRANSFORMATION(#5222)SHAPE_REPRESENTATION_RELATIONSHIP());
#5224=CONTEXT_DEPENDENT_SHAPE_REPRESENTATION(#5223,#5213);
#5227=CARTESIAN_POINT('centre point',(-3.75E0,1.248447680929E1,
4.233708932202E-1));
#5231=CARTESIAN_POINT('',(-3.75E0,1.24E1,2.5E-1));
#5232=DIRECTION('',(0.E0,1.E0,0.E0));
#5233=DIRECTION('',(-1.E0,0.E0,0.E0));
#5234=AXIS2_PLACEMENT_3D('',#5231,#5232,#5233);
#5235=ITEM_DEFINED_TRANSFORMATION('','',#3279,#5234);
#5236=(REPRESENTATION_RELATIONSHIP('','',#3280,#2718)REPRESENTATION_RELATIONSHIP_WITH_TRANSFORMATION(#5235)SHAPE_REPRESENTATION_RELATIONSHIP());
#5237=CONTEXT_DEPENDENT_SHAPE_REPRESENTATION(#5236,#5226);
#5240=CARTESIAN_POINT('centre point',(-3.25E0,1.248447680929E1,
4.233708932202E-1));
#5244=CARTESIAN_POINT('',(-3.25E0,1.24E1,2.5E-1));
#5245=DIRECTION('',(0.E0,1.E0,0.E0));
#5246=DIRECTION('',(-1.E0,0.E0,0.E0));
#5247=AXIS2_PLACEMENT_3D('',#5244,#5245,#5246);
#5248=ITEM_DEFINED_TRANSFORMATION('','',#3279,#5247);
#5249=(REPRESENTATION_RELATIONSHIP('','',#3280,#2718)REPRESENTATION_RELATIONSHIP_WITH_TRANSFORMATION(#5248)SHAPE_REPRESENTATION_RELATIONSHIP());
#5250=CONTEXT_DEPENDENT_SHAPE_REPRESENTATION(#5249,#5239);
#5253=CARTESIAN_POINT('centre point',(-2.75E0,1.248447680929E1,
4.233708932202E-1));
#5257=CARTESIAN_POINT('',(-2.75E0,1.24E1,2.5E-1));
#5258=DIRECTION('',(0.E0,1.E0,0.E0));
#5259=DIRECTION('',(-1.E0,0.E0,0.E0));
#5260=AXIS2_PLACEMENT_3D('',#5257,#5258,#5259);
#5261=ITEM_DEFINED_TRANSFORMATION('','',#3279,#5260);
#5262=(REPRESENTATION_RELATIONSHIP('','',#3280,#2718)REPRESENTATION_RELATIONSHIP_WITH_TRANSFORMATION(#5261)SHAPE_REPRESENTATION_RELATIONSHIP());
#5263=CONTEXT_DEPENDENT_SHAPE_REPRESENTATION(#5262,#5252);
#5266=CARTESIAN_POINT('centre point',(-2.25E0,1.248447680929E1,
4.233708932202E-1));
#5270=CARTESIAN_POINT('',(-2.25E0,1.24E1,2.5E-1));
#5271=DIRECTION('',(0.E0,1.E0,0.E0));
#5272=DIRECTION('',(-1.E0,0.E0,0.E0));
#5273=AXIS2_PLACEMENT_3D('',#5270,#5271,#5272);
#5274=ITEM_DEFINED_TRANSFORMATION('','',#3279,#5273);
#5275=(REPRESENTATION_RELATIONSHIP('','',#3280,#2718)REPRESENTATION_RELATIONSHIP_WITH_TRANSFORMATION(#5274)SHAPE_REPRESENTATION_RELATIONSHIP());
#5276=CONTEXT_DEPENDENT_SHAPE_REPRESENTATION(#5275,#5265);
#5279=CARTESIAN_POINT('centre point',(-1.75E0,1.248447680929E1,
4.233708932202E-1));
#5283=CARTESIAN_POINT('',(-1.75E0,1.24E1,2.5E-1));
#5284=DIRECTION('',(0.E0,1.E0,0.E0));
#5285=DIRECTION('',(-1.E0,0.E0,0.E0));
#5286=AXIS2_PLACEMENT_3D('',#5283,#5284,#5285);
#5287=ITEM_DEFINED_TRANSFORMATION('','',#3279,#5286);
#5288=(REPRESENTATION_RELATIONSHIP('','',#3280,#2718)REPRESENTATION_RELATIONSHIP_WITH_TRANSFORMATION(#5287)SHAPE_REPRESENTATION_RELATIONSHIP());
#5289=CONTEXT_DEPENDENT_SHAPE_REPRESENTATION(#5288,#5278);
#5292=CARTESIAN_POINT('centre point',(-1.25E0,1.248447680929E1,
4.233708932202E-1));
#5296=CARTESIAN_POINT('',(-1.25E0,1.24E1,2.5E-1));
#5297=DIRECTION('',(0.E0,1.E0,0.E0));
#5298=DIRECTION('',(-1.E0,0.E0,0.E0));
#5299=AXIS2_PLACEMENT_3D('',#5296,#5297,#5298);
#5300=ITEM_DEFINED_TRANSFORMATION('','',#3279,#5299);
#5301=(REPRESENTATION_RELATIONSHIP('','',#3280,#2718)REPRESENTATION_RELATIONSHIP_WITH_TRANSFORMATION(#5300)SHAPE_REPRESENTATION_RELATIONSHIP());
#5302=CONTEXT_DEPENDENT_SHAPE_REPRESENTATION(#5301,#5291);
#5305=CARTESIAN_POINT('centre point',(-7.5E-1,1.248447680929E1,
4.233708932202E-1));
#5309=CARTESIAN_POINT('',(-7.5E-1,1.24E1,2.5E-1));
#5310=DIRECTION('',(0.E0,1.E0,0.E0));
#5311=DIRECTION('',(-1.E0,0.E0,0.E0));
#5312=AXIS2_PLACEMENT_3D('',#5309,#5310,#5311);
#5313=ITEM_DEFINED_TRANSFORMATION('','',#3279,#5312);
#5314=(REPRESENTATION_RELATIONSHIP('','',#3280,#2718)REPRESENTATION_RELATIONSHIP_WITH_TRANSFORMATION(#5313)SHAPE_REPRESENTATION_RELATIONSHIP());
#5315=CONTEXT_DEPENDENT_SHAPE_REPRESENTATION(#5314,#5304);
#5318=CARTESIAN_POINT('centre point',(-2.5E-1,1.248447680929E1,
4.233708932202E-1));
#5322=CARTESIAN_POINT('',(-2.5E-1,1.24E1,2.5E-1));
#5323=DIRECTION('',(0.E0,1.E0,0.E0));
#5324=DIRECTION('',(-1.E0,0.E0,0.E0));
#5325=AXIS2_PLACEMENT_3D('',#5322,#5323,#5324);
#5326=ITEM_DEFINED_TRANSFORMATION('','',#3279,#5325);
#5327=(REPRESENTATION_RELATIONSHIP('','',#3280,#2718)REPRESENTATION_RELATIONSHIP_WITH_TRANSFORMATION(#5326)SHAPE_REPRESENTATION_RELATIONSHIP());
#5328=CONTEXT_DEPENDENT_SHAPE_REPRESENTATION(#5327,#5317);
#5331=CARTESIAN_POINT('centre point',(2.5E-1,1.248447680929E1,
4.233708932202E-1));
#5335=CARTESIAN_POINT('',(2.5E-1,1.24E1,2.5E-1));
#5336=DIRECTION('',(0.E0,1.E0,0.E0));
#5337=DIRECTION('',(-1.E0,0.E0,0.E0));
#5338=AXIS2_PLACEMENT_3D('',#5335,#5336,#5337);
#5339=ITEM_DEFINED_TRANSFORMATION('','',#3279,#5338);
#5340=(REPRESENTATION_RELATIONSHIP('','',#3280,#2718)REPRESENTATION_RELATIONSHIP_WITH_TRANSFORMATION(#5339)SHAPE_REPRESENTATION_RELATIONSHIP());
#5341=CONTEXT_DEPENDENT_SHAPE_REPRESENTATION(#5340,#5330);
#5344=CARTESIAN_POINT('centre point',(7.5E-1,1.248447680929E1,
4.233708932202E-1));
#5348=CARTESIAN_POINT('',(7.5E-1,1.24E1,2.5E-1));
#5349=DIRECTION('',(0.E0,1.E0,0.E0));
#5350=DIRECTION('',(-1.E0,0.E0,0.E0));
#5351=AXIS2_PLACEMENT_3D('',#5348,#5349,#5350);
#5352=ITEM_DEFINED_TRANSFORMATION('','',#3279,#5351);
#5353=(REPRESENTATION_RELATIONSHIP('','',#3280,#2718)REPRESENTATION_RELATIONSHIP_WITH_TRANSFORMATION(#5352)SHAPE_REPRESENTATION_RELATIONSHIP());
#5354=CONTEXT_DEPENDENT_SHAPE_REPRESENTATION(#5353,#5343);
#5357=CARTESIAN_POINT('centre point',(1.25E0,1.248447680929E1,
4.233708932202E-1));
#5361=CARTESIAN_POINT('',(1.25E0,1.24E1,2.5E-1));
#5362=DIRECTION('',(0.E0,1.E0,0.E0));
#5363=DIRECTION('',(-1.E0,0.E0,0.E0));
#5364=AXIS2_PLACEMENT_3D('',#5361,#5362,#5363);
#5365=ITEM_DEFINED_TRANSFORMATION('','',#3279,#5364);
#5366=(REPRESENTATION_RELATIONSHIP('','',#3280,#2718)REPRESENTATION_RELATIONSHIP_WITH_TRANSFORMATION(#5365)SHAPE_REPRESENTATION_RELATIONSHIP());
#5367=CONTEXT_DEPENDENT_SHAPE_REPRESENTATION(#5366,#5356);
#5370=CARTESIAN_POINT('centre point',(1.75E0,1.248447680929E1,
4.233708932202E-1));
#5374=CARTESIAN_POINT('',(1.75E0,1.24E1,2.5E-1));
#5375=DIRECTION('',(0.E0,1.E0,0.E0));
#5376=DIRECTION('',(-1.E0,0.E0,0.E0));
#5377=AXIS2_PLACEMENT_3D('',#5374,#5375,#5376);
#5378=ITEM_DEFINED_TRANSFORMATION('','',#3279,#5377);
#5379=(REPRESENTATION_RELATIONSHIP('','',#3280,#2718)REPRESENTATION_RELATIONSHIP_WITH_TRANSFORMATION(#5378)SHAPE_REPRESENTATION_RELATIONSHIP());
#5380=CONTEXT_DEPENDENT_SHAPE_REPRESENTATION(#5379,#5369);
#5383=CARTESIAN_POINT('centre point',(2.25E0,1.248447680929E1,
4.233708932202E-1));
#5387=CARTESIAN_POINT('',(2.25E0,1.24E1,2.5E-1));
#5388=DIRECTION('',(0.E0,1.E0,0.E0));
#5389=DIRECTION('',(-1.E0,0.E0,0.E0));
#5390=AXIS2_PLACEMENT_3D('',#5387,#5388,#5389);
#5391=ITEM_DEFINED_TRANSFORMATION('','',#3279,#5390);
#5392=(REPRESENTATION_RELATIONSHIP('','',#3280,#2718)REPRESENTATION_RELATIONSHIP_WITH_TRANSFORMATION(#5391)SHAPE_REPRESENTATION_RELATIONSHIP());
#5393=CONTEXT_DEPENDENT_SHAPE_REPRESENTATION(#5392,#5382);
#5396=CARTESIAN_POINT('centre point',(2.75E0,1.248447680929E1,
4.233708932202E-1));
#5400=CARTESIAN_POINT('',(2.75E0,1.24E1,2.5E-1));
#5401=DIRECTION('',(0.E0,1.E0,0.E0));
#5402=DIRECTION('',(-1.E0,0.E0,0.E0));
#5403=AXIS2_PLACEMENT_3D('',#5400,#5401,#5402);
#5404=ITEM_DEFINED_TRANSFORMATION('','',#3279,#5403);
#5405=(REPRESENTATION_RELATIONSHIP('','',#3280,#2718)REPRESENTATION_RELATIONSHIP_WITH_TRANSFORMATION(#5404)SHAPE_REPRESENTATION_RELATIONSHIP());
#5406=CONTEXT_DEPENDENT_SHAPE_REPRESENTATION(#5405,#5395);
#5409=CARTESIAN_POINT('centre point',(3.25E0,1.248447680929E1,
4.233708932202E-1));
#5413=CARTESIAN_POINT('',(3.25E0,1.24E1,2.5E-1));
#5414=DIRECTION('',(0.E0,1.E0,0.E0));
#5415=DIRECTION('',(-1.E0,0.E0,0.E0));
#5416=AXIS2_PLACEMENT_3D('',#5413,#5414,#5415);
#5417=ITEM_DEFINED_TRANSFORMATION('','',#3279,#5416);
#5418=(REPRESENTATION_RELATIONSHIP('','',#3280,#2718)REPRESENTATION_RELATIONSHIP_WITH_TRANSFORMATION(#5417)SHAPE_REPRESENTATION_RELATIONSHIP());
#5419=CONTEXT_DEPENDENT_SHAPE_REPRESENTATION(#5418,#5408);
#5422=CARTESIAN_POINT('centre point',(3.75E0,1.248447680929E1,
4.233708932202E-1));
#5426=CARTESIAN_POINT('',(3.75E0,1.24E1,2.5E-1));
#5427=DIRECTION('',(0.E0,1.E0,0.E0));
#5428=DIRECTION('',(-1.E0,0.E0,0.E0));
#5429=AXIS2_PLACEMENT_3D('',#5426,#5427,#5428);
#5430=ITEM_DEFINED_TRANSFORMATION('','',#3279,#5429);
#5431=(REPRESENTATION_RELATIONSHIP('','',#3280,#2718)REPRESENTATION_RELATIONSHIP_WITH_TRANSFORMATION(#5430)SHAPE_REPRESENTATION_RELATIONSHIP());
#5432=CONTEXT_DEPENDENT_SHAPE_REPRESENTATION(#5431,#5421);
#5435=CARTESIAN_POINT('centre point',(4.25E0,1.248447680929E1,
4.233708932202E-1));
#5439=CARTESIAN_POINT('',(4.25E0,1.24E1,2.5E-1));
#5440=DIRECTION('',(0.E0,1.E0,0.E0));
#5441=DIRECTION('',(-1.E0,0.E0,0.E0));
#5442=AXIS2_PLACEMENT_3D('',#5439,#5440,#5441);
#5443=ITEM_DEFINED_TRANSFORMATION('','',#3279,#5442);
#5444=(REPRESENTATION_RELATIONSHIP('','',#3280,#2718)REPRESENTATION_RELATIONSHIP_WITH_TRANSFORMATION(#5443)SHAPE_REPRESENTATION_RELATIONSHIP());
#5445=CONTEXT_DEPENDENT_SHAPE_REPRESENTATION(#5444,#5434);
#5448=CARTESIAN_POINT('centre point',(4.75E0,1.248447680929E1,
4.233708932202E-1));
#5452=CARTESIAN_POINT('',(4.75E0,1.24E1,2.5E-1));
#5453=DIRECTION('',(0.E0,1.E0,0.E0));
#5454=DIRECTION('',(-1.E0,0.E0,0.E0));
#5455=AXIS2_PLACEMENT_3D('',#5452,#5453,#5454);
#5456=ITEM_DEFINED_TRANSFORMATION('','',#3279,#5455);
#5457=(REPRESENTATION_RELATIONSHIP('','',#3280,#2718)REPRESENTATION_RELATIONSHIP_WITH_TRANSFORMATION(#5456)SHAPE_REPRESENTATION_RELATIONSHIP());
#5458=CONTEXT_DEPENDENT_SHAPE_REPRESENTATION(#5457,#5447);
#5461=CARTESIAN_POINT('centre point',(5.25E0,1.248447680929E1,
4.233708932202E-1));
#5465=CARTESIAN_POINT('',(5.25E0,1.24E1,2.5E-1));
#5466=DIRECTION('',(0.E0,1.E0,0.E0));
#5467=DIRECTION('',(-1.E0,0.E0,0.E0));
#5468=AXIS2_PLACEMENT_3D('',#5465,#5466,#5467);
#5469=ITEM_DEFINED_TRANSFORMATION('','',#3279,#5468);
#5470=(REPRESENTATION_RELATIONSHIP('','',#3280,#2718)REPRESENTATION_RELATIONSHIP_WITH_TRANSFORMATION(#5469)SHAPE_REPRESENTATION_RELATIONSHIP());
#5471=CONTEXT_DEPENDENT_SHAPE_REPRESENTATION(#5470,#5460);
#5474=CARTESIAN_POINT('centre point',(5.75E0,1.248447680929E1,
4.233708932202E-1));
#5478=CARTESIAN_POINT('',(5.75E0,1.24E1,2.5E-1));
#5479=DIRECTION('',(0.E0,1.E0,0.E0));
#5480=DIRECTION('',(-1.E0,0.E0,0.E0));
#5481=AXIS2_PLACEMENT_3D('',#5478,#5479,#5480);
#5482=ITEM_DEFINED_TRANSFORMATION('','',#3279,#5481);
#5483=(REPRESENTATION_RELATIONSHIP('','',#3280,#2718)REPRESENTATION_RELATIONSHIP_WITH_TRANSFORMATION(#5482)SHAPE_REPRESENTATION_RELATIONSHIP());
#5484=CONTEXT_DEPENDENT_SHAPE_REPRESENTATION(#5483,#5473);
#5487=CARTESIAN_POINT('centre point',(6.25E0,1.248447680929E1,
4.233708932202E-1));
#5491=CARTESIAN_POINT('',(6.25E0,1.24E1,2.5E-1));
#5492=DIRECTION('',(0.E0,1.E0,0.E0));
#5493=DIRECTION('',(-1.E0,0.E0,0.E0));
#5494=AXIS2_PLACEMENT_3D('',#5491,#5492,#5493);
#5495=ITEM_DEFINED_TRANSFORMATION('','',#3279,#5494);
#5496=(REPRESENTATION_RELATIONSHIP('','',#3280,#2718)REPRESENTATION_RELATIONSHIP_WITH_TRANSFORMATION(#5495)SHAPE_REPRESENTATION_RELATIONSHIP());
#5497=CONTEXT_DEPENDENT_SHAPE_REPRESENTATION(#5496,#5486);
#5500=CARTESIAN_POINT('centre point',(6.75E0,1.248447680929E1,
4.233708932202E-1));
#5504=CARTESIAN_POINT('',(6.75E0,1.24E1,2.5E-1));
#5505=DIRECTION('',(0.E0,1.E0,0.E0));
#5506=DIRECTION('',(-1.E0,0.E0,0.E0));
#5507=AXIS2_PLACEMENT_3D('',#5504,#5505,#5506);
#5508=ITEM_DEFINED_TRANSFORMATION('','',#3279,#5507);
#5509=(REPRESENTATION_RELATIONSHIP('','',#3280,#2718)REPRESENTATION_RELATIONSHIP_WITH_TRANSFORMATION(#5508)SHAPE_REPRESENTATION_RELATIONSHIP());
#5510=CONTEXT_DEPENDENT_SHAPE_REPRESENTATION(#5509,#5499);
#5513=CARTESIAN_POINT('centre point',(7.25E0,1.248447680929E1,
4.233708932202E-1));
#5517=CARTESIAN_POINT('',(7.25E0,1.24E1,2.5E-1));
#5518=DIRECTION('',(0.E0,1.E0,0.E0));
#5519=DIRECTION('',(-1.E0,0.E0,0.E0));
#5520=AXIS2_PLACEMENT_3D('',#5517,#5518,#5519);
#5521=ITEM_DEFINED_TRANSFORMATION('','',#3279,#5520);
#5522=(REPRESENTATION_RELATIONSHIP('','',#3280,#2718)REPRESENTATION_RELATIONSHIP_WITH_TRANSFORMATION(#5521)SHAPE_REPRESENTATION_RELATIONSHIP());
#5523=CONTEXT_DEPENDENT_SHAPE_REPRESENTATION(#5522,#5512);
#5526=CARTESIAN_POINT('centre point',(7.75E0,1.248447680929E1,
4.233708932202E-1));
#5530=CARTESIAN_POINT('',(7.75E0,1.24E1,2.5E-1));
#5531=DIRECTION('',(0.E0,1.E0,0.E0));
#5532=DIRECTION('',(-1.E0,0.E0,0.E0));
#5533=AXIS2_PLACEMENT_3D('',#5530,#5531,#5532);
#5534=ITEM_DEFINED_TRANSFORMATION('','',#3279,#5533);
#5535=(REPRESENTATION_RELATIONSHIP('','',#3280,#2718)REPRESENTATION_RELATIONSHIP_WITH_TRANSFORMATION(#5534)SHAPE_REPRESENTATION_RELATIONSHIP());
#5536=CONTEXT_DEPENDENT_SHAPE_REPRESENTATION(#5535,#5525);
#5539=CARTESIAN_POINT('centre point',(8.25E0,1.248447680929E1,
4.233708932202E-1));
#5543=CARTESIAN_POINT('',(8.25E0,1.24E1,2.5E-1));
#5544=DIRECTION('',(0.E0,1.E0,0.E0));
#5545=DIRECTION('',(-1.E0,0.E0,0.E0));
#5546=AXIS2_PLACEMENT_3D('',#5543,#5544,#5545);
#5547=ITEM_DEFINED_TRANSFORMATION('','',#3279,#5546);
#5548=(REPRESENTATION_RELATIONSHIP('','',#3280,#2718)REPRESENTATION_RELATIONSHIP_WITH_TRANSFORMATION(#5547)SHAPE_REPRESENTATION_RELATIONSHIP());
#5549=CONTEXT_DEPENDENT_SHAPE_REPRESENTATION(#5548,#5538);
#5552=CARTESIAN_POINT('centre point',(8.75E0,1.248447680929E1,
4.233708932202E-1));
#5556=CARTESIAN_POINT('',(8.75E0,1.24E1,2.5E-1));
#5557=DIRECTION('',(0.E0,1.E0,0.E0));
#5558=DIRECTION('',(-1.E0,0.E0,0.E0));
#5559=AXIS2_PLACEMENT_3D('',#5556,#5557,#5558);
#5560=ITEM_DEFINED_TRANSFORMATION('','',#3279,#5559);
#5561=(REPRESENTATION_RELATIONSHIP('','',#3280,#2718)REPRESENTATION_RELATIONSHIP_WITH_TRANSFORMATION(#5560)SHAPE_REPRESENTATION_RELATIONSHIP());
#5562=CONTEXT_DEPENDENT_SHAPE_REPRESENTATION(#5561,#5551);
#5565=CARTESIAN_POINT('centre point',(9.25E0,1.248447680929E1,
4.233708932202E-1));
#5569=CARTESIAN_POINT('',(9.25E0,1.24E1,2.5E-1));
#5570=DIRECTION('',(0.E0,1.E0,0.E0));
#5571=DIRECTION('',(-1.E0,0.E0,0.E0));
#5572=AXIS2_PLACEMENT_3D('',#5569,#5570,#5571);
#5573=ITEM_DEFINED_TRANSFORMATION('','',#3279,#5572);
#5574=(REPRESENTATION_RELATIONSHIP('','',#3280,#2718)REPRESENTATION_RELATIONSHIP_WITH_TRANSFORMATION(#5573)SHAPE_REPRESENTATION_RELATIONSHIP());
#5575=CONTEXT_DEPENDENT_SHAPE_REPRESENTATION(#5574,#5564);
#5578=CARTESIAN_POINT('centre point',(9.75E0,1.248447680929E1,
4.233708932202E-1));
#5582=CARTESIAN_POINT('',(9.75E0,1.24E1,2.5E-1));
#5583=DIRECTION('',(0.E0,1.E0,0.E0));
#5584=DIRECTION('',(-1.E0,0.E0,0.E0));
#5585=AXIS2_PLACEMENT_3D('',#5582,#5583,#5584);
#5586=ITEM_DEFINED_TRANSFORMATION('','',#3279,#5585);
#5587=(REPRESENTATION_RELATIONSHIP('','',#3280,#2718)REPRESENTATION_RELATIONSHIP_WITH_TRANSFORMATION(#5586)SHAPE_REPRESENTATION_RELATIONSHIP());
#5588=CONTEXT_DEPENDENT_SHAPE_REPRESENTATION(#5587,#5577);
#5591=CARTESIAN_POINT('centre point',(1.025E1,1.248447680929E1,
4.233708932202E-1));
#5595=CARTESIAN_POINT('',(1.025E1,1.24E1,2.5E-1));
#5596=DIRECTION('',(0.E0,1.E0,0.E0));
#5597=DIRECTION('',(-1.E0,0.E0,0.E0));
#5598=AXIS2_PLACEMENT_3D('',#5595,#5596,#5597);
#5599=ITEM_DEFINED_TRANSFORMATION('','',#3279,#5598);
#5600=(REPRESENTATION_RELATIONSHIP('','',#3280,#2718)REPRESENTATION_RELATIONSHIP_WITH_TRANSFORMATION(#5599)SHAPE_REPRESENTATION_RELATIONSHIP());
#5601=CONTEXT_DEPENDENT_SHAPE_REPRESENTATION(#5600,#5590);
#5604=CARTESIAN_POINT('centre point',(1.075E1,1.248447680929E1,
4.233708932202E-1));
#5608=CARTESIAN_POINT('',(1.075E1,1.24E1,2.5E-1));
#5609=DIRECTION('',(0.E0,1.E0,0.E0));
#5610=DIRECTION('',(-1.E0,0.E0,0.E0));
#5611=AXIS2_PLACEMENT_3D('',#5608,#5609,#5610);
#5612=ITEM_DEFINED_TRANSFORMATION('','',#3279,#5611);
#5613=(REPRESENTATION_RELATIONSHIP('','',#3280,#2718)REPRESENTATION_RELATIONSHIP_WITH_TRANSFORMATION(#5612)SHAPE_REPRESENTATION_RELATIONSHIP());
#5614=CONTEXT_DEPENDENT_SHAPE_REPRESENTATION(#5613,#5603);
#5617=PLANE_ANGLE_MEASURE_WITH_UNIT(PLANE_ANGLE_MEASURE(1.745329251994E-2),
#5616);
#5618=(CONVERSION_BASED_UNIT('DEGREE',#5617)NAMED_UNIT(*)PLANE_ANGLE_UNIT());
#5620=UNCERTAINTY_MEASURE_WITH_UNIT(LENGTH_MEASURE(3.684240249293E-3),#5615,
'distance_accuracy_value',
'Maximum model space distance between geometric entities at asserted connectivities');
#5622=CARTESIAN_POINT('',(0.E0,0.E0,0.E0));
#5623=DIRECTION('',(0.E0,0.E0,1.E0));
#5624=DIRECTION('',(1.E0,0.E0,0.E0));
#5626=MECHANICAL_DESIGN_GEOMETRIC_PRESENTATION_REPRESENTATION('',(#36,#44,#51,
#58,#66,#74,#82,#92,#99,#106,#117,#124,#131,#138,#145,#152,#159,#166,#173,#181,
#189,#197,#204,#211,#219,#227,#235,#242,#249,#256,#263,#270,#277,#288,#295,#302,
#312,#319,#326,#334,#342,#350,#357,#364,#372,#380,#388,#395,#402,#409,#416,#423,
#430,#441,#448,#455,#465,#472,#479,#487,#495,#503,#510,#517,#525,#533,#541,#548,
#555,#562,#569,#576,#583,#594,#601,#608,#618,#625,#632,#640,#648,#656,#663,#670,
#677,#684,#691,#698,#706,#714,#722,#729,#736,#743,#754,#761,#768,#775,#782,#792,
#799,#806,#813,#823,#830,#837,#848,#855,#862,#869,#876,#884,#892,#900,#907,#914,
#922,#930,#938,#945,#952,#959,#966,#976,#983,#990,#1001,#1008,#1015,#1022,#1029,
#1037,#1045,#1053,#1060,#1067,#1075,#1083,#1091,#1098,#1105,#1112,#1119,#1129,
#1136,#1143,#1154,#1161,#1168,#1175,#1182,#1190,#1198,#1206,#1213,#1220,#1228,
#1236,#1244,#1252,#1260,#1268,#1275,#1282,#1290,#1298,#27,#2739,#2746,#2753,
#2760,#2767,#2774,#2781,#2788,#2795,#2802,#2809,#2816,#2823,#2830,#2837,#2844,
#2851,#2859,#2866,#2874,#2881,#2888,#2895,#2903,#2910,#2918,#2925,#2933,#2940,
#2948,#2955,#2962,#2969,#2977,#2984,#2992,#2732),#5621);
#5627=PRODUCT_DEFINITION_CONTEXT('part definition',#2667,'design');
#5628=PRODUCT_CONTEXT('',#2667,'mechanical');
#5629=PRODUCT('PGF0176A_ASM','PGF0176A_ASM','NOT SPECIFIED',(#5628));
#5630=PRODUCT_DEFINITION_FORMATION('39','LAST_VERSION',#5629);
#5633=DERIVED_UNIT_ELEMENT(#5632,2.E0);
#5634=DERIVED_UNIT((#5633));
#5635=MEASURE_REPRESENTATION_ITEM('surface area measure',AREA_MEASURE(
1.452106945237E3),#5634);
#5640=DERIVED_UNIT_ELEMENT(#5639,3.E0);
#5641=DERIVED_UNIT((#5640));
#5642=MEASURE_REPRESENTATION_ITEM('volume measure',VOLUME_MEASURE(
8.047275047088E2),#5641);
#5646=CARTESIAN_POINT('centre point',(1.316398676619E-4,-1.361483748996E-4,
7.964504181454E-1));
#5650=PRODUCT_RELATED_PRODUCT_CATEGORY('part','',(#5629,#2671,#3282));
#1=COLOUR_RGB('',0.E0,4.3E-1,1.E0);
#2=COLOUR_RGB('',0.E0,6.6E-1,0.E0);
#3=COLOUR_RGB('',1.29412E-1,5.E-2,1.E-1);
#4=COLOUR_RGB('',1.80392E-1,2.7451E-1,9.8039E-2);
#5=COLOUR_RGB('',2.54902E-1,5.4902E-1,0.E0);
#6=COLOUR_RGB('',2.7451E-1,2.7451E-1,2.7451E-1);
#7=COLOUR_RGB('',3.E-1,1.29412E-1,2.5098E-1);
#8=COLOUR_RGB('',3.13725E-1,3.13725E-1,3.13725E-1);
#9=COLOUR_RGB('',3.5E-1,3.5E-1,3.5E-1);
#10=COLOUR_RGB('',3.92157E-1,3.92157E-1,3.92157E-1);
#11=COLOUR_RGB('',5.7E-1,0.E0,1.E0);
#12=COLOUR_RGB('',5.9E-1,3.E-1,0.E0);
#13=COLOUR_RGB('',6.E-1,6.E-1,6.E-1);
#14=COLOUR_RGB('',6.9E-1,0.E0,0.E0);
#15=COLOUR_RGB('',6.952E-1,7.426E-1,7.9E-1);
#16=COLOUR_RGB('',7.E-1,7.E-1,7.E-1);
#17=COLOUR_RGB('',7.45098E-1,3.92157E-1,2.94118E-1);
#18=COLOUR_RGB('',8.27451E-1,3.29412E-1,7.0588E-2);
#19=COLOUR_RGB('',8.39216E-1,8.90196E-1,7.68627E-1);
#20=COLOUR_RGB('',8.7E-1,7.5E-1,4.9E-1);
#21=COLOUR_RGB('',8.9E-1,9.2E-1,9.4E-1);
#22=COLOUR_RGB('',9.80392E-1,9.80392E-1,9.80392E-1);
#23=COLOUR_RGB('',9.9E-1,1.E0,0.E0);
#24=COLOUR_RGB('',1.E0,5.E-1,0.E0);
#25=COLOUR_RGB('',1.E0,7.84314E-1,0.E0);
#26=DRAUGHTING_PRE_DEFINED_COLOUR('white');
#32=CIRCLE('',#31,2.5E-1);
#41=CIRCLE('',#40,2.5E-1);
#63=CIRCLE('',#62,1.27E-1);
#71=CIRCLE('',#70,1.27E-1);
#79=CIRCLE('',#78,1.27E-1);
#89=B_SPLINE_CURVE_WITH_KNOTS('',3,(#83,#84,#85,#86,#87,#88),.UNSPECIFIED.,.F.,
.F.,(4,1,1,4),(0.E0,3.333333333333E-1,6.666666666667E-1,1.E0),.UNSPECIFIED.);
#114=B_SPLINE_CURVE_WITH_KNOTS('',3,(#107,#108,#109,#110,#111,#112,#113),
.UNSPECIFIED.,.F.,.F.,(4,1,1,1,4),(0.E0,2.5E-1,5.E-1,7.5E-1,1.E0),
.UNSPECIFIED.);
#178=CIRCLE('',#177,1.27E-1);
#186=CIRCLE('',#185,1.27E-1);
#194=CIRCLE('',#193,1.27E-1);
#216=CIRCLE('',#215,1.27E-1);
#224=CIRCLE('',#223,1.27E-1);
#232=CIRCLE('',#231,1.27E-1);
#285=B_SPLINE_CURVE_WITH_KNOTS('',3,(#278,#279,#280,#281,#282,#283,#284),
.UNSPECIFIED.,.F.,.F.,(4,1,1,1,4),(0.E0,2.5E-1,5.E-1,7.5E-1,1.E0),
.UNSPECIFIED.);
#309=B_SPLINE_CURVE_WITH_KNOTS('',3,(#303,#304,#305,#306,#307,#308),
.UNSPECIFIED.,.F.,.F.,(4,1,1,4),(0.E0,3.333333333333E-1,6.666666666667E-1,1.E0),
.UNSPECIFIED.);
#331=CIRCLE('',#330,1.27E-1);
#339=CIRCLE('',#338,1.27E-1);
#347=CIRCLE('',#346,1.27E-1);
#369=CIRCLE('',#368,1.27E-1);
#377=CIRCLE('',#376,1.27E-1);
#385=CIRCLE('',#384,1.27E-1);
#438=B_SPLINE_CURVE_WITH_KNOTS('',3,(#431,#432,#433,#434,#435,#436,#437),
.UNSPECIFIED.,.F.,.F.,(4,1,1,1,4),(0.E0,2.5E-1,5.E-1,7.5E-1,1.E0),
.UNSPECIFIED.);
#462=B_SPLINE_CURVE_WITH_KNOTS('',3,(#456,#457,#458,#459,#460,#461),
.UNSPECIFIED.,.F.,.F.,(4,1,1,4),(0.E0,3.333333333333E-1,6.666666666667E-1,1.E0),
.UNSPECIFIED.);
#484=CIRCLE('',#483,1.27E-1);
#492=CIRCLE('',#491,1.27E-1);
#500=CIRCLE('',#499,1.27E-1);
#522=CIRCLE('',#521,1.27E-1);
#530=CIRCLE('',#529,1.27E-1);
#538=CIRCLE('',#537,1.27E-1);
#591=B_SPLINE_CURVE_WITH_KNOTS('',3,(#584,#585,#586,#587,#588,#589,#590),
.UNSPECIFIED.,.F.,.F.,(4,1,1,1,4),(0.E0,2.5E-1,5.E-1,7.5E-1,1.E0),
.UNSPECIFIED.);
#615=B_SPLINE_CURVE_WITH_KNOTS('',3,(#609,#610,#611,#612,#613,#614),
.UNSPECIFIED.,.F.,.F.,(4,1,1,4),(0.E0,3.333333333333E-1,6.666666666667E-1,1.E0),
.UNSPECIFIED.);
#637=CIRCLE('',#636,1.27E-1);
#645=CIRCLE('',#644,1.27E-1);
#653=CIRCLE('',#652,1.27E-1);
#703=CIRCLE('',#702,1.27E-1);
#711=CIRCLE('',#710,1.27E-1);
#719=CIRCLE('',#718,1.27E-1);
#751=B_SPLINE_CURVE_WITH_KNOTS('',3,(#744,#745,#746,#747,#748,#749,#750),
.UNSPECIFIED.,.F.,.F.,(4,1,1,1,4),(0.E0,2.5E-1,5.E-1,7.5E-1,1.E0),
.UNSPECIFIED.);
#789=B_SPLINE_CURVE_WITH_KNOTS('',3,(#783,#784,#785,#786,#787,#788),
.UNSPECIFIED.,.F.,.F.,(4,1,1,4),(0.E0,3.333333333333E-1,6.666666666667E-1,1.E0),
.UNSPECIFIED.);
#820=B_SPLINE_CURVE_WITH_KNOTS('',3,(#814,#815,#816,#817,#818,#819),
.UNSPECIFIED.,.F.,.F.,(4,1,1,4),(0.E0,3.333333333333E-1,6.666666666667E-1,1.E0),
.UNSPECIFIED.);
#845=B_SPLINE_CURVE_WITH_KNOTS('',3,(#838,#839,#840,#841,#842,#843,#844),
.UNSPECIFIED.,.F.,.F.,(4,1,1,1,4),(0.E0,2.5E-1,5.E-1,7.5E-1,1.E0),
.UNSPECIFIED.);
#881=CIRCLE('',#880,1.27E-1);
#889=CIRCLE('',#888,1.27E-1);
#897=CIRCLE('',#896,1.27E-1);
#919=CIRCLE('',#918,1.27E-1);
#927=CIRCLE('',#926,1.27E-1);
#935=CIRCLE('',#934,1.27E-1);
#973=B_SPLINE_CURVE_WITH_KNOTS('',3,(#967,#968,#969,#970,#971,#972),
.UNSPECIFIED.,.F.,.F.,(4,1,1,4),(0.E0,3.333333333333E-1,6.666666666667E-1,1.E0),
.UNSPECIFIED.);
#998=B_SPLINE_CURVE_WITH_KNOTS('',3,(#991,#992,#993,#994,#995,#996,#997),
.UNSPECIFIED.,.F.,.F.,(4,1,1,1,4),(0.E0,2.5E-1,5.E-1,7.5E-1,1.E0),
.UNSPECIFIED.);
#1034=CIRCLE('',#1033,1.27E-1);
#1042=CIRCLE('',#1041,1.27E-1);
#1050=CIRCLE('',#1049,1.27E-1);
#1072=CIRCLE('',#1071,1.27E-1);
#1080=CIRCLE('',#1079,1.27E-1);
#1088=CIRCLE('',#1087,1.27E-1);
#1126=B_SPLINE_CURVE_WITH_KNOTS('',3,(#1120,#1121,#1122,#1123,#1124,#1125),
.UNSPECIFIED.,.F.,.F.,(4,1,1,4),(0.E0,3.333333333333E-1,6.666666666667E-1,1.E0),
.UNSPECIFIED.);
#1151=B_SPLINE_CURVE_WITH_KNOTS('',3,(#1144,#1145,#1146,#1147,#1148,#1149,
#1150),.UNSPECIFIED.,.F.,.F.,(4,1,1,1,4),(0.E0,2.5E-1,5.E-1,7.5E-1,1.E0),
.UNSPECIFIED.);
#1187=CIRCLE('',#1186,1.27E-1);
#1195=CIRCLE('',#1194,1.27E-1);
#1203=CIRCLE('',#1202,1.27E-1);
#1225=CIRCLE('',#1224,1.27E-1);
#1233=CIRCLE('',#1232,1.27E-1);
#1241=CIRCLE('',#1240,1.27E-1);
#1249=CIRCLE('',#1248,1.27E-1);
#1257=CIRCLE('',#1256,1.27E-1);
#1265=CIRCLE('',#1264,1.27E-1);
#1287=CIRCLE('',#1286,2.5E-1);
#1295=CIRCLE('',#1294,2.5E-1);
#1472=EDGE_CURVE('',#1301,#1302,#48,.T.);
#1474=EDGE_CURVE('',#1301,#1312,#552,.T.);
#1476=EDGE_CURVE('',#1314,#1312,#507,.T.);
#1478=EDGE_CURVE('',#1314,#1324,#399,.T.);
#1480=EDGE_CURVE('',#1326,#1324,#354,.T.);
#1482=EDGE_CURVE('',#1326,#1336,#246,.T.);
#1484=EDGE_CURVE('',#1338,#1336,#201,.T.);
#1486=EDGE_CURVE('',#1338,#1302,#170,.T.);
#1490=EDGE_CURVE('',#1465,#1466,#32,.T.);
#1492=EDGE_CURVE('',#1466,#1465,#41,.T.);
#1496=ADVANCED_FACE('',(#1489,#1495),#1471,.T.);
#1503=EDGE_CURVE('',#1306,#1302,#71,.T.);
#1505=EDGE_CURVE('',#1305,#1306,#55,.T.);
#1507=EDGE_CURVE('',#1301,#1305,#645,.T.);
#1511=ADVANCED_FACE('',(#1510),#1501,.T.);
#1517=EDGE_CURVE('',#1346,#1306,#63,.T.);
#1520=EDGE_CURVE('',#1302,#1346,#79,.T.);
#1524=ADVANCED_FACE('',(#1523),#1516,.T.);
#1530=EDGE_CURVE('',#1366,#1350,#89,.T.);
#1532=EDGE_CURVE('',#1350,#1306,#96,.T.);
#1535=EDGE_CURVE('',#1366,#1346,#103,.T.);
#1539=ADVANCED_FACE('',(#1538),#1529,.T.);
#1545=EDGE_CURVE('',#1446,#1430,#114,.T.);
#1547=EDGE_CURVE('',#1430,#1350,#121,.T.);
#1550=EDGE_CURVE('',#1446,#1366,#128,.T.);
#1554=ADVANCED_FACE('',(#1553),#1544,.T.);
#1561=EDGE_CURVE('',#1382,#1446,#135,.T.);
#1563=EDGE_CURVE('',#1425,#1382,#1249,.T.);
#1565=EDGE_CURVE('',#1425,#1430,#142,.T.);
#1569=ADVANCED_FACE('',(#1568),#1559,.T.);
#1575=EDGE_CURVE('',#1445,#1446,#149,.T.);
#1577=EDGE_CURVE('',#1381,#1445,#779,.T.);
#1579=EDGE_CURVE('',#1381,#1382,#688,.T.);
#1584=ADVANCED_FACE('',(#1583),#1574,.T.);
#1592=EDGE_CURVE('',#1365,#1366,#156,.T.);
#1594=EDGE_CURVE('',#1445,#1365,#758,.T.);
#1598=ADVANCED_FACE('',(#1597),#1589,.T.);
#1606=EDGE_CURVE('',#1345,#1346,#163,.T.);
#1608=EDGE_CURVE('',#1365,#1345,#796,.T.);
#1612=ADVANCED_FACE('',(#1611),#1603,.T.);
#1621=EDGE_CURVE('',#1345,#1338,#178,.T.);
#1625=ADVANCED_FACE('',(#1624),#1617,.T.);
#1632=EDGE_CURVE('',#1338,#1341,#186,.T.);
#1634=EDGE_CURVE('',#1341,#1345,#194,.T.);
#1638=ADVANCED_FACE('',(#1637),#1630,.T.);
#1645=EDGE_CURVE('',#1342,#1336,#216,.T.);
#1647=EDGE_CURVE('',#1341,#1342,#208,.T.);
#1652=ADVANCED_FACE('',(#1651),#1643,.T.);
#1659=EDGE_CURVE('',#1336,#1334,#224,.T.);
#1661=EDGE_CURVE('',#1334,#1342,#232,.T.);
#1665=ADVANCED_FACE('',(#1664),#1657,.T.);
#1671=EDGE_CURVE('',#1333,#1334,#239,.T.);
#1675=EDGE_CURVE('',#1333,#1326,#331,.T.);
#1679=ADVANCED_FACE('',(#1678),#1670,.T.);
#1685=EDGE_CURVE('',#1369,#1370,#253,.T.);
#1687=EDGE_CURVE('',#1370,#1334,#834,.T.);
#1690=EDGE_CURVE('',#1369,#1333,#316,.T.);
#1694=ADVANCED_FACE('',(#1693),#1684,.T.);
#1700=EDGE_CURVE('',#1453,#1454,#260,.T.);
#1702=EDGE_CURVE('',#1454,#1370,#859,.T.);
#1705=EDGE_CURVE('',#1453,#1369,#292,.T.);
#1709=ADVANCED_FACE('',(#1708),#1699,.T.);
#1716=EDGE_CURVE('',#1395,#1453,#274,.T.);
#1718=EDGE_CURVE('',#1395,#1396,#904,.T.);
#1720=EDGE_CURVE('',#1396,#1454,#866,.T.);
#1724=ADVANCED_FACE('',(#1723),#1714,.T.);
#1730=EDGE_CURVE('',#1453,#1437,#285,.T.);
#1732=EDGE_CURVE('',#1404,#1437,#267,.T.);
#1734=EDGE_CURVE('',#1395,#1404,#935,.T.);
#1739=ADVANCED_FACE('',(#1738),#1729,.T.);
#1747=EDGE_CURVE('',#1369,#1357,#309,.T.);
#1749=EDGE_CURVE('',#1437,#1357,#299,.T.);
#1753=ADVANCED_FACE('',(#1752),#1744,.T.);
#1761=EDGE_CURVE('',#1329,#1333,#347,.T.);
#1763=EDGE_CURVE('',#1357,#1329,#323,.T.);
#1767=ADVANCED_FACE('',(#1766),#1758,.T.);
#1774=EDGE_CURVE('',#1326,#1329,#339,.T.);
#1779=ADVANCED_FACE('',(#1778),#1772,.T.);
#1786=EDGE_CURVE('',#1330,#1324,#369,.T.);
#1788=EDGE_CURVE('',#1329,#1330,#361,.T.);
#1793=ADVANCED_FACE('',(#1792),#1784,.T.);
#1800=EDGE_CURVE('',#1324,#1322,#377,.T.);
#1802=EDGE_CURVE('',#1322,#1330,#385,.T.);
#1806=ADVANCED_FACE('',(#1805),#1798,.T.);
#1812=EDGE_CURVE('',#1321,#1322,#392,.T.);
#1816=EDGE_CURVE('',#1321,#1314,#484,.T.);
#1820=ADVANCED_FACE('',(#1819),#1811,.T.);
#1826=EDGE_CURVE('',#1373,#1374,#406,.T.);
#1828=EDGE_CURVE('',#1374,#1322,#987,.T.);
#1831=EDGE_CURVE('',#1373,#1321,#469,.T.);
#1835=ADVANCED_FACE('',(#1834),#1825,.T.);
#1841=EDGE_CURVE('',#1457,#1458,#413,.T.);
#1843=EDGE_CURVE('',#1458,#1374,#1012,.T.);
#1846=EDGE_CURVE('',#1457,#1373,#445,.T.);
#1850=ADVANCED_FACE('',(#1849),#1840,.T.);
#1857=EDGE_CURVE('',#1407,#1457,#427,.T.);
#1859=EDGE_CURVE('',#1407,#1408,#1057,.T.);
#1861=EDGE_CURVE('',#1408,#1458,#1019,.T.);
#1865=ADVANCED_FACE('',(#1864),#1855,.T.);
#1871=EDGE_CURVE('',#1457,#1441,#438,.T.);
#1873=EDGE_CURVE('',#1416,#1441,#420,.T.);
#1875=EDGE_CURVE('',#1407,#1416,#1088,.T.);
#1880=ADVANCED_FACE('',(#1879),#1870,.T.);
#1888=EDGE_CURVE('',#1373,#1361,#462,.T.);
#1890=EDGE_CURVE('',#1441,#1361,#452,.T.);
#1894=ADVANCED_FACE('',(#1893),#1885,.T.);
#1902=EDGE_CURVE('',#1317,#1321,#500,.T.);
#1904=EDGE_CURVE('',#1361,#1317,#476,.T.);
#1908=ADVANCED_FACE('',(#1907),#1899,.T.);
#1915=EDGE_CURVE('',#1314,#1317,#492,.T.);
#1920=ADVANCED_FACE('',(#1919),#1913,.T.);
#1927=EDGE_CURVE('',#1318,#1312,#522,.T.);
#1929=EDGE_CURVE('',#1317,#1318,#514,.T.);
#1934=ADVANCED_FACE('',(#1933),#1925,.T.);
#1941=EDGE_CURVE('',#1312,#1310,#530,.T.);
#1943=EDGE_CURVE('',#1310,#1318,#538,.T.);
#1947=ADVANCED_FACE('',(#1946),#1939,.T.);
#1953=EDGE_CURVE('',#1309,#1310,#545,.T.);
#1957=EDGE_CURVE('',#1309,#1301,#637,.T.);
#1961=ADVANCED_FACE('',(#1960),#1952,.T.);
#1967=EDGE_CURVE('',#1377,#1378,#559,.T.);
#1969=EDGE_CURVE('',#1378,#1310,#1140,.T.);
#1972=EDGE_CURVE('',#1377,#1309,#622,.T.);
#1976=ADVANCED_FACE('',(#1975),#1966,.T.);
#1982=EDGE_CURVE('',#1449,#1450,#566,.T.);
#1984=EDGE_CURVE('',#1450,#1378,#1165,.T.);
#1987=EDGE_CURVE('',#1449,#1377,#598,.T.);
#1991=ADVANCED_FACE('',(#1990),#1981,.T.);
#1998=EDGE_CURVE('',#1419,#1449,#580,.T.);
#2000=EDGE_CURVE('',#1419,#1420,#1210,.T.);
#2002=EDGE_CURVE('',#1420,#1450,#1172,.T.);
#2006=ADVANCED_FACE('',(#2005),#1996,.T.);
#2012=EDGE_CURVE('',#1449,#1429,#591,.T.);
#2014=EDGE_CURVE('',#1426,#1429,#573,.T.);
#2016=EDGE_CURVE('',#1419,#1426,#1241,.T.);
#2021=ADVANCED_FACE('',(#2020),#2011,.T.);
#2029=EDGE_CURVE('',#1377,#1349,#615,.T.);
#2031=EDGE_CURVE('',#1429,#1349,#605,.T.);
#2035=ADVANCED_FACE('',(#2034),#2026,.T.);
#2043=EDGE_CURVE('',#1305,#1309,#653,.T.);
#2045=EDGE_CURVE('',#1349,#1305,#629,.T.);
#2049=ADVANCED_FACE('',(#2048),#2040,.T.);
#2060=ADVANCED_FACE('',(#2059),#2054,.T.);
#2066=EDGE_CURVE('',#1349,#1350,#660,.T.);
#2073=ADVANCED_FACE('',(#2072),#2065,.T.);
#2079=EDGE_CURVE('',#1429,#1430,#667,.T.);
#2086=ADVANCED_FACE('',(#2085),#2078,.T.);
#2094=EDGE_CURVE('',#1425,#1426,#681,.T.);
#2099=ADVANCED_FACE('',(#2098),#2091,.T.);
#2105=EDGE_CURVE('',#1386,#1422,#674,.T.);
#2107=EDGE_CURVE('',#1426,#1422,#1225,.T.);
#2110=EDGE_CURVE('',#1386,#1425,#1265,.T.);
#2114=ADVANCED_FACE('',(#2113),#2104,.T.);
#2121=EDGE_CURVE('',#1385,#1386,#695,.T.);
#2123=EDGE_CURVE('',#1388,#1385,#726,.T.);
#2125=EDGE_CURVE('',#1398,#1388,#911,.T.);
#2127=EDGE_CURVE('',#1400,#1398,#942,.T.);
#2129=EDGE_CURVE('',#1410,#1400,#1064,.T.);
#2131=EDGE_CURVE('',#1412,#1410,#1095,.T.);
#2133=EDGE_CURVE('',#1422,#1412,#1217,.T.);
#2137=ADVANCED_FACE('',(#2136),#2119,.F.);
#2144=EDGE_CURVE('',#1385,#1381,#711,.T.);
#2147=EDGE_CURVE('',#1382,#1386,#1257,.T.);
#2151=ADVANCED_FACE('',(#2150),#2142,.T.);
#2157=EDGE_CURVE('',#1392,#1385,#703,.T.);
#2160=EDGE_CURVE('',#1381,#1392,#719,.T.);
#2164=ADVANCED_FACE('',(#2163),#2156,.T.);
#2172=EDGE_CURVE('',#1391,#1392,#733,.T.);
#2174=EDGE_CURVE('',#1388,#1391,#889,.T.);
#2178=ADVANCED_FACE('',(#2177),#2169,.T.);
#2184=EDGE_CURVE('',#1433,#1434,#740,.T.);
#2186=EDGE_CURVE('',#1391,#1434,#873,.T.);
#2189=EDGE_CURVE('',#1392,#1433,#772,.T.);
#2193=ADVANCED_FACE('',(#2192),#2183,.T.);
#2200=EDGE_CURVE('',#1433,#1353,#765,.T.);
#2202=EDGE_CURVE('',#1353,#1354,#810,.T.);
#2204=EDGE_CURVE('',#1434,#1354,#852,.T.);
#2208=ADVANCED_FACE('',(#2207),#2198,.T.);
#2214=EDGE_CURVE('',#1445,#1433,#751,.T.);
#2217=EDGE_CURVE('',#1365,#1353,#789,.T.);
#2222=ADVANCED_FACE('',(#2221),#2213,.T.);
#2234=ADVANCED_FACE('',(#2233),#2227,.T.);
#2243=EDGE_CURVE('',#1353,#1341,#803,.T.);
#2247=ADVANCED_FACE('',(#2246),#2239,.T.);
#2256=EDGE_CURVE('',#1354,#1342,#827,.T.);
#2260=ADVANCED_FACE('',(#2259),#2252,.T.);
#2266=EDGE_CURVE('',#1370,#1354,#820,.T.);
#2273=ADVANCED_FACE('',(#2272),#2265,.T.);
#2279=EDGE_CURVE('',#1454,#1434,#845,.T.);
#2286=ADVANCED_FACE('',(#2285),#2278,.T.);
#2294=EDGE_CURVE('',#1391,#1396,#897,.T.);
#2299=ADVANCED_FACE('',(#2298),#2291,.T.);
#2305=EDGE_CURVE('',#1396,#1388,#881,.T.);
#2311=ADVANCED_FACE('',(#2310),#2304,.T.);
#2318=EDGE_CURVE('',#1398,#1395,#927,.T.);
#2324=ADVANCED_FACE('',(#2323),#2316,.T.);
#2330=EDGE_CURVE('',#1404,#1398,#919,.T.);
#2336=ADVANCED_FACE('',(#2335),#2329,.T.);
#2344=EDGE_CURVE('',#1403,#1404,#949,.T.);
#2346=EDGE_CURVE('',#1400,#1403,#1042,.T.);
#2350=ADVANCED_FACE('',(#2349),#2341,.T.);
#2356=EDGE_CURVE('',#1437,#1438,#956,.T.);
#2358=EDGE_CURVE('',#1403,#1438,#1026,.T.);
#2364=ADVANCED_FACE('',(#2363),#2355,.T.);
#2372=EDGE_CURVE('',#1357,#1358,#963,.T.);
#2374=EDGE_CURVE('',#1438,#1358,#1005,.T.);
#2378=ADVANCED_FACE('',(#2377),#2369,.T.);
#2387=EDGE_CURVE('',#1358,#1330,#980,.T.);
#2391=ADVANCED_FACE('',(#2390),#2383,.T.);
#2397=EDGE_CURVE('',#1374,#1358,#973,.T.);
#2404=ADVANCED_FACE('',(#2403),#2396,.T.);
#2410=EDGE_CURVE('',#1458,#1438,#998,.T.);
#2417=ADVANCED_FACE('',(#2416),#2409,.T.);
#2425=EDGE_CURVE('',#1403,#1408,#1050,.T.);
#2430=ADVANCED_FACE('',(#2429),#2422,.T.);
#2436=EDGE_CURVE('',#1408,#1400,#1034,.T.);
#2442=ADVANCED_FACE('',(#2441),#2435,.T.);
#2449=EDGE_CURVE('',#1410,#1407,#1080,.T.);
#2455=ADVANCED_FACE('',(#2454),#2447,.T.);
#2461=EDGE_CURVE('',#1416,#1410,#1072,.T.);
#2467=ADVANCED_FACE('',(#2466),#2460,.T.);
#2475=EDGE_CURVE('',#1415,#1416,#1102,.T.);
#2477=EDGE_CURVE('',#1412,#1415,#1195,.T.);
#2481=ADVANCED_FACE('',(#2480),#2472,.T.);
#2487=EDGE_CURVE('',#1441,#1442,#1109,.T.);
#2489=EDGE_CURVE('',#1415,#1442,#1179,.T.);
#2495=ADVANCED_FACE('',(#2494),#2486,.T.);
#2503=EDGE_CURVE('',#1361,#1362,#1116,.T.);
#2505=EDGE_CURVE('',#1442,#1362,#1158,.T.);
#2509=ADVANCED_FACE('',(#2508),#2500,.T.);
#2518=EDGE_CURVE('',#1362,#1318,#1133,.T.);
#2522=ADVANCED_FACE('',(#2521),#2514,.T.);
#2528=EDGE_CURVE('',#1378,#1362,#1126,.T.);
#2535=ADVANCED_FACE('',(#2534),#2527,.T.);
#2541=EDGE_CURVE('',#1450,#1442,#1151,.T.);
#2548=ADVANCED_FACE('',(#2547),#2540,.T.);
#2556=EDGE_CURVE('',#1415,#1420,#1203,.T.);
#2561=ADVANCED_FACE('',(#2560),#2553,.T.);
#2567=EDGE_CURVE('',#1420,#1412,#1187,.T.);
#2573=ADVANCED_FACE('',(#2572),#2566,.T.);
#2580=EDGE_CURVE('',#1422,#1419,#1233,.T.);
#2586=ADVANCED_FACE('',(#2585),#2578,.T.);
#2597=ADVANCED_FACE('',(#2596),#2591,.T.);
#2608=ADVANCED_FACE('',(#2607),#2602,.T.);
#2615=EDGE_CURVE('',#1465,#1461,#1272,.T.);
#2617=EDGE_CURVE('',#1461,#1462,#1287,.T.);
#2619=EDGE_CURVE('',#1466,#1462,#1279,.T.);
#2623=ADVANCED_FACE('',(#2622),#2613,.F.);
#2631=EDGE_CURVE('',#1462,#1461,#1295,.T.);
#2636=ADVANCED_FACE('',(#2635),#2628,.F.);
#2646=ADVANCED_FACE('',(#2645),#2641,.T.);
#2655=(LENGTH_UNIT()NAMED_UNIT(*)SI_UNIT(.MILLI.,.METRE.));
#2656=(NAMED_UNIT(*)PLANE_ANGLE_UNIT()SI_UNIT($,.RADIAN.));
#2659=(NAMED_UNIT(*)SI_UNIT($,.STERADIAN.)SOLID_ANGLE_UNIT());
#2661=(GEOMETRIC_REPRESENTATION_CONTEXT(3)GLOBAL_UNCERTAINTY_ASSIGNED_CONTEXT((
#2660))GLOBAL_UNIT_ASSIGNED_CONTEXT((#2655,#2658,#2659))REPRESENTATION_CONTEXT(
'ID1','3'));
#2665=AXIS2_PLACEMENT_3D('',#2662,#2663,#2664);
#2666=ADVANCED_BREP_SHAPE_REPRESENTATION('',(#2665,#2648),#2661);
#2673=PRODUCT_DEFINITION('part definition','',#2672,#2669);
#2674=PRODUCT_DEFINITION_SHAPE('','SHAPE FOR BODY-QFP.',#2673);
#2675=SHAPE_ASPECT('','solid data associated with BODY-QFP',#2674,.F.);
#2676=PROPERTY_DEFINITION('',
'shape for solid data with which properties are associated',#2675);
#2677=SHAPE_REPRESENTATION('',(#2648),#2661);
#2678=SHAPE_DEFINITION_REPRESENTATION(#2676,#2677);
#2679=(LENGTH_UNIT()NAMED_UNIT(*)SI_UNIT(.MILLI.,.METRE.));
#2683=PROPERTY_DEFINITION('geometric validation property','area of BODY-QFP',
#2675);
#2684=REPRESENTATION('surface area',(#2682),#2661);
#2685=PROPERTY_DEFINITION_REPRESENTATION(#2683,#2684);
#2686=(LENGTH_UNIT()NAMED_UNIT(*)SI_UNIT(.MILLI.,.METRE.));
#2690=PROPERTY_DEFINITION('geometric validation property','volume of BODY-QFP',
#2675);
#2691=REPRESENTATION('volume',(#2689),#2661);
#2692=PROPERTY_DEFINITION_REPRESENTATION(#2690,#2691);
#2694=PROPERTY_DEFINITION('geometric validation property',
'centroid of BODY-QFP',#2675);
#2695=REPRESENTATION('centroid',(#2693),#2661);
#2696=PROPERTY_DEFINITION_REPRESENTATION(#2694,#2695);
#2697=(LENGTH_UNIT()NAMED_UNIT(*)SI_UNIT(.MILLI.,.METRE.));
#2701=PROPERTY_DEFINITION('geometric validation property','area of BODY-QFP',
#2674);
#2702=REPRESENTATION('surface area',(#2700),#2661);
#2703=PROPERTY_DEFINITION_REPRESENTATION(#2701,#2702);
#2704=(LENGTH_UNIT()NAMED_UNIT(*)SI_UNIT(.MILLI.,.METRE.));
#2708=PROPERTY_DEFINITION('geometric validation property','volume of BODY-QFP',
#2674);
#2709=REPRESENTATION('volume',(#2707),#2661);
#2710=PROPERTY_DEFINITION_REPRESENTATION(#2708,#2709);
#2712=PROPERTY_DEFINITION('geometric validation property',
'centroid of BODY-QFP',#2674);
#2713=REPRESENTATION('centroid',(#2711),#2661);
#2714=PROPERTY_DEFINITION_REPRESENTATION(#2712,#2713);
#2715=SHAPE_DEFINITION_REPRESENTATION(#2674,#2666);
#2716=SHAPE_DEFINITION_REPRESENTATION(#2717,#2718);
#2717=PRODUCT_DEFINITION_SHAPE('','SHAPE FOR PGF0176A_ASM.',#5631);
#2718=SHAPE_REPRESENTATION('',(#2728,#3336,#3349,#3362,#3375,#3388,#3401,#3414,
#3427,#3440,#3453,#3466,#3479,#3492,#3505,#3518,#3531,#3544,#3557,#3570,#3583,
#3596,#3609,#3622,#3635,#3648,#3661,#3674,#3687,#3700,#3713,#3726,#3739,#3752,
#3765,#3778,#3791,#3804,#3817,#3830,#3843,#3856,#3869,#3882,#3895,#3908,#3921,
#3934,#3947,#3960,#3973,#3986,#3999,#4012,#4025,#4038,#4051,#4064,#4077,#4090,
#4103,#4116,#4129,#4142,#4155,#4168,#4181,#4194,#4207,#4220,#4233,#4246,#4259,
#4272,#4285,#4298,#4311,#4324,#4337,#4350,#4363,#4376,#4389,#4402,#4415,#4428,
#4441,#4454,#4467,#4480,#4493,#4506,#4519,#4532,#4545,#4558,#4571,#4584,#4597,
#4610,#4623,#4636,#4649,#4662,#4675,#4688,#4701,#4714,#4727,#4740,#4753,#4766,
#4779,#4792,#4805,#4818,#4831,#4844,#4857,#4870,#4883,#4896,#4909,#4922,#4935,
#4948,#4961,#4974,#4987,#5000,#5013,#5026,#5039,#5052,#5065,#5078,#5091,#5104,
#5117,#5130,#5143,#5156,#5169,#5182,#5195,#5208,#5221,#5234,#5247,#5260,#5273,
#5286,#5299,#5312,#5325,#5338,#5351,#5364,#5377,#5390,#5403,#5416,#5429,#5442,
#5455,#5468,#5481,#5494,#5507,#5520,#5533,#5546,#5559,#5572,#5585,#5598,#5611,
#5625),#5621);
#2719=NEXT_ASSEMBLY_USAGE_OCCURRENCE('0','Next assembly relationship',
'BODY-QFP',#5631,#2673,$);
#2720=PRODUCT_DEFINITION_SHAPE('Placement #0',
'Placement of BODY-QFP with respect to PGF0176A_ASM',#2719);
#2722=PROPERTY_DEFINITION('geometric validation property',
'centroid of BODY-QFP',#2720);
#2723=REPRESENTATION('centroid',(#2721),#2661);
#2724=PROPERTY_DEFINITION_REPRESENTATION(#2722,#2723);
#2856=CIRCLE('',#2855,2.07E-1);
#2871=CIRCLE('',#2870,2.07E-1);
#2900=CIRCLE('',#2899,8.E-2);
#2915=CIRCLE('',#2914,8.E-2);
#2930=CIRCLE('',#2929,8.E-2);
#2945=CIRCLE('',#2944,8.E-2);
#2974=CIRCLE('',#2973,2.07E-1);
#2989=CIRCLE('',#2988,2.07E-1);
#3046=EDGE_CURVE('',#3015,#3035,#2785,.T.);
#3048=EDGE_CURVE('',#3011,#3015,#2900,.T.);
#3050=EDGE_CURVE('',#3011,#3003,#2736,.T.);
#3052=EDGE_CURVE('',#3003,#3004,#2743,.T.);
#3054=EDGE_CURVE('',#3004,#3023,#2750,.T.);
#3056=EDGE_CURVE('',#3019,#3023,#2856,.T.);
#3058=EDGE_CURVE('',#3031,#3019,#2834,.T.);
#3060=EDGE_CURVE('',#3027,#3031,#2930,.T.);
#3062=EDGE_CURVE('',#3027,#2995,#2757,.T.);
#3064=EDGE_CURVE('',#2995,#2996,#2764,.T.);
#3066=EDGE_CURVE('',#2996,#3039,#2771,.T.);
#3068=EDGE_CURVE('',#3035,#3039,#2974,.T.);
#3072=ADVANCED_FACE('',(#3071),#3045,.F.);
#3078=EDGE_CURVE('',#3036,#3016,#2778,.T.);
#3080=EDGE_CURVE('',#3015,#3016,#2907,.T.);
#3083=EDGE_CURVE('',#3035,#3036,#2966,.T.);
#3087=ADVANCED_FACE('',(#3086),#3077,.T.);
#3093=EDGE_CURVE('',#3020,#3032,#2841,.T.);
#3095=EDGE_CURVE('',#3020,#3024,#2871,.T.);
#3097=EDGE_CURVE('',#3008,#3024,#2792,.T.);
#3099=EDGE_CURVE('',#3007,#3008,#2799,.T.);
#3101=EDGE_CURVE('',#3012,#3007,#2806,.T.);
#3103=EDGE_CURVE('',#3012,#3016,#2915,.T.);
#3106=EDGE_CURVE('',#3036,#3040,#2989,.T.);
#3108=EDGE_CURVE('',#3000,#3040,#2813,.T.);
#3110=EDGE_CURVE('',#2999,#3000,#2820,.T.);
#3112=EDGE_CURVE('',#3028,#2999,#2827,.T.);
#3114=EDGE_CURVE('',#3028,#3032,#2945,.T.);
#3118=ADVANCED_FACE('',(#3117),#3092,.T.);
#3125=EDGE_CURVE('',#3019,#3020,#2848,.T.);
#3128=EDGE_CURVE('',#3031,#3032,#2937,.T.);
#3132=ADVANCED_FACE('',(#3131),#3123,.T.);
#3140=EDGE_CURVE('',#3023,#3024,#2863,.T.);
#3145=ADVANCED_FACE('',(#3144),#3137,.T.);
#3152=EDGE_CURVE('',#3004,#3008,#2878,.T.);
#3158=ADVANCED_FACE('',(#3157),#3150,.T.);
#3165=EDGE_CURVE('',#3003,#3007,#2885,.T.);
#3171=ADVANCED_FACE('',(#3170),#3163,.T.);
#3178=EDGE_CURVE('',#3011,#3012,#2892,.T.);
#3184=ADVANCED_FACE('',(#3183),#3176,.T.);
#3196=ADVANCED_FACE('',(#3195),#3189,.F.);
#3202=EDGE_CURVE('',#3027,#3028,#2922,.T.);
#3209=ADVANCED_FACE('',(#3208),#3201,.F.);
#3218=EDGE_CURVE('',#2995,#2999,#2952,.T.);
#3222=ADVANCED_FACE('',(#3221),#3214,.T.);
#3231=EDGE_CURVE('',#2996,#3000,#2959,.T.);
#3235=ADVANCED_FACE('',(#3234),#3227,.T.);
#3244=EDGE_CURVE('',#3039,#3040,#2981,.T.);
#3248=ADVANCED_FACE('',(#3247),#3240,.T.);
#3260=ADVANCED_FACE('',(#3259),#3253,.T.);
#3269=(LENGTH_UNIT()NAMED_UNIT(*)SI_UNIT(.MILLI.,.METRE.));
#3270=(NAMED_UNIT(*)PLANE_ANGLE_UNIT()SI_UNIT($,.RADIAN.));
#3273=(NAMED_UNIT(*)SI_UNIT($,.STERADIAN.)SOLID_ANGLE_UNIT());
#3275=(GEOMETRIC_REPRESENTATION_CONTEXT(3)GLOBAL_UNCERTAINTY_ASSIGNED_CONTEXT((
#3274))GLOBAL_UNIT_ASSIGNED_CONTEXT((#3269,#3272,#3273))REPRESENTATION_CONTEXT(
'ID2','3'));
#3279=AXIS2_PLACEMENT_3D('',#3276,#3277,#3278);
#3280=ADVANCED_BREP_SHAPE_REPRESENTATION('',(#3279,#3262),#3275);
#3284=PRODUCT_DEFINITION('part definition','',#3283,#2669);
#3285=PRODUCT_DEFINITION_SHAPE('','SHAPE FOR LEAD-QFP.',#3284);
#3286=SHAPE_ASPECT('','solid data associated with LEAD-QFP',#3285,.F.);
#3287=PROPERTY_DEFINITION('',
'shape for solid data with which properties are associated',#3286);
#3288=SHAPE_REPRESENTATION('',(#3262),#3275);
#3289=SHAPE_DEFINITION_REPRESENTATION(#3287,#3288);
#3290=(LENGTH_UNIT()NAMED_UNIT(*)SI_UNIT(.MILLI.,.METRE.));
#3294=PROPERTY_DEFINITION('geometric validation property','area of LEAD-QFP',
#3286);
#3295=REPRESENTATION('surface area',(#3293),#3275);
#3296=PROPERTY_DEFINITION_REPRESENTATION(#3294,#3295);
#3297=(LENGTH_UNIT()NAMED_UNIT(*)SI_UNIT(.MILLI.,.METRE.));
#3301=PROPERTY_DEFINITION('geometric validation property','volume of LEAD-QFP',
#3286);
#3302=REPRESENTATION('volume',(#3300),#3275);
#3303=PROPERTY_DEFINITION_REPRESENTATION(#3301,#3302);
#3305=PROPERTY_DEFINITION('geometric validation property',
'centroid of LEAD-QFP',#3286);
#3306=REPRESENTATION('centroid',(#3304),#3275);
#3307=PROPERTY_DEFINITION_REPRESENTATION(#3305,#3306);
#3308=(LENGTH_UNIT()NAMED_UNIT(*)SI_UNIT(.MILLI.,.METRE.));
#3312=PROPERTY_DEFINITION('geometric validation property','area of LEAD-QFP',
#3285);
#3313=REPRESENTATION('surface area',(#3311),#3275);
#3314=PROPERTY_DEFINITION_REPRESENTATION(#3312,#3313);
#3315=(LENGTH_UNIT()NAMED_UNIT(*)SI_UNIT(.MILLI.,.METRE.));
#3319=PROPERTY_DEFINITION('geometric validation property','volume of LEAD-QFP',
#3285);
#3320=REPRESENTATION('volume',(#3318),#3275);
#3321=PROPERTY_DEFINITION_REPRESENTATION(#3319,#3320);
#3323=PROPERTY_DEFINITION('geometric validation property',
'centroid of LEAD-QFP',#3285);
#3324=REPRESENTATION('centroid',(#3322),#3275);
#3325=PROPERTY_DEFINITION_REPRESENTATION(#3323,#3324);
#3326=SHAPE_DEFINITION_REPRESENTATION(#3285,#3280);
#3327=NEXT_ASSEMBLY_USAGE_OCCURRENCE('1','Next assembly relationship',
'LEAD-QFP',#5631,#3284,$);
#3328=PRODUCT_DEFINITION_SHAPE('Placement #1',
'Placement of LEAD-QFP with respect to PGF0176A_ASM',#3327);
#3330=PROPERTY_DEFINITION('geometric validation property',
'centroid of LEAD-QFP',#3328);
#3331=REPRESENTATION('centroid',(#3329),#3275);
#3332=PROPERTY_DEFINITION_REPRESENTATION(#3330,#3331);
#3340=NEXT_ASSEMBLY_USAGE_OCCURRENCE('2','Next assembly relationship',
'LEAD-QFP',#5631,#3284,$);
#3341=PRODUCT_DEFINITION_SHAPE('Placement #2',
'Placement of LEAD-QFP with respect to PGF0176A_ASM',#3340);
#3343=PROPERTY_DEFINITION('geometric validation property',
'centroid of LEAD-QFP',#3341);
#3344=REPRESENTATION('centroid',(#3342),#3275);
#3345=PROPERTY_DEFINITION_REPRESENTATION(#3343,#3344);
#3353=NEXT_ASSEMBLY_USAGE_OCCURRENCE('3','Next assembly relationship',
'LEAD-QFP',#5631,#3284,$);
#3354=PRODUCT_DEFINITION_SHAPE('Placement #3',
'Placement of LEAD-QFP with respect to PGF0176A_ASM',#3353);
#3356=PROPERTY_DEFINITION('geometric validation property',
'centroid of LEAD-QFP',#3354);
#3357=REPRESENTATION('centroid',(#3355),#3275);
#3358=PROPERTY_DEFINITION_REPRESENTATION(#3356,#3357);
#3366=NEXT_ASSEMBLY_USAGE_OCCURRENCE('4','Next assembly relationship',
'LEAD-QFP',#5631,#3284,$);
#3367=PRODUCT_DEFINITION_SHAPE('Placement #4',
'Placement of LEAD-QFP with respect to PGF0176A_ASM',#3366);
#3369=PROPERTY_DEFINITION('geometric validation property',
'centroid of LEAD-QFP',#3367);
#3370=REPRESENTATION('centroid',(#3368),#3275);
#3371=PROPERTY_DEFINITION_REPRESENTATION(#3369,#3370);
#3379=NEXT_ASSEMBLY_USAGE_OCCURRENCE('5','Next assembly relationship',
'LEAD-QFP',#5631,#3284,$);
#3380=PRODUCT_DEFINITION_SHAPE('Placement #5',
'Placement of LEAD-QFP with respect to PGF0176A_ASM',#3379);
#3382=PROPERTY_DEFINITION('geometric validation property',
'centroid of LEAD-QFP',#3380);
#3383=REPRESENTATION('centroid',(#3381),#3275);
#3384=PROPERTY_DEFINITION_REPRESENTATION(#3382,#3383);
#3392=NEXT_ASSEMBLY_USAGE_OCCURRENCE('6','Next assembly relationship',
'LEAD-QFP',#5631,#3284,$);
#3393=PRODUCT_DEFINITION_SHAPE('Placement #6',
'Placement of LEAD-QFP with respect to PGF0176A_ASM',#3392);
#3395=PROPERTY_DEFINITION('geometric validation property',
'centroid of LEAD-QFP',#3393);
#3396=REPRESENTATION('centroid',(#3394),#3275);
#3397=PROPERTY_DEFINITION_REPRESENTATION(#3395,#3396);
#3405=NEXT_ASSEMBLY_USAGE_OCCURRENCE('7','Next assembly relationship',
'LEAD-QFP',#5631,#3284,$);
#3406=PRODUCT_DEFINITION_SHAPE('Placement #7',
'Placement of LEAD-QFP with respect to PGF0176A_ASM',#3405);
#3408=PROPERTY_DEFINITION('geometric validation property',
'centroid of LEAD-QFP',#3406);
#3409=REPRESENTATION('centroid',(#3407),#3275);
#3410=PROPERTY_DEFINITION_REPRESENTATION(#3408,#3409);
#3418=NEXT_ASSEMBLY_USAGE_OCCURRENCE('8','Next assembly relationship',
'LEAD-QFP',#5631,#3284,$);
#3419=PRODUCT_DEFINITION_SHAPE('Placement #8',
'Placement of LEAD-QFP with respect to PGF0176A_ASM',#3418);
#3421=PROPERTY_DEFINITION('geometric validation property',
'centroid of LEAD-QFP',#3419);
#3422=REPRESENTATION('centroid',(#3420),#3275);
#3423=PROPERTY_DEFINITION_REPRESENTATION(#3421,#3422);
#3431=NEXT_ASSEMBLY_USAGE_OCCURRENCE('9','Next assembly relationship',
'LEAD-QFP',#5631,#3284,$);
#3432=PRODUCT_DEFINITION_SHAPE('Placement #9',
'Placement of LEAD-QFP with respect to PGF0176A_ASM',#3431);
#3434=PROPERTY_DEFINITION('geometric validation property',
'centroid of LEAD-QFP',#3432);
#3435=REPRESENTATION('centroid',(#3433),#3275);
#3436=PROPERTY_DEFINITION_REPRESENTATION(#3434,#3435);
#3444=NEXT_ASSEMBLY_USAGE_OCCURRENCE('10','Next assembly relationship',
'LEAD-QFP',#5631,#3284,$);
#3445=PRODUCT_DEFINITION_SHAPE('Placement #10',
'Placement of LEAD-QFP with respect to PGF0176A_ASM',#3444);
#3447=PROPERTY_DEFINITION('geometric validation property',
'centroid of LEAD-QFP',#3445);
#3448=REPRESENTATION('centroid',(#3446),#3275);
#3449=PROPERTY_DEFINITION_REPRESENTATION(#3447,#3448);
#3457=NEXT_ASSEMBLY_USAGE_OCCURRENCE('11','Next assembly relationship',
'LEAD-QFP',#5631,#3284,$);
#3458=PRODUCT_DEFINITION_SHAPE('Placement #11',
'Placement of LEAD-QFP with respect to PGF0176A_ASM',#3457);
#3460=PROPERTY_DEFINITION('geometric validation property',
'centroid of LEAD-QFP',#3458);
#3461=REPRESENTATION('centroid',(#3459),#3275);
#3462=PROPERTY_DEFINITION_REPRESENTATION(#3460,#3461);
#3470=NEXT_ASSEMBLY_USAGE_OCCURRENCE('12','Next assembly relationship',
'LEAD-QFP',#5631,#3284,$);
#3471=PRODUCT_DEFINITION_SHAPE('Placement #12',
'Placement of LEAD-QFP with respect to PGF0176A_ASM',#3470);
#3473=PROPERTY_DEFINITION('geometric validation property',
'centroid of LEAD-QFP',#3471);
#3474=REPRESENTATION('centroid',(#3472),#3275);
#3475=PROPERTY_DEFINITION_REPRESENTATION(#3473,#3474);
#3483=NEXT_ASSEMBLY_USAGE_OCCURRENCE('13','Next assembly relationship',
'LEAD-QFP',#5631,#3284,$);
#3484=PRODUCT_DEFINITION_SHAPE('Placement #13',
'Placement of LEAD-QFP with respect to PGF0176A_ASM',#3483);
#3486=PROPERTY_DEFINITION('geometric validation property',
'centroid of LEAD-QFP',#3484);
#3487=REPRESENTATION('centroid',(#3485),#3275);
#3488=PROPERTY_DEFINITION_REPRESENTATION(#3486,#3487);
#3496=NEXT_ASSEMBLY_USAGE_OCCURRENCE('14','Next assembly relationship',
'LEAD-QFP',#5631,#3284,$);
#3497=PRODUCT_DEFINITION_SHAPE('Placement #14',
'Placement of LEAD-QFP with respect to PGF0176A_ASM',#3496);
#3499=PROPERTY_DEFINITION('geometric validation property',
'centroid of LEAD-QFP',#3497);
#3500=REPRESENTATION('centroid',(#3498),#3275);
#3501=PROPERTY_DEFINITION_REPRESENTATION(#3499,#3500);
#3509=NEXT_ASSEMBLY_USAGE_OCCURRENCE('15','Next assembly relationship',
'LEAD-QFP',#5631,#3284,$);
#3510=PRODUCT_DEFINITION_SHAPE('Placement #15',
'Placement of LEAD-QFP with respect to PGF0176A_ASM',#3509);
#3512=PROPERTY_DEFINITION('geometric validation property',
'centroid of LEAD-QFP',#3510);
#3513=REPRESENTATION('centroid',(#3511),#3275);
#3514=PROPERTY_DEFINITION_REPRESENTATION(#3512,#3513);
#3522=NEXT_ASSEMBLY_USAGE_OCCURRENCE('16','Next assembly relationship',
'LEAD-QFP',#5631,#3284,$);
#3523=PRODUCT_DEFINITION_SHAPE('Placement #16',
'Placement of LEAD-QFP with respect to PGF0176A_ASM',#3522);
#3525=PROPERTY_DEFINITION('geometric validation property',
'centroid of LEAD-QFP',#3523);
#3526=REPRESENTATION('centroid',(#3524),#3275);
#3527=PROPERTY_DEFINITION_REPRESENTATION(#3525,#3526);
#3535=NEXT_ASSEMBLY_USAGE_OCCURRENCE('17','Next assembly relationship',
'LEAD-QFP',#5631,#3284,$);
#3536=PRODUCT_DEFINITION_SHAPE('Placement #17',
'Placement of LEAD-QFP with respect to PGF0176A_ASM',#3535);
#3538=PROPERTY_DEFINITION('geometric validation property',
'centroid of LEAD-QFP',#3536);
#3539=REPRESENTATION('centroid',(#3537),#3275);
#3540=PROPERTY_DEFINITION_REPRESENTATION(#3538,#3539);
#3548=NEXT_ASSEMBLY_USAGE_OCCURRENCE('18','Next assembly relationship',
'LEAD-QFP',#5631,#3284,$);
#3549=PRODUCT_DEFINITION_SHAPE('Placement #18',
'Placement of LEAD-QFP with respect to PGF0176A_ASM',#3548);
#3551=PROPERTY_DEFINITION('geometric validation property',
'centroid of LEAD-QFP',#3549);
#3552=REPRESENTATION('centroid',(#3550),#3275);
#3553=PROPERTY_DEFINITION_REPRESENTATION(#3551,#3552);
#3561=NEXT_ASSEMBLY_USAGE_OCCURRENCE('19','Next assembly relationship',
'LEAD-QFP',#5631,#3284,$);
#3562=PRODUCT_DEFINITION_SHAPE('Placement #19',
'Placement of LEAD-QFP with respect to PGF0176A_ASM',#3561);
#3564=PROPERTY_DEFINITION('geometric validation property',
'centroid of LEAD-QFP',#3562);
#3565=REPRESENTATION('centroid',(#3563),#3275);
#3566=PROPERTY_DEFINITION_REPRESENTATION(#3564,#3565);
#3574=NEXT_ASSEMBLY_USAGE_OCCURRENCE('20','Next assembly relationship',
'LEAD-QFP',#5631,#3284,$);
#3575=PRODUCT_DEFINITION_SHAPE('Placement #20',
'Placement of LEAD-QFP with respect to PGF0176A_ASM',#3574);
#3577=PROPERTY_DEFINITION('geometric validation property',
'centroid of LEAD-QFP',#3575);
#3578=REPRESENTATION('centroid',(#3576),#3275);
#3579=PROPERTY_DEFINITION_REPRESENTATION(#3577,#3578);
#3587=NEXT_ASSEMBLY_USAGE_OCCURRENCE('21','Next assembly relationship',
'LEAD-QFP',#5631,#3284,$);
#3588=PRODUCT_DEFINITION_SHAPE('Placement #21',
'Placement of LEAD-QFP with respect to PGF0176A_ASM',#3587);
#3590=PROPERTY_DEFINITION('geometric validation property',
'centroid of LEAD-QFP',#3588);
#3591=REPRESENTATION('centroid',(#3589),#3275);
#3592=PROPERTY_DEFINITION_REPRESENTATION(#3590,#3591);
#3600=NEXT_ASSEMBLY_USAGE_OCCURRENCE('22','Next assembly relationship',
'LEAD-QFP',#5631,#3284,$);
#3601=PRODUCT_DEFINITION_SHAPE('Placement #22',
'Placement of LEAD-QFP with respect to PGF0176A_ASM',#3600);
#3603=PROPERTY_DEFINITION('geometric validation property',
'centroid of LEAD-QFP',#3601);
#3604=REPRESENTATION('centroid',(#3602),#3275);
#3605=PROPERTY_DEFINITION_REPRESENTATION(#3603,#3604);
#3613=NEXT_ASSEMBLY_USAGE_OCCURRENCE('23','Next assembly relationship',
'LEAD-QFP',#5631,#3284,$);
#3614=PRODUCT_DEFINITION_SHAPE('Placement #23',
'Placement of LEAD-QFP with respect to PGF0176A_ASM',#3613);
#3616=PROPERTY_DEFINITION('geometric validation property',
'centroid of LEAD-QFP',#3614);
#3617=REPRESENTATION('centroid',(#3615),#3275);
#3618=PROPERTY_DEFINITION_REPRESENTATION(#3616,#3617);
#3626=NEXT_ASSEMBLY_USAGE_OCCURRENCE('24','Next assembly relationship',
'LEAD-QFP',#5631,#3284,$);
#3627=PRODUCT_DEFINITION_SHAPE('Placement #24',
'Placement of LEAD-QFP with respect to PGF0176A_ASM',#3626);
#3629=PROPERTY_DEFINITION('geometric validation property',
'centroid of LEAD-QFP',#3627);
#3630=REPRESENTATION('centroid',(#3628),#3275);
#3631=PROPERTY_DEFINITION_REPRESENTATION(#3629,#3630);
#3639=NEXT_ASSEMBLY_USAGE_OCCURRENCE('25','Next assembly relationship',
'LEAD-QFP',#5631,#3284,$);
#3640=PRODUCT_DEFINITION_SHAPE('Placement #25',
'Placement of LEAD-QFP with respect to PGF0176A_ASM',#3639);
#3642=PROPERTY_DEFINITION('geometric validation property',
'centroid of LEAD-QFP',#3640);
#3643=REPRESENTATION('centroid',(#3641),#3275);
#3644=PROPERTY_DEFINITION_REPRESENTATION(#3642,#3643);
#3652=NEXT_ASSEMBLY_USAGE_OCCURRENCE('26','Next assembly relationship',
'LEAD-QFP',#5631,#3284,$);
#3653=PRODUCT_DEFINITION_SHAPE('Placement #26',
'Placement of LEAD-QFP with respect to PGF0176A_ASM',#3652);
#3655=PROPERTY_DEFINITION('geometric validation property',
'centroid of LEAD-QFP',#3653);
#3656=REPRESENTATION('centroid',(#3654),#3275);
#3657=PROPERTY_DEFINITION_REPRESENTATION(#3655,#3656);
#3665=NEXT_ASSEMBLY_USAGE_OCCURRENCE('27','Next assembly relationship',
'LEAD-QFP',#5631,#3284,$);
#3666=PRODUCT_DEFINITION_SHAPE('Placement #27',
'Placement of LEAD-QFP with respect to PGF0176A_ASM',#3665);
#3668=PROPERTY_DEFINITION('geometric validation property',
'centroid of LEAD-QFP',#3666);
#3669=REPRESENTATION('centroid',(#3667),#3275);
#3670=PROPERTY_DEFINITION_REPRESENTATION(#3668,#3669);
#3678=NEXT_ASSEMBLY_USAGE_OCCURRENCE('28','Next assembly relationship',
'LEAD-QFP',#5631,#3284,$);
#3679=PRODUCT_DEFINITION_SHAPE('Placement #28',
'Placement of LEAD-QFP with respect to PGF0176A_ASM',#3678);
#3681=PROPERTY_DEFINITION('geometric validation property',
'centroid of LEAD-QFP',#3679);
#3682=REPRESENTATION('centroid',(#3680),#3275);
#3683=PROPERTY_DEFINITION_REPRESENTATION(#3681,#3682);
#3691=NEXT_ASSEMBLY_USAGE_OCCURRENCE('29','Next assembly relationship',
'LEAD-QFP',#5631,#3284,$);
#3692=PRODUCT_DEFINITION_SHAPE('Placement #29',
'Placement of LEAD-QFP with respect to PGF0176A_ASM',#3691);
#3694=PROPERTY_DEFINITION('geometric validation property',
'centroid of LEAD-QFP',#3692);
#3695=REPRESENTATION('centroid',(#3693),#3275);
#3696=PROPERTY_DEFINITION_REPRESENTATION(#3694,#3695);
#3704=NEXT_ASSEMBLY_USAGE_OCCURRENCE('30','Next assembly relationship',
'LEAD-QFP',#5631,#3284,$);
#3705=PRODUCT_DEFINITION_SHAPE('Placement #30',
'Placement of LEAD-QFP with respect to PGF0176A_ASM',#3704);
#3707=PROPERTY_DEFINITION('geometric validation property',
'centroid of LEAD-QFP',#3705);
#3708=REPRESENTATION('centroid',(#3706),#3275);
#3709=PROPERTY_DEFINITION_REPRESENTATION(#3707,#3708);
#3717=NEXT_ASSEMBLY_USAGE_OCCURRENCE('31','Next assembly relationship',
'LEAD-QFP',#5631,#3284,$);
#3718=PRODUCT_DEFINITION_SHAPE('Placement #31',
'Placement of LEAD-QFP with respect to PGF0176A_ASM',#3717);
#3720=PROPERTY_DEFINITION('geometric validation property',
'centroid of LEAD-QFP',#3718);
#3721=REPRESENTATION('centroid',(#3719),#3275);
#3722=PROPERTY_DEFINITION_REPRESENTATION(#3720,#3721);
#3730=NEXT_ASSEMBLY_USAGE_OCCURRENCE('32','Next assembly relationship',
'LEAD-QFP',#5631,#3284,$);
#3731=PRODUCT_DEFINITION_SHAPE('Placement #32',
'Placement of LEAD-QFP with respect to PGF0176A_ASM',#3730);
#3733=PROPERTY_DEFINITION('geometric validation property',
'centroid of LEAD-QFP',#3731);
#3734=REPRESENTATION('centroid',(#3732),#3275);
#3735=PROPERTY_DEFINITION_REPRESENTATION(#3733,#3734);
#3743=NEXT_ASSEMBLY_USAGE_OCCURRENCE('33','Next assembly relationship',
'LEAD-QFP',#5631,#3284,$);
#3744=PRODUCT_DEFINITION_SHAPE('Placement #33',
'Placement of LEAD-QFP with respect to PGF0176A_ASM',#3743);
#3746=PROPERTY_DEFINITION('geometric validation property',
'centroid of LEAD-QFP',#3744);
#3747=REPRESENTATION('centroid',(#3745),#3275);
#3748=PROPERTY_DEFINITION_REPRESENTATION(#3746,#3747);
#3756=NEXT_ASSEMBLY_USAGE_OCCURRENCE('34','Next assembly relationship',
'LEAD-QFP',#5631,#3284,$);
#3757=PRODUCT_DEFINITION_SHAPE('Placement #34',
'Placement of LEAD-QFP with respect to PGF0176A_ASM',#3756);
#3759=PROPERTY_DEFINITION('geometric validation property',
'centroid of LEAD-QFP',#3757);
#3760=REPRESENTATION('centroid',(#3758),#3275);
#3761=PROPERTY_DEFINITION_REPRESENTATION(#3759,#3760);
#3769=NEXT_ASSEMBLY_USAGE_OCCURRENCE('35','Next assembly relationship',
'LEAD-QFP',#5631,#3284,$);
#3770=PRODUCT_DEFINITION_SHAPE('Placement #35',
'Placement of LEAD-QFP with respect to PGF0176A_ASM',#3769);
#3772=PROPERTY_DEFINITION('geometric validation property',
'centroid of LEAD-QFP',#3770);
#3773=REPRESENTATION('centroid',(#3771),#3275);
#3774=PROPERTY_DEFINITION_REPRESENTATION(#3772,#3773);
#3782=NEXT_ASSEMBLY_USAGE_OCCURRENCE('36','Next assembly relationship',
'LEAD-QFP',#5631,#3284,$);
#3783=PRODUCT_DEFINITION_SHAPE('Placement #36',
'Placement of LEAD-QFP with respect to PGF0176A_ASM',#3782);
#3785=PROPERTY_DEFINITION('geometric validation property',
'centroid of LEAD-QFP',#3783);
#3786=REPRESENTATION('centroid',(#3784),#3275);
#3787=PROPERTY_DEFINITION_REPRESENTATION(#3785,#3786);
#3795=NEXT_ASSEMBLY_USAGE_OCCURRENCE('37','Next assembly relationship',
'LEAD-QFP',#5631,#3284,$);
#3796=PRODUCT_DEFINITION_SHAPE('Placement #37',
'Placement of LEAD-QFP with respect to PGF0176A_ASM',#3795);
#3798=PROPERTY_DEFINITION('geometric validation property',
'centroid of LEAD-QFP',#3796);
#3799=REPRESENTATION('centroid',(#3797),#3275);
#3800=PROPERTY_DEFINITION_REPRESENTATION(#3798,#3799);
#3808=NEXT_ASSEMBLY_USAGE_OCCURRENCE('38','Next assembly relationship',
'LEAD-QFP',#5631,#3284,$);
#3809=PRODUCT_DEFINITION_SHAPE('Placement #38',
'Placement of LEAD-QFP with respect to PGF0176A_ASM',#3808);
#3811=PROPERTY_DEFINITION('geometric validation property',
'centroid of LEAD-QFP',#3809);
#3812=REPRESENTATION('centroid',(#3810),#3275);
#3813=PROPERTY_DEFINITION_REPRESENTATION(#3811,#3812);
#3821=NEXT_ASSEMBLY_USAGE_OCCURRENCE('39','Next assembly relationship',
'LEAD-QFP',#5631,#3284,$);
#3822=PRODUCT_DEFINITION_SHAPE('Placement #39',
'Placement of LEAD-QFP with respect to PGF0176A_ASM',#3821);
#3824=PROPERTY_DEFINITION('geometric validation property',
'centroid of LEAD-QFP',#3822);
#3825=REPRESENTATION('centroid',(#3823),#3275);
#3826=PROPERTY_DEFINITION_REPRESENTATION(#3824,#3825);
#3834=NEXT_ASSEMBLY_USAGE_OCCURRENCE('40','Next assembly relationship',
'LEAD-QFP',#5631,#3284,$);
#3835=PRODUCT_DEFINITION_SHAPE('Placement #40',
'Placement of LEAD-QFP with respect to PGF0176A_ASM',#3834);
#3837=PROPERTY_DEFINITION('geometric validation property',
'centroid of LEAD-QFP',#3835);
#3838=REPRESENTATION('centroid',(#3836),#3275);
#3839=PROPERTY_DEFINITION_REPRESENTATION(#3837,#3838);
#3847=NEXT_ASSEMBLY_USAGE_OCCURRENCE('41','Next assembly relationship',
'LEAD-QFP',#5631,#3284,$);
#3848=PRODUCT_DEFINITION_SHAPE('Placement #41',
'Placement of LEAD-QFP with respect to PGF0176A_ASM',#3847);
#3850=PROPERTY_DEFINITION('geometric validation property',
'centroid of LEAD-QFP',#3848);
#3851=REPRESENTATION('centroid',(#3849),#3275);
#3852=PROPERTY_DEFINITION_REPRESENTATION(#3850,#3851);
#3860=NEXT_ASSEMBLY_USAGE_OCCURRENCE('42','Next assembly relationship',
'LEAD-QFP',#5631,#3284,$);
#3861=PRODUCT_DEFINITION_SHAPE('Placement #42',
'Placement of LEAD-QFP with respect to PGF0176A_ASM',#3860);
#3863=PROPERTY_DEFINITION('geometric validation property',
'centroid of LEAD-QFP',#3861);
#3864=REPRESENTATION('centroid',(#3862),#3275);
#3865=PROPERTY_DEFINITION_REPRESENTATION(#3863,#3864);
#3873=NEXT_ASSEMBLY_USAGE_OCCURRENCE('43','Next assembly relationship',
'LEAD-QFP',#5631,#3284,$);
#3874=PRODUCT_DEFINITION_SHAPE('Placement #43',
'Placement of LEAD-QFP with respect to PGF0176A_ASM',#3873);
#3876=PROPERTY_DEFINITION('geometric validation property',
'centroid of LEAD-QFP',#3874);
#3877=REPRESENTATION('centroid',(#3875),#3275);
#3878=PROPERTY_DEFINITION_REPRESENTATION(#3876,#3877);
#3886=NEXT_ASSEMBLY_USAGE_OCCURRENCE('44','Next assembly relationship',
'LEAD-QFP',#5631,#3284,$);
#3887=PRODUCT_DEFINITION_SHAPE('Placement #44',
'Placement of LEAD-QFP with respect to PGF0176A_ASM',#3886);
#3889=PROPERTY_DEFINITION('geometric validation property',
'centroid of LEAD-QFP',#3887);
#3890=REPRESENTATION('centroid',(#3888),#3275);
#3891=PROPERTY_DEFINITION_REPRESENTATION(#3889,#3890);
#3899=NEXT_ASSEMBLY_USAGE_OCCURRENCE('45','Next assembly relationship',
'LEAD-QFP',#5631,#3284,$);
#3900=PRODUCT_DEFINITION_SHAPE('Placement #45',
'Placement of LEAD-QFP with respect to PGF0176A_ASM',#3899);
#3902=PROPERTY_DEFINITION('geometric validation property',
'centroid of LEAD-QFP',#3900);
#3903=REPRESENTATION('centroid',(#3901),#3275);
#3904=PROPERTY_DEFINITION_REPRESENTATION(#3902,#3903);
#3912=NEXT_ASSEMBLY_USAGE_OCCURRENCE('46','Next assembly relationship',
'LEAD-QFP',#5631,#3284,$);
#3913=PRODUCT_DEFINITION_SHAPE('Placement #46',
'Placement of LEAD-QFP with respect to PGF0176A_ASM',#3912);
#3915=PROPERTY_DEFINITION('geometric validation property',
'centroid of LEAD-QFP',#3913);
#3916=REPRESENTATION('centroid',(#3914),#3275);
#3917=PROPERTY_DEFINITION_REPRESENTATION(#3915,#3916);
#3925=NEXT_ASSEMBLY_USAGE_OCCURRENCE('47','Next assembly relationship',
'LEAD-QFP',#5631,#3284,$);
#3926=PRODUCT_DEFINITION_SHAPE('Placement #47',
'Placement of LEAD-QFP with respect to PGF0176A_ASM',#3925);
#3928=PROPERTY_DEFINITION('geometric validation property',
'centroid of LEAD-QFP',#3926);
#3929=REPRESENTATION('centroid',(#3927),#3275);
#3930=PROPERTY_DEFINITION_REPRESENTATION(#3928,#3929);
#3938=NEXT_ASSEMBLY_USAGE_OCCURRENCE('48','Next assembly relationship',
'LEAD-QFP',#5631,#3284,$);
#3939=PRODUCT_DEFINITION_SHAPE('Placement #48',
'Placement of LEAD-QFP with respect to PGF0176A_ASM',#3938);
#3941=PROPERTY_DEFINITION('geometric validation property',
'centroid of LEAD-QFP',#3939);
#3942=REPRESENTATION('centroid',(#3940),#3275);
#3943=PROPERTY_DEFINITION_REPRESENTATION(#3941,#3942);
#3951=NEXT_ASSEMBLY_USAGE_OCCURRENCE('49','Next assembly relationship',
'LEAD-QFP',#5631,#3284,$);
#3952=PRODUCT_DEFINITION_SHAPE('Placement #49',
'Placement of LEAD-QFP with respect to PGF0176A_ASM',#3951);
#3954=PROPERTY_DEFINITION('geometric validation property',
'centroid of LEAD-QFP',#3952);
#3955=REPRESENTATION('centroid',(#3953),#3275);
#3956=PROPERTY_DEFINITION_REPRESENTATION(#3954,#3955);
#3964=NEXT_ASSEMBLY_USAGE_OCCURRENCE('50','Next assembly relationship',
'LEAD-QFP',#5631,#3284,$);
#3965=PRODUCT_DEFINITION_SHAPE('Placement #50',
'Placement of LEAD-QFP with respect to PGF0176A_ASM',#3964);
#3967=PROPERTY_DEFINITION('geometric validation property',
'centroid of LEAD-QFP',#3965);
#3968=REPRESENTATION('centroid',(#3966),#3275);
#3969=PROPERTY_DEFINITION_REPRESENTATION(#3967,#3968);
#3977=NEXT_ASSEMBLY_USAGE_OCCURRENCE('51','Next assembly relationship',
'LEAD-QFP',#5631,#3284,$);
#3978=PRODUCT_DEFINITION_SHAPE('Placement #51',
'Placement of LEAD-QFP with respect to PGF0176A_ASM',#3977);
#3980=PROPERTY_DEFINITION('geometric validation property',
'centroid of LEAD-QFP',#3978);
#3981=REPRESENTATION('centroid',(#3979),#3275);
#3982=PROPERTY_DEFINITION_REPRESENTATION(#3980,#3981);
#3990=NEXT_ASSEMBLY_USAGE_OCCURRENCE('52','Next assembly relationship',
'LEAD-QFP',#5631,#3284,$);
#3991=PRODUCT_DEFINITION_SHAPE('Placement #52',
'Placement of LEAD-QFP with respect to PGF0176A_ASM',#3990);
#3993=PROPERTY_DEFINITION('geometric validation property',
'centroid of LEAD-QFP',#3991);
#3994=REPRESENTATION('centroid',(#3992),#3275);
#3995=PROPERTY_DEFINITION_REPRESENTATION(#3993,#3994);
#4003=NEXT_ASSEMBLY_USAGE_OCCURRENCE('53','Next assembly relationship',
'LEAD-QFP',#5631,#3284,$);
#4004=PRODUCT_DEFINITION_SHAPE('Placement #53',
'Placement of LEAD-QFP with respect to PGF0176A_ASM',#4003);
#4006=PROPERTY_DEFINITION('geometric validation property',
'centroid of LEAD-QFP',#4004);
#4007=REPRESENTATION('centroid',(#4005),#3275);
#4008=PROPERTY_DEFINITION_REPRESENTATION(#4006,#4007);
#4016=NEXT_ASSEMBLY_USAGE_OCCURRENCE('54','Next assembly relationship',
'LEAD-QFP',#5631,#3284,$);
#4017=PRODUCT_DEFINITION_SHAPE('Placement #54',
'Placement of LEAD-QFP with respect to PGF0176A_ASM',#4016);
#4019=PROPERTY_DEFINITION('geometric validation property',
'centroid of LEAD-QFP',#4017);
#4020=REPRESENTATION('centroid',(#4018),#3275);
#4021=PROPERTY_DEFINITION_REPRESENTATION(#4019,#4020);
#4029=NEXT_ASSEMBLY_USAGE_OCCURRENCE('55','Next assembly relationship',
'LEAD-QFP',#5631,#3284,$);
#4030=PRODUCT_DEFINITION_SHAPE('Placement #55',
'Placement of LEAD-QFP with respect to PGF0176A_ASM',#4029);
#4032=PROPERTY_DEFINITION('geometric validation property',
'centroid of LEAD-QFP',#4030);
#4033=REPRESENTATION('centroid',(#4031),#3275);
#4034=PROPERTY_DEFINITION_REPRESENTATION(#4032,#4033);
#4042=NEXT_ASSEMBLY_USAGE_OCCURRENCE('56','Next assembly relationship',
'LEAD-QFP',#5631,#3284,$);
#4043=PRODUCT_DEFINITION_SHAPE('Placement #56',
'Placement of LEAD-QFP with respect to PGF0176A_ASM',#4042);
#4045=PROPERTY_DEFINITION('geometric validation property',
'centroid of LEAD-QFP',#4043);
#4046=REPRESENTATION('centroid',(#4044),#3275);
#4047=PROPERTY_DEFINITION_REPRESENTATION(#4045,#4046);
#4055=NEXT_ASSEMBLY_USAGE_OCCURRENCE('57','Next assembly relationship',
'LEAD-QFP',#5631,#3284,$);
#4056=PRODUCT_DEFINITION_SHAPE('Placement #57',
'Placement of LEAD-QFP with respect to PGF0176A_ASM',#4055);
#4058=PROPERTY_DEFINITION('geometric validation property',
'centroid of LEAD-QFP',#4056);
#4059=REPRESENTATION('centroid',(#4057),#3275);
#4060=PROPERTY_DEFINITION_REPRESENTATION(#4058,#4059);
#4068=NEXT_ASSEMBLY_USAGE_OCCURRENCE('58','Next assembly relationship',
'LEAD-QFP',#5631,#3284,$);
#4069=PRODUCT_DEFINITION_SHAPE('Placement #58',
'Placement of LEAD-QFP with respect to PGF0176A_ASM',#4068);
#4071=PROPERTY_DEFINITION('geometric validation property',
'centroid of LEAD-QFP',#4069);
#4072=REPRESENTATION('centroid',(#4070),#3275);
#4073=PROPERTY_DEFINITION_REPRESENTATION(#4071,#4072);
#4081=NEXT_ASSEMBLY_USAGE_OCCURRENCE('59','Next assembly relationship',
'LEAD-QFP',#5631,#3284,$);
#4082=PRODUCT_DEFINITION_SHAPE('Placement #59',
'Placement of LEAD-QFP with respect to PGF0176A_ASM',#4081);
#4084=PROPERTY_DEFINITION('geometric validation property',
'centroid of LEAD-QFP',#4082);
#4085=REPRESENTATION('centroid',(#4083),#3275);
#4086=PROPERTY_DEFINITION_REPRESENTATION(#4084,#4085);
#4094=NEXT_ASSEMBLY_USAGE_OCCURRENCE('60','Next assembly relationship',
'LEAD-QFP',#5631,#3284,$);
#4095=PRODUCT_DEFINITION_SHAPE('Placement #60',
'Placement of LEAD-QFP with respect to PGF0176A_ASM',#4094);
#4097=PROPERTY_DEFINITION('geometric validation property',
'centroid of LEAD-QFP',#4095);
#4098=REPRESENTATION('centroid',(#4096),#3275);
#4099=PROPERTY_DEFINITION_REPRESENTATION(#4097,#4098);
#4107=NEXT_ASSEMBLY_USAGE_OCCURRENCE('61','Next assembly relationship',
'LEAD-QFP',#5631,#3284,$);
#4108=PRODUCT_DEFINITION_SHAPE('Placement #61',
'Placement of LEAD-QFP with respect to PGF0176A_ASM',#4107);
#4110=PROPERTY_DEFINITION('geometric validation property',
'centroid of LEAD-QFP',#4108);
#4111=REPRESENTATION('centroid',(#4109),#3275);
#4112=PROPERTY_DEFINITION_REPRESENTATION(#4110,#4111);
#4120=NEXT_ASSEMBLY_USAGE_OCCURRENCE('62','Next assembly relationship',
'LEAD-QFP',#5631,#3284,$);
#4121=PRODUCT_DEFINITION_SHAPE('Placement #62',
'Placement of LEAD-QFP with respect to PGF0176A_ASM',#4120);
#4123=PROPERTY_DEFINITION('geometric validation property',
'centroid of LEAD-QFP',#4121);
#4124=REPRESENTATION('centroid',(#4122),#3275);
#4125=PROPERTY_DEFINITION_REPRESENTATION(#4123,#4124);
#4133=NEXT_ASSEMBLY_USAGE_OCCURRENCE('63','Next assembly relationship',
'LEAD-QFP',#5631,#3284,$);
#4134=PRODUCT_DEFINITION_SHAPE('Placement #63',
'Placement of LEAD-QFP with respect to PGF0176A_ASM',#4133);
#4136=PROPERTY_DEFINITION('geometric validation property',
'centroid of LEAD-QFP',#4134);
#4137=REPRESENTATION('centroid',(#4135),#3275);
#4138=PROPERTY_DEFINITION_REPRESENTATION(#4136,#4137);
#4146=NEXT_ASSEMBLY_USAGE_OCCURRENCE('64','Next assembly relationship',
'LEAD-QFP',#5631,#3284,$);
#4147=PRODUCT_DEFINITION_SHAPE('Placement #64',
'Placement of LEAD-QFP with respect to PGF0176A_ASM',#4146);
#4149=PROPERTY_DEFINITION('geometric validation property',
'centroid of LEAD-QFP',#4147);
#4150=REPRESENTATION('centroid',(#4148),#3275);
#4151=PROPERTY_DEFINITION_REPRESENTATION(#4149,#4150);
#4159=NEXT_ASSEMBLY_USAGE_OCCURRENCE('65','Next assembly relationship',
'LEAD-QFP',#5631,#3284,$);
#4160=PRODUCT_DEFINITION_SHAPE('Placement #65',
'Placement of LEAD-QFP with respect to PGF0176A_ASM',#4159);
#4162=PROPERTY_DEFINITION('geometric validation property',
'centroid of LEAD-QFP',#4160);
#4163=REPRESENTATION('centroid',(#4161),#3275);
#4164=PROPERTY_DEFINITION_REPRESENTATION(#4162,#4163);
#4172=NEXT_ASSEMBLY_USAGE_OCCURRENCE('66','Next assembly relationship',
'LEAD-QFP',#5631,#3284,$);
#4173=PRODUCT_DEFINITION_SHAPE('Placement #66',
'Placement of LEAD-QFP with respect to PGF0176A_ASM',#4172);
#4175=PROPERTY_DEFINITION('geometric validation property',
'centroid of LEAD-QFP',#4173);
#4176=REPRESENTATION('centroid',(#4174),#3275);
#4177=PROPERTY_DEFINITION_REPRESENTATION(#4175,#4176);
#4185=NEXT_ASSEMBLY_USAGE_OCCURRENCE('67','Next assembly relationship',
'LEAD-QFP',#5631,#3284,$);
#4186=PRODUCT_DEFINITION_SHAPE('Placement #67',
'Placement of LEAD-QFP with respect to PGF0176A_ASM',#4185);
#4188=PROPERTY_DEFINITION('geometric validation property',
'centroid of LEAD-QFP',#4186);
#4189=REPRESENTATION('centroid',(#4187),#3275);
#4190=PROPERTY_DEFINITION_REPRESENTATION(#4188,#4189);
#4198=NEXT_ASSEMBLY_USAGE_OCCURRENCE('68','Next assembly relationship',
'LEAD-QFP',#5631,#3284,$);
#4199=PRODUCT_DEFINITION_SHAPE('Placement #68',
'Placement of LEAD-QFP with respect to PGF0176A_ASM',#4198);
#4201=PROPERTY_DEFINITION('geometric validation property',
'centroid of LEAD-QFP',#4199);
#4202=REPRESENTATION('centroid',(#4200),#3275);
#4203=PROPERTY_DEFINITION_REPRESENTATION(#4201,#4202);
#4211=NEXT_ASSEMBLY_USAGE_OCCURRENCE('69','Next assembly relationship',
'LEAD-QFP',#5631,#3284,$);
#4212=PRODUCT_DEFINITION_SHAPE('Placement #69',
'Placement of LEAD-QFP with respect to PGF0176A_ASM',#4211);
#4214=PROPERTY_DEFINITION('geometric validation property',
'centroid of LEAD-QFP',#4212);
#4215=REPRESENTATION('centroid',(#4213),#3275);
#4216=PROPERTY_DEFINITION_REPRESENTATION(#4214,#4215);
#4224=NEXT_ASSEMBLY_USAGE_OCCURRENCE('70','Next assembly relationship',
'LEAD-QFP',#5631,#3284,$);
#4225=PRODUCT_DEFINITION_SHAPE('Placement #70',
'Placement of LEAD-QFP with respect to PGF0176A_ASM',#4224);
#4227=PROPERTY_DEFINITION('geometric validation property',
'centroid of LEAD-QFP',#4225);
#4228=REPRESENTATION('centroid',(#4226),#3275);
#4229=PROPERTY_DEFINITION_REPRESENTATION(#4227,#4228);
#4237=NEXT_ASSEMBLY_USAGE_OCCURRENCE('71','Next assembly relationship',
'LEAD-QFP',#5631,#3284,$);
#4238=PRODUCT_DEFINITION_SHAPE('Placement #71',
'Placement of LEAD-QFP with respect to PGF0176A_ASM',#4237);
#4240=PROPERTY_DEFINITION('geometric validation property',
'centroid of LEAD-QFP',#4238);
#4241=REPRESENTATION('centroid',(#4239),#3275);
#4242=PROPERTY_DEFINITION_REPRESENTATION(#4240,#4241);
#4250=NEXT_ASSEMBLY_USAGE_OCCURRENCE('72','Next assembly relationship',
'LEAD-QFP',#5631,#3284,$);
#4251=PRODUCT_DEFINITION_SHAPE('Placement #72',
'Placement of LEAD-QFP with respect to PGF0176A_ASM',#4250);
#4253=PROPERTY_DEFINITION('geometric validation property',
'centroid of LEAD-QFP',#4251);
#4254=REPRESENTATION('centroid',(#4252),#3275);
#4255=PROPERTY_DEFINITION_REPRESENTATION(#4253,#4254);
#4263=NEXT_ASSEMBLY_USAGE_OCCURRENCE('73','Next assembly relationship',
'LEAD-QFP',#5631,#3284,$);
#4264=PRODUCT_DEFINITION_SHAPE('Placement #73',
'Placement of LEAD-QFP with respect to PGF0176A_ASM',#4263);
#4266=PROPERTY_DEFINITION('geometric validation property',
'centroid of LEAD-QFP',#4264);
#4267=REPRESENTATION('centroid',(#4265),#3275);
#4268=PROPERTY_DEFINITION_REPRESENTATION(#4266,#4267);
#4276=NEXT_ASSEMBLY_USAGE_OCCURRENCE('74','Next assembly relationship',
'LEAD-QFP',#5631,#3284,$);
#4277=PRODUCT_DEFINITION_SHAPE('Placement #74',
'Placement of LEAD-QFP with respect to PGF0176A_ASM',#4276);
#4279=PROPERTY_DEFINITION('geometric validation property',
'centroid of LEAD-QFP',#4277);
#4280=REPRESENTATION('centroid',(#4278),#3275);
#4281=PROPERTY_DEFINITION_REPRESENTATION(#4279,#4280);
#4289=NEXT_ASSEMBLY_USAGE_OCCURRENCE('75','Next assembly relationship',
'LEAD-QFP',#5631,#3284,$);
#4290=PRODUCT_DEFINITION_SHAPE('Placement #75',
'Placement of LEAD-QFP with respect to PGF0176A_ASM',#4289);
#4292=PROPERTY_DEFINITION('geometric validation property',
'centroid of LEAD-QFP',#4290);
#4293=REPRESENTATION('centroid',(#4291),#3275);
#4294=PROPERTY_DEFINITION_REPRESENTATION(#4292,#4293);
#4302=NEXT_ASSEMBLY_USAGE_OCCURRENCE('76','Next assembly relationship',
'LEAD-QFP',#5631,#3284,$);
#4303=PRODUCT_DEFINITION_SHAPE('Placement #76',
'Placement of LEAD-QFP with respect to PGF0176A_ASM',#4302);
#4305=PROPERTY_DEFINITION('geometric validation property',
'centroid of LEAD-QFP',#4303);
#4306=REPRESENTATION('centroid',(#4304),#3275);
#4307=PROPERTY_DEFINITION_REPRESENTATION(#4305,#4306);
#4315=NEXT_ASSEMBLY_USAGE_OCCURRENCE('77','Next assembly relationship',
'LEAD-QFP',#5631,#3284,$);
#4316=PRODUCT_DEFINITION_SHAPE('Placement #77',
'Placement of LEAD-QFP with respect to PGF0176A_ASM',#4315);
#4318=PROPERTY_DEFINITION('geometric validation property',
'centroid of LEAD-QFP',#4316);
#4319=REPRESENTATION('centroid',(#4317),#3275);
#4320=PROPERTY_DEFINITION_REPRESENTATION(#4318,#4319);
#4328=NEXT_ASSEMBLY_USAGE_OCCURRENCE('78','Next assembly relationship',
'LEAD-QFP',#5631,#3284,$);
#4329=PRODUCT_DEFINITION_SHAPE('Placement #78',
'Placement of LEAD-QFP with respect to PGF0176A_ASM',#4328);
#4331=PROPERTY_DEFINITION('geometric validation property',
'centroid of LEAD-QFP',#4329);
#4332=REPRESENTATION('centroid',(#4330),#3275);
#4333=PROPERTY_DEFINITION_REPRESENTATION(#4331,#4332);
#4341=NEXT_ASSEMBLY_USAGE_OCCURRENCE('79','Next assembly relationship',
'LEAD-QFP',#5631,#3284,$);
#4342=PRODUCT_DEFINITION_SHAPE('Placement #79',
'Placement of LEAD-QFP with respect to PGF0176A_ASM',#4341);
#4344=PROPERTY_DEFINITION('geometric validation property',
'centroid of LEAD-QFP',#4342);
#4345=REPRESENTATION('centroid',(#4343),#3275);
#4346=PROPERTY_DEFINITION_REPRESENTATION(#4344,#4345);
#4354=NEXT_ASSEMBLY_USAGE_OCCURRENCE('80','Next assembly relationship',
'LEAD-QFP',#5631,#3284,$);
#4355=PRODUCT_DEFINITION_SHAPE('Placement #80',
'Placement of LEAD-QFP with respect to PGF0176A_ASM',#4354);
#4357=PROPERTY_DEFINITION('geometric validation property',
'centroid of LEAD-QFP',#4355);
#4358=REPRESENTATION('centroid',(#4356),#3275);
#4359=PROPERTY_DEFINITION_REPRESENTATION(#4357,#4358);
#4367=NEXT_ASSEMBLY_USAGE_OCCURRENCE('81','Next assembly relationship',
'LEAD-QFP',#5631,#3284,$);
#4368=PRODUCT_DEFINITION_SHAPE('Placement #81',
'Placement of LEAD-QFP with respect to PGF0176A_ASM',#4367);
#4370=PROPERTY_DEFINITION('geometric validation property',
'centroid of LEAD-QFP',#4368);
#4371=REPRESENTATION('centroid',(#4369),#3275);
#4372=PROPERTY_DEFINITION_REPRESENTATION(#4370,#4371);
#4380=NEXT_ASSEMBLY_USAGE_OCCURRENCE('82','Next assembly relationship',
'LEAD-QFP',#5631,#3284,$);
#4381=PRODUCT_DEFINITION_SHAPE('Placement #82',
'Placement of LEAD-QFP with respect to PGF0176A_ASM',#4380);
#4383=PROPERTY_DEFINITION('geometric validation property',
'centroid of LEAD-QFP',#4381);
#4384=REPRESENTATION('centroid',(#4382),#3275);
#4385=PROPERTY_DEFINITION_REPRESENTATION(#4383,#4384);
#4393=NEXT_ASSEMBLY_USAGE_OCCURRENCE('83','Next assembly relationship',
'LEAD-QFP',#5631,#3284,$);
#4394=PRODUCT_DEFINITION_SHAPE('Placement #83',
'Placement of LEAD-QFP with respect to PGF0176A_ASM',#4393);
#4396=PROPERTY_DEFINITION('geometric validation property',
'centroid of LEAD-QFP',#4394);
#4397=REPRESENTATION('centroid',(#4395),#3275);
#4398=PROPERTY_DEFINITION_REPRESENTATION(#4396,#4397);
#4406=NEXT_ASSEMBLY_USAGE_OCCURRENCE('84','Next assembly relationship',
'LEAD-QFP',#5631,#3284,$);
#4407=PRODUCT_DEFINITION_SHAPE('Placement #84',
'Placement of LEAD-QFP with respect to PGF0176A_ASM',#4406);
#4409=PROPERTY_DEFINITION('geometric validation property',
'centroid of LEAD-QFP',#4407);
#4410=REPRESENTATION('centroid',(#4408),#3275);
#4411=PROPERTY_DEFINITION_REPRESENTATION(#4409,#4410);
#4419=NEXT_ASSEMBLY_USAGE_OCCURRENCE('85','Next assembly relationship',
'LEAD-QFP',#5631,#3284,$);
#4420=PRODUCT_DEFINITION_SHAPE('Placement #85',
'Placement of LEAD-QFP with respect to PGF0176A_ASM',#4419);
#4422=PROPERTY_DEFINITION('geometric validation property',
'centroid of LEAD-QFP',#4420);
#4423=REPRESENTATION('centroid',(#4421),#3275);
#4424=PROPERTY_DEFINITION_REPRESENTATION(#4422,#4423);
#4432=NEXT_ASSEMBLY_USAGE_OCCURRENCE('86','Next assembly relationship',
'LEAD-QFP',#5631,#3284,$);
#4433=PRODUCT_DEFINITION_SHAPE('Placement #86',
'Placement of LEAD-QFP with respect to PGF0176A_ASM',#4432);
#4435=PROPERTY_DEFINITION('geometric validation property',
'centroid of LEAD-QFP',#4433);
#4436=REPRESENTATION('centroid',(#4434),#3275);
#4437=PROPERTY_DEFINITION_REPRESENTATION(#4435,#4436);
#4445=NEXT_ASSEMBLY_USAGE_OCCURRENCE('87','Next assembly relationship',
'LEAD-QFP',#5631,#3284,$);
#4446=PRODUCT_DEFINITION_SHAPE('Placement #87',
'Placement of LEAD-QFP with respect to PGF0176A_ASM',#4445);
#4448=PROPERTY_DEFINITION('geometric validation property',
'centroid of LEAD-QFP',#4446);
#4449=REPRESENTATION('centroid',(#4447),#3275);
#4450=PROPERTY_DEFINITION_REPRESENTATION(#4448,#4449);
#4458=NEXT_ASSEMBLY_USAGE_OCCURRENCE('88','Next assembly relationship',
'LEAD-QFP',#5631,#3284,$);
#4459=PRODUCT_DEFINITION_SHAPE('Placement #88',
'Placement of LEAD-QFP with respect to PGF0176A_ASM',#4458);
#4461=PROPERTY_DEFINITION('geometric validation property',
'centroid of LEAD-QFP',#4459);
#4462=REPRESENTATION('centroid',(#4460),#3275);
#4463=PROPERTY_DEFINITION_REPRESENTATION(#4461,#4462);
#4471=NEXT_ASSEMBLY_USAGE_OCCURRENCE('89','Next assembly relationship',
'LEAD-QFP',#5631,#3284,$);
#4472=PRODUCT_DEFINITION_SHAPE('Placement #89',
'Placement of LEAD-QFP with respect to PGF0176A_ASM',#4471);
#4474=PROPERTY_DEFINITION('geometric validation property',
'centroid of LEAD-QFP',#4472);
#4475=REPRESENTATION('centroid',(#4473),#3275);
#4476=PROPERTY_DEFINITION_REPRESENTATION(#4474,#4475);
#4484=NEXT_ASSEMBLY_USAGE_OCCURRENCE('90','Next assembly relationship',
'LEAD-QFP',#5631,#3284,$);
#4485=PRODUCT_DEFINITION_SHAPE('Placement #90',
'Placement of LEAD-QFP with respect to PGF0176A_ASM',#4484);
#4487=PROPERTY_DEFINITION('geometric validation property',
'centroid of LEAD-QFP',#4485);
#4488=REPRESENTATION('centroid',(#4486),#3275);
#4489=PROPERTY_DEFINITION_REPRESENTATION(#4487,#4488);
#4497=NEXT_ASSEMBLY_USAGE_OCCURRENCE('91','Next assembly relationship',
'LEAD-QFP',#5631,#3284,$);
#4498=PRODUCT_DEFINITION_SHAPE('Placement #91',
'Placement of LEAD-QFP with respect to PGF0176A_ASM',#4497);
#4500=PROPERTY_DEFINITION('geometric validation property',
'centroid of LEAD-QFP',#4498);
#4501=REPRESENTATION('centroid',(#4499),#3275);
#4502=PROPERTY_DEFINITION_REPRESENTATION(#4500,#4501);
#4510=NEXT_ASSEMBLY_USAGE_OCCURRENCE('92','Next assembly relationship',
'LEAD-QFP',#5631,#3284,$);
#4511=PRODUCT_DEFINITION_SHAPE('Placement #92',
'Placement of LEAD-QFP with respect to PGF0176A_ASM',#4510);
#4513=PROPERTY_DEFINITION('geometric validation property',
'centroid of LEAD-QFP',#4511);
#4514=REPRESENTATION('centroid',(#4512),#3275);
#4515=PROPERTY_DEFINITION_REPRESENTATION(#4513,#4514);
#4523=NEXT_ASSEMBLY_USAGE_OCCURRENCE('93','Next assembly relationship',
'LEAD-QFP',#5631,#3284,$);
#4524=PRODUCT_DEFINITION_SHAPE('Placement #93',
'Placement of LEAD-QFP with respect to PGF0176A_ASM',#4523);
#4526=PROPERTY_DEFINITION('geometric validation property',
'centroid of LEAD-QFP',#4524);
#4527=REPRESENTATION('centroid',(#4525),#3275);
#4528=PROPERTY_DEFINITION_REPRESENTATION(#4526,#4527);
#4536=NEXT_ASSEMBLY_USAGE_OCCURRENCE('94','Next assembly relationship',
'LEAD-QFP',#5631,#3284,$);
#4537=PRODUCT_DEFINITION_SHAPE('Placement #94',
'Placement of LEAD-QFP with respect to PGF0176A_ASM',#4536);
#4539=PROPERTY_DEFINITION('geometric validation property',
'centroid of LEAD-QFP',#4537);
#4540=REPRESENTATION('centroid',(#4538),#3275);
#4541=PROPERTY_DEFINITION_REPRESENTATION(#4539,#4540);
#4549=NEXT_ASSEMBLY_USAGE_OCCURRENCE('95','Next assembly relationship',
'LEAD-QFP',#5631,#3284,$);
#4550=PRODUCT_DEFINITION_SHAPE('Placement #95',
'Placement of LEAD-QFP with respect to PGF0176A_ASM',#4549);
#4552=PROPERTY_DEFINITION('geometric validation property',
'centroid of LEAD-QFP',#4550);
#4553=REPRESENTATION('centroid',(#4551),#3275);
#4554=PROPERTY_DEFINITION_REPRESENTATION(#4552,#4553);
#4562=NEXT_ASSEMBLY_USAGE_OCCURRENCE('96','Next assembly relationship',
'LEAD-QFP',#5631,#3284,$);
#4563=PRODUCT_DEFINITION_SHAPE('Placement #96',
'Placement of LEAD-QFP with respect to PGF0176A_ASM',#4562);
#4565=PROPERTY_DEFINITION('geometric validation property',
'centroid of LEAD-QFP',#4563);
#4566=REPRESENTATION('centroid',(#4564),#3275);
#4567=PROPERTY_DEFINITION_REPRESENTATION(#4565,#4566);
#4575=NEXT_ASSEMBLY_USAGE_OCCURRENCE('97','Next assembly relationship',
'LEAD-QFP',#5631,#3284,$);
#4576=PRODUCT_DEFINITION_SHAPE('Placement #97',
'Placement of LEAD-QFP with respect to PGF0176A_ASM',#4575);
#4578=PROPERTY_DEFINITION('geometric validation property',
'centroid of LEAD-QFP',#4576);
#4579=REPRESENTATION('centroid',(#4577),#3275);
#4580=PROPERTY_DEFINITION_REPRESENTATION(#4578,#4579);
#4588=NEXT_ASSEMBLY_USAGE_OCCURRENCE('98','Next assembly relationship',
'LEAD-QFP',#5631,#3284,$);
#4589=PRODUCT_DEFINITION_SHAPE('Placement #98',
'Placement of LEAD-QFP with respect to PGF0176A_ASM',#4588);
#4591=PROPERTY_DEFINITION('geometric validation property',
'centroid of LEAD-QFP',#4589);
#4592=REPRESENTATION('centroid',(#4590),#3275);
#4593=PROPERTY_DEFINITION_REPRESENTATION(#4591,#4592);
#4601=NEXT_ASSEMBLY_USAGE_OCCURRENCE('99','Next assembly relationship',
'LEAD-QFP',#5631,#3284,$);
#4602=PRODUCT_DEFINITION_SHAPE('Placement #99',
'Placement of LEAD-QFP with respect to PGF0176A_ASM',#4601);
#4604=PROPERTY_DEFINITION('geometric validation property',
'centroid of LEAD-QFP',#4602);
#4605=REPRESENTATION('centroid',(#4603),#3275);
#4606=PROPERTY_DEFINITION_REPRESENTATION(#4604,#4605);
#4614=NEXT_ASSEMBLY_USAGE_OCCURRENCE('100','Next assembly relationship',
'LEAD-QFP',#5631,#3284,$);
#4615=PRODUCT_DEFINITION_SHAPE('Placement #100',
'Placement of LEAD-QFP with respect to PGF0176A_ASM',#4614);
#4617=PROPERTY_DEFINITION('geometric validation property',
'centroid of LEAD-QFP',#4615);
#4618=REPRESENTATION('centroid',(#4616),#3275);
#4619=PROPERTY_DEFINITION_REPRESENTATION(#4617,#4618);
#4627=NEXT_ASSEMBLY_USAGE_OCCURRENCE('101','Next assembly relationship',
'LEAD-QFP',#5631,#3284,$);
#4628=PRODUCT_DEFINITION_SHAPE('Placement #101',
'Placement of LEAD-QFP with respect to PGF0176A_ASM',#4627);
#4630=PROPERTY_DEFINITION('geometric validation property',
'centroid of LEAD-QFP',#4628);
#4631=REPRESENTATION('centroid',(#4629),#3275);
#4632=PROPERTY_DEFINITION_REPRESENTATION(#4630,#4631);
#4640=NEXT_ASSEMBLY_USAGE_OCCURRENCE('102','Next assembly relationship',
'LEAD-QFP',#5631,#3284,$);
#4641=PRODUCT_DEFINITION_SHAPE('Placement #102',
'Placement of LEAD-QFP with respect to PGF0176A_ASM',#4640);
#4643=PROPERTY_DEFINITION('geometric validation property',
'centroid of LEAD-QFP',#4641);
#4644=REPRESENTATION('centroid',(#4642),#3275);
#4645=PROPERTY_DEFINITION_REPRESENTATION(#4643,#4644);
#4653=NEXT_ASSEMBLY_USAGE_OCCURRENCE('103','Next assembly relationship',
'LEAD-QFP',#5631,#3284,$);
#4654=PRODUCT_DEFINITION_SHAPE('Placement #103',
'Placement of LEAD-QFP with respect to PGF0176A_ASM',#4653);
#4656=PROPERTY_DEFINITION('geometric validation property',
'centroid of LEAD-QFP',#4654);
#4657=REPRESENTATION('centroid',(#4655),#3275);
#4658=PROPERTY_DEFINITION_REPRESENTATION(#4656,#4657);
#4666=NEXT_ASSEMBLY_USAGE_OCCURRENCE('104','Next assembly relationship',
'LEAD-QFP',#5631,#3284,$);
#4667=PRODUCT_DEFINITION_SHAPE('Placement #104',
'Placement of LEAD-QFP with respect to PGF0176A_ASM',#4666);
#4669=PROPERTY_DEFINITION('geometric validation property',
'centroid of LEAD-QFP',#4667);
#4670=REPRESENTATION('centroid',(#4668),#3275);
#4671=PROPERTY_DEFINITION_REPRESENTATION(#4669,#4670);
#4679=NEXT_ASSEMBLY_USAGE_OCCURRENCE('105','Next assembly relationship',
'LEAD-QFP',#5631,#3284,$);
#4680=PRODUCT_DEFINITION_SHAPE('Placement #105',
'Placement of LEAD-QFP with respect to PGF0176A_ASM',#4679);
#4682=PROPERTY_DEFINITION('geometric validation property',
'centroid of LEAD-QFP',#4680);
#4683=REPRESENTATION('centroid',(#4681),#3275);
#4684=PROPERTY_DEFINITION_REPRESENTATION(#4682,#4683);
#4692=NEXT_ASSEMBLY_USAGE_OCCURRENCE('106','Next assembly relationship',
'LEAD-QFP',#5631,#3284,$);
#4693=PRODUCT_DEFINITION_SHAPE('Placement #106',
'Placement of LEAD-QFP with respect to PGF0176A_ASM',#4692);
#4695=PROPERTY_DEFINITION('geometric validation property',
'centroid of LEAD-QFP',#4693);
#4696=REPRESENTATION('centroid',(#4694),#3275);
#4697=PROPERTY_DEFINITION_REPRESENTATION(#4695,#4696);
#4705=NEXT_ASSEMBLY_USAGE_OCCURRENCE('107','Next assembly relationship',
'LEAD-QFP',#5631,#3284,$);
#4706=PRODUCT_DEFINITION_SHAPE('Placement #107',
'Placement of LEAD-QFP with respect to PGF0176A_ASM',#4705);
#4708=PROPERTY_DEFINITION('geometric validation property',
'centroid of LEAD-QFP',#4706);
#4709=REPRESENTATION('centroid',(#4707),#3275);
#4710=PROPERTY_DEFINITION_REPRESENTATION(#4708,#4709);
#4718=NEXT_ASSEMBLY_USAGE_OCCURRENCE('108','Next assembly relationship',
'LEAD-QFP',#5631,#3284,$);
#4719=PRODUCT_DEFINITION_SHAPE('Placement #108',
'Placement of LEAD-QFP with respect to PGF0176A_ASM',#4718);
#4721=PROPERTY_DEFINITION('geometric validation property',
'centroid of LEAD-QFP',#4719);
#4722=REPRESENTATION('centroid',(#4720),#3275);
#4723=PROPERTY_DEFINITION_REPRESENTATION(#4721,#4722);
#4731=NEXT_ASSEMBLY_USAGE_OCCURRENCE('109','Next assembly relationship',
'LEAD-QFP',#5631,#3284,$);
#4732=PRODUCT_DEFINITION_SHAPE('Placement #109',
'Placement of LEAD-QFP with respect to PGF0176A_ASM',#4731);
#4734=PROPERTY_DEFINITION('geometric validation property',
'centroid of LEAD-QFP',#4732);
#4735=REPRESENTATION('centroid',(#4733),#3275);
#4736=PROPERTY_DEFINITION_REPRESENTATION(#4734,#4735);
#4744=NEXT_ASSEMBLY_USAGE_OCCURRENCE('110','Next assembly relationship',
'LEAD-QFP',#5631,#3284,$);
#4745=PRODUCT_DEFINITION_SHAPE('Placement #110',
'Placement of LEAD-QFP with respect to PGF0176A_ASM',#4744);
#4747=PROPERTY_DEFINITION('geometric validation property',
'centroid of LEAD-QFP',#4745);
#4748=REPRESENTATION('centroid',(#4746),#3275);
#4749=PROPERTY_DEFINITION_REPRESENTATION(#4747,#4748);
#4757=NEXT_ASSEMBLY_USAGE_OCCURRENCE('111','Next assembly relationship',
'LEAD-QFP',#5631,#3284,$);
#4758=PRODUCT_DEFINITION_SHAPE('Placement #111',
'Placement of LEAD-QFP with respect to PGF0176A_ASM',#4757);
#4760=PROPERTY_DEFINITION('geometric validation property',
'centroid of LEAD-QFP',#4758);
#4761=REPRESENTATION('centroid',(#4759),#3275);
#4762=PROPERTY_DEFINITION_REPRESENTATION(#4760,#4761);
#4770=NEXT_ASSEMBLY_USAGE_OCCURRENCE('112','Next assembly relationship',
'LEAD-QFP',#5631,#3284,$);
#4771=PRODUCT_DEFINITION_SHAPE('Placement #112',
'Placement of LEAD-QFP with respect to PGF0176A_ASM',#4770);
#4773=PROPERTY_DEFINITION('geometric validation property',
'centroid of LEAD-QFP',#4771);
#4774=REPRESENTATION('centroid',(#4772),#3275);
#4775=PROPERTY_DEFINITION_REPRESENTATION(#4773,#4774);
#4783=NEXT_ASSEMBLY_USAGE_OCCURRENCE('113','Next assembly relationship',
'LEAD-QFP',#5631,#3284,$);
#4784=PRODUCT_DEFINITION_SHAPE('Placement #113',
'Placement of LEAD-QFP with respect to PGF0176A_ASM',#4783);
#4786=PROPERTY_DEFINITION('geometric validation property',
'centroid of LEAD-QFP',#4784);
#4787=REPRESENTATION('centroid',(#4785),#3275);
#4788=PROPERTY_DEFINITION_REPRESENTATION(#4786,#4787);
#4796=NEXT_ASSEMBLY_USAGE_OCCURRENCE('114','Next assembly relationship',
'LEAD-QFP',#5631,#3284,$);
#4797=PRODUCT_DEFINITION_SHAPE('Placement #114',
'Placement of LEAD-QFP with respect to PGF0176A_ASM',#4796);
#4799=PROPERTY_DEFINITION('geometric validation property',
'centroid of LEAD-QFP',#4797);
#4800=REPRESENTATION('centroid',(#4798),#3275);
#4801=PROPERTY_DEFINITION_REPRESENTATION(#4799,#4800);
#4809=NEXT_ASSEMBLY_USAGE_OCCURRENCE('115','Next assembly relationship',
'LEAD-QFP',#5631,#3284,$);
#4810=PRODUCT_DEFINITION_SHAPE('Placement #115',
'Placement of LEAD-QFP with respect to PGF0176A_ASM',#4809);
#4812=PROPERTY_DEFINITION('geometric validation property',
'centroid of LEAD-QFP',#4810);
#4813=REPRESENTATION('centroid',(#4811),#3275);
#4814=PROPERTY_DEFINITION_REPRESENTATION(#4812,#4813);
#4822=NEXT_ASSEMBLY_USAGE_OCCURRENCE('116','Next assembly relationship',
'LEAD-QFP',#5631,#3284,$);
#4823=PRODUCT_DEFINITION_SHAPE('Placement #116',
'Placement of LEAD-QFP with respect to PGF0176A_ASM',#4822);
#4825=PROPERTY_DEFINITION('geometric validation property',
'centroid of LEAD-QFP',#4823);
#4826=REPRESENTATION('centroid',(#4824),#3275);
#4827=PROPERTY_DEFINITION_REPRESENTATION(#4825,#4826);
#4835=NEXT_ASSEMBLY_USAGE_OCCURRENCE('117','Next assembly relationship',
'LEAD-QFP',#5631,#3284,$);
#4836=PRODUCT_DEFINITION_SHAPE('Placement #117',
'Placement of LEAD-QFP with respect to PGF0176A_ASM',#4835);
#4838=PROPERTY_DEFINITION('geometric validation property',
'centroid of LEAD-QFP',#4836);
#4839=REPRESENTATION('centroid',(#4837),#3275);
#4840=PROPERTY_DEFINITION_REPRESENTATION(#4838,#4839);
#4848=NEXT_ASSEMBLY_USAGE_OCCURRENCE('118','Next assembly relationship',
'LEAD-QFP',#5631,#3284,$);
#4849=PRODUCT_DEFINITION_SHAPE('Placement #118',
'Placement of LEAD-QFP with respect to PGF0176A_ASM',#4848);
#4851=PROPERTY_DEFINITION('geometric validation property',
'centroid of LEAD-QFP',#4849);
#4852=REPRESENTATION('centroid',(#4850),#3275);
#4853=PROPERTY_DEFINITION_REPRESENTATION(#4851,#4852);
#4861=NEXT_ASSEMBLY_USAGE_OCCURRENCE('119','Next assembly relationship',
'LEAD-QFP',#5631,#3284,$);
#4862=PRODUCT_DEFINITION_SHAPE('Placement #119',
'Placement of LEAD-QFP with respect to PGF0176A_ASM',#4861);
#4864=PROPERTY_DEFINITION('geometric validation property',
'centroid of LEAD-QFP',#4862);
#4865=REPRESENTATION('centroid',(#4863),#3275);
#4866=PROPERTY_DEFINITION_REPRESENTATION(#4864,#4865);
#4874=NEXT_ASSEMBLY_USAGE_OCCURRENCE('120','Next assembly relationship',
'LEAD-QFP',#5631,#3284,$);
#4875=PRODUCT_DEFINITION_SHAPE('Placement #120',
'Placement of LEAD-QFP with respect to PGF0176A_ASM',#4874);
#4877=PROPERTY_DEFINITION('geometric validation property',
'centroid of LEAD-QFP',#4875);
#4878=REPRESENTATION('centroid',(#4876),#3275);
#4879=PROPERTY_DEFINITION_REPRESENTATION(#4877,#4878);
#4887=NEXT_ASSEMBLY_USAGE_OCCURRENCE('121','Next assembly relationship',
'LEAD-QFP',#5631,#3284,$);
#4888=PRODUCT_DEFINITION_SHAPE('Placement #121',
'Placement of LEAD-QFP with respect to PGF0176A_ASM',#4887);
#4890=PROPERTY_DEFINITION('geometric validation property',
'centroid of LEAD-QFP',#4888);
#4891=REPRESENTATION('centroid',(#4889),#3275);
#4892=PROPERTY_DEFINITION_REPRESENTATION(#4890,#4891);
#4900=NEXT_ASSEMBLY_USAGE_OCCURRENCE('122','Next assembly relationship',
'LEAD-QFP',#5631,#3284,$);
#4901=PRODUCT_DEFINITION_SHAPE('Placement #122',
'Placement of LEAD-QFP with respect to PGF0176A_ASM',#4900);
#4903=PROPERTY_DEFINITION('geometric validation property',
'centroid of LEAD-QFP',#4901);
#4904=REPRESENTATION('centroid',(#4902),#3275);
#4905=PROPERTY_DEFINITION_REPRESENTATION(#4903,#4904);
#4913=NEXT_ASSEMBLY_USAGE_OCCURRENCE('123','Next assembly relationship',
'LEAD-QFP',#5631,#3284,$);
#4914=PRODUCT_DEFINITION_SHAPE('Placement #123',
'Placement of LEAD-QFP with respect to PGF0176A_ASM',#4913);
#4916=PROPERTY_DEFINITION('geometric validation property',
'centroid of LEAD-QFP',#4914);
#4917=REPRESENTATION('centroid',(#4915),#3275);
#4918=PROPERTY_DEFINITION_REPRESENTATION(#4916,#4917);
#4926=NEXT_ASSEMBLY_USAGE_OCCURRENCE('124','Next assembly relationship',
'LEAD-QFP',#5631,#3284,$);
#4927=PRODUCT_DEFINITION_SHAPE('Placement #124',
'Placement of LEAD-QFP with respect to PGF0176A_ASM',#4926);
#4929=PROPERTY_DEFINITION('geometric validation property',
'centroid of LEAD-QFP',#4927);
#4930=REPRESENTATION('centroid',(#4928),#3275);
#4931=PROPERTY_DEFINITION_REPRESENTATION(#4929,#4930);
#4939=NEXT_ASSEMBLY_USAGE_OCCURRENCE('125','Next assembly relationship',
'LEAD-QFP',#5631,#3284,$);
#4940=PRODUCT_DEFINITION_SHAPE('Placement #125',
'Placement of LEAD-QFP with respect to PGF0176A_ASM',#4939);
#4942=PROPERTY_DEFINITION('geometric validation property',
'centroid of LEAD-QFP',#4940);
#4943=REPRESENTATION('centroid',(#4941),#3275);
#4944=PROPERTY_DEFINITION_REPRESENTATION(#4942,#4943);
#4952=NEXT_ASSEMBLY_USAGE_OCCURRENCE('126','Next assembly relationship',
'LEAD-QFP',#5631,#3284,$);
#4953=PRODUCT_DEFINITION_SHAPE('Placement #126',
'Placement of LEAD-QFP with respect to PGF0176A_ASM',#4952);
#4955=PROPERTY_DEFINITION('geometric validation property',
'centroid of LEAD-QFP',#4953);
#4956=REPRESENTATION('centroid',(#4954),#3275);
#4957=PROPERTY_DEFINITION_REPRESENTATION(#4955,#4956);
#4965=NEXT_ASSEMBLY_USAGE_OCCURRENCE('127','Next assembly relationship',
'LEAD-QFP',#5631,#3284,$);
#4966=PRODUCT_DEFINITION_SHAPE('Placement #127',
'Placement of LEAD-QFP with respect to PGF0176A_ASM',#4965);
#4968=PROPERTY_DEFINITION('geometric validation property',
'centroid of LEAD-QFP',#4966);
#4969=REPRESENTATION('centroid',(#4967),#3275);
#4970=PROPERTY_DEFINITION_REPRESENTATION(#4968,#4969);
#4978=NEXT_ASSEMBLY_USAGE_OCCURRENCE('128','Next assembly relationship',
'LEAD-QFP',#5631,#3284,$);
#4979=PRODUCT_DEFINITION_SHAPE('Placement #128',
'Placement of LEAD-QFP with respect to PGF0176A_ASM',#4978);
#4981=PROPERTY_DEFINITION('geometric validation property',
'centroid of LEAD-QFP',#4979);
#4982=REPRESENTATION('centroid',(#4980),#3275);
#4983=PROPERTY_DEFINITION_REPRESENTATION(#4981,#4982);
#4991=NEXT_ASSEMBLY_USAGE_OCCURRENCE('129','Next assembly relationship',
'LEAD-QFP',#5631,#3284,$);
#4992=PRODUCT_DEFINITION_SHAPE('Placement #129',
'Placement of LEAD-QFP with respect to PGF0176A_ASM',#4991);
#4994=PROPERTY_DEFINITION('geometric validation property',
'centroid of LEAD-QFP',#4992);
#4995=REPRESENTATION('centroid',(#4993),#3275);
#4996=PROPERTY_DEFINITION_REPRESENTATION(#4994,#4995);
#5004=NEXT_ASSEMBLY_USAGE_OCCURRENCE('130','Next assembly relationship',
'LEAD-QFP',#5631,#3284,$);
#5005=PRODUCT_DEFINITION_SHAPE('Placement #130',
'Placement of LEAD-QFP with respect to PGF0176A_ASM',#5004);
#5007=PROPERTY_DEFINITION('geometric validation property',
'centroid of LEAD-QFP',#5005);
#5008=REPRESENTATION('centroid',(#5006),#3275);
#5009=PROPERTY_DEFINITION_REPRESENTATION(#5007,#5008);
#5017=NEXT_ASSEMBLY_USAGE_OCCURRENCE('131','Next assembly relationship',
'LEAD-QFP',#5631,#3284,$);
#5018=PRODUCT_DEFINITION_SHAPE('Placement #131',
'Placement of LEAD-QFP with respect to PGF0176A_ASM',#5017);
#5020=PROPERTY_DEFINITION('geometric validation property',
'centroid of LEAD-QFP',#5018);
#5021=REPRESENTATION('centroid',(#5019),#3275);
#5022=PROPERTY_DEFINITION_REPRESENTATION(#5020,#5021);
#5030=NEXT_ASSEMBLY_USAGE_OCCURRENCE('132','Next assembly relationship',
'LEAD-QFP',#5631,#3284,$);
#5031=PRODUCT_DEFINITION_SHAPE('Placement #132',
'Placement of LEAD-QFP with respect to PGF0176A_ASM',#5030);
#5033=PROPERTY_DEFINITION('geometric validation property',
'centroid of LEAD-QFP',#5031);
#5034=REPRESENTATION('centroid',(#5032),#3275);
#5035=PROPERTY_DEFINITION_REPRESENTATION(#5033,#5034);
#5043=NEXT_ASSEMBLY_USAGE_OCCURRENCE('133','Next assembly relationship',
'LEAD-QFP',#5631,#3284,$);
#5044=PRODUCT_DEFINITION_SHAPE('Placement #133',
'Placement of LEAD-QFP with respect to PGF0176A_ASM',#5043);
#5046=PROPERTY_DEFINITION('geometric validation property',
'centroid of LEAD-QFP',#5044);
#5047=REPRESENTATION('centroid',(#5045),#3275);
#5048=PROPERTY_DEFINITION_REPRESENTATION(#5046,#5047);
#5056=NEXT_ASSEMBLY_USAGE_OCCURRENCE('134','Next assembly relationship',
'LEAD-QFP',#5631,#3284,$);
#5057=PRODUCT_DEFINITION_SHAPE('Placement #134',
'Placement of LEAD-QFP with respect to PGF0176A_ASM',#5056);
#5059=PROPERTY_DEFINITION('geometric validation property',
'centroid of LEAD-QFP',#5057);
#5060=REPRESENTATION('centroid',(#5058),#3275);
#5061=PROPERTY_DEFINITION_REPRESENTATION(#5059,#5060);
#5069=NEXT_ASSEMBLY_USAGE_OCCURRENCE('135','Next assembly relationship',
'LEAD-QFP',#5631,#3284,$);
#5070=PRODUCT_DEFINITION_SHAPE('Placement #135',
'Placement of LEAD-QFP with respect to PGF0176A_ASM',#5069);
#5072=PROPERTY_DEFINITION('geometric validation property',
'centroid of LEAD-QFP',#5070);
#5073=REPRESENTATION('centroid',(#5071),#3275);
#5074=PROPERTY_DEFINITION_REPRESENTATION(#5072,#5073);
#5082=NEXT_ASSEMBLY_USAGE_OCCURRENCE('136','Next assembly relationship',
'LEAD-QFP',#5631,#3284,$);
#5083=PRODUCT_DEFINITION_SHAPE('Placement #136',
'Placement of LEAD-QFP with respect to PGF0176A_ASM',#5082);
#5085=PROPERTY_DEFINITION('geometric validation property',
'centroid of LEAD-QFP',#5083);
#5086=REPRESENTATION('centroid',(#5084),#3275);
#5087=PROPERTY_DEFINITION_REPRESENTATION(#5085,#5086);
#5095=NEXT_ASSEMBLY_USAGE_OCCURRENCE('137','Next assembly relationship',
'LEAD-QFP',#5631,#3284,$);
#5096=PRODUCT_DEFINITION_SHAPE('Placement #137',
'Placement of LEAD-QFP with respect to PGF0176A_ASM',#5095);
#5098=PROPERTY_DEFINITION('geometric validation property',
'centroid of LEAD-QFP',#5096);
#5099=REPRESENTATION('centroid',(#5097),#3275);
#5100=PROPERTY_DEFINITION_REPRESENTATION(#5098,#5099);
#5108=NEXT_ASSEMBLY_USAGE_OCCURRENCE('138','Next assembly relationship',
'LEAD-QFP',#5631,#3284,$);
#5109=PRODUCT_DEFINITION_SHAPE('Placement #138',
'Placement of LEAD-QFP with respect to PGF0176A_ASM',#5108);
#5111=PROPERTY_DEFINITION('geometric validation property',
'centroid of LEAD-QFP',#5109);
#5112=REPRESENTATION('centroid',(#5110),#3275);
#5113=PROPERTY_DEFINITION_REPRESENTATION(#5111,#5112);
#5121=NEXT_ASSEMBLY_USAGE_OCCURRENCE('139','Next assembly relationship',
'LEAD-QFP',#5631,#3284,$);
#5122=PRODUCT_DEFINITION_SHAPE('Placement #139',
'Placement of LEAD-QFP with respect to PGF0176A_ASM',#5121);
#5124=PROPERTY_DEFINITION('geometric validation property',
'centroid of LEAD-QFP',#5122);
#5125=REPRESENTATION('centroid',(#5123),#3275);
#5126=PROPERTY_DEFINITION_REPRESENTATION(#5124,#5125);
#5134=NEXT_ASSEMBLY_USAGE_OCCURRENCE('140','Next assembly relationship',
'LEAD-QFP',#5631,#3284,$);
#5135=PRODUCT_DEFINITION_SHAPE('Placement #140',
'Placement of LEAD-QFP with respect to PGF0176A_ASM',#5134);
#5137=PROPERTY_DEFINITION('geometric validation property',
'centroid of LEAD-QFP',#5135);
#5138=REPRESENTATION('centroid',(#5136),#3275);
#5139=PROPERTY_DEFINITION_REPRESENTATION(#5137,#5138);
#5147=NEXT_ASSEMBLY_USAGE_OCCURRENCE('141','Next assembly relationship',
'LEAD-QFP',#5631,#3284,$);
#5148=PRODUCT_DEFINITION_SHAPE('Placement #141',
'Placement of LEAD-QFP with respect to PGF0176A_ASM',#5147);
#5150=PROPERTY_DEFINITION('geometric validation property',
'centroid of LEAD-QFP',#5148);
#5151=REPRESENTATION('centroid',(#5149),#3275);
#5152=PROPERTY_DEFINITION_REPRESENTATION(#5150,#5151);
#5160=NEXT_ASSEMBLY_USAGE_OCCURRENCE('142','Next assembly relationship',
'LEAD-QFP',#5631,#3284,$);
#5161=PRODUCT_DEFINITION_SHAPE('Placement #142',
'Placement of LEAD-QFP with respect to PGF0176A_ASM',#5160);
#5163=PROPERTY_DEFINITION('geometric validation property',
'centroid of LEAD-QFP',#5161);
#5164=REPRESENTATION('centroid',(#5162),#3275);
#5165=PROPERTY_DEFINITION_REPRESENTATION(#5163,#5164);
#5173=NEXT_ASSEMBLY_USAGE_OCCURRENCE('143','Next assembly relationship',
'LEAD-QFP',#5631,#3284,$);
#5174=PRODUCT_DEFINITION_SHAPE('Placement #143',
'Placement of LEAD-QFP with respect to PGF0176A_ASM',#5173);
#5176=PROPERTY_DEFINITION('geometric validation property',
'centroid of LEAD-QFP',#5174);
#5177=REPRESENTATION('centroid',(#5175),#3275);
#5178=PROPERTY_DEFINITION_REPRESENTATION(#5176,#5177);
#5186=NEXT_ASSEMBLY_USAGE_OCCURRENCE('144','Next assembly relationship',
'LEAD-QFP',#5631,#3284,$);
#5187=PRODUCT_DEFINITION_SHAPE('Placement #144',
'Placement of LEAD-QFP with respect to PGF0176A_ASM',#5186);
#5189=PROPERTY_DEFINITION('geometric validation property',
'centroid of LEAD-QFP',#5187);
#5190=REPRESENTATION('centroid',(#5188),#3275);
#5191=PROPERTY_DEFINITION_REPRESENTATION(#5189,#5190);
#5199=NEXT_ASSEMBLY_USAGE_OCCURRENCE('145','Next assembly relationship',
'LEAD-QFP',#5631,#3284,$);
#5200=PRODUCT_DEFINITION_SHAPE('Placement #145',
'Placement of LEAD-QFP with respect to PGF0176A_ASM',#5199);
#5202=PROPERTY_DEFINITION('geometric validation property',
'centroid of LEAD-QFP',#5200);
#5203=REPRESENTATION('centroid',(#5201),#3275);
#5204=PROPERTY_DEFINITION_REPRESENTATION(#5202,#5203);
#5212=NEXT_ASSEMBLY_USAGE_OCCURRENCE('146','Next assembly relationship',
'LEAD-QFP',#5631,#3284,$);
#5213=PRODUCT_DEFINITION_SHAPE('Placement #146',
'Placement of LEAD-QFP with respect to PGF0176A_ASM',#5212);
#5215=PROPERTY_DEFINITION('geometric validation property',
'centroid of LEAD-QFP',#5213);
#5216=REPRESENTATION('centroid',(#5214),#3275);
#5217=PROPERTY_DEFINITION_REPRESENTATION(#5215,#5216);
#5225=NEXT_ASSEMBLY_USAGE_OCCURRENCE('147','Next assembly relationship',
'LEAD-QFP',#5631,#3284,$);
#5226=PRODUCT_DEFINITION_SHAPE('Placement #147',
'Placement of LEAD-QFP with respect to PGF0176A_ASM',#5225);
#5228=PROPERTY_DEFINITION('geometric validation property',
'centroid of LEAD-QFP',#5226);
#5229=REPRESENTATION('centroid',(#5227),#3275);
#5230=PROPERTY_DEFINITION_REPRESENTATION(#5228,#5229);
#5238=NEXT_ASSEMBLY_USAGE_OCCURRENCE('148','Next assembly relationship',
'LEAD-QFP',#5631,#3284,$);
#5239=PRODUCT_DEFINITION_SHAPE('Placement #148',
'Placement of LEAD-QFP with respect to PGF0176A_ASM',#5238);
#5241=PROPERTY_DEFINITION('geometric validation property',
'centroid of LEAD-QFP',#5239);
#5242=REPRESENTATION('centroid',(#5240),#3275);
#5243=PROPERTY_DEFINITION_REPRESENTATION(#5241,#5242);
#5251=NEXT_ASSEMBLY_USAGE_OCCURRENCE('149','Next assembly relationship',
'LEAD-QFP',#5631,#3284,$);
#5252=PRODUCT_DEFINITION_SHAPE('Placement #149',
'Placement of LEAD-QFP with respect to PGF0176A_ASM',#5251);
#5254=PROPERTY_DEFINITION('geometric validation property',
'centroid of LEAD-QFP',#5252);
#5255=REPRESENTATION('centroid',(#5253),#3275);
#5256=PROPERTY_DEFINITION_REPRESENTATION(#5254,#5255);
#5264=NEXT_ASSEMBLY_USAGE_OCCURRENCE('150','Next assembly relationship',
'LEAD-QFP',#5631,#3284,$);
#5265=PRODUCT_DEFINITION_SHAPE('Placement #150',
'Placement of LEAD-QFP with respect to PGF0176A_ASM',#5264);
#5267=PROPERTY_DEFINITION('geometric validation property',
'centroid of LEAD-QFP',#5265);
#5268=REPRESENTATION('centroid',(#5266),#3275);
#5269=PROPERTY_DEFINITION_REPRESENTATION(#5267,#5268);
#5277=NEXT_ASSEMBLY_USAGE_OCCURRENCE('151','Next assembly relationship',
'LEAD-QFP',#5631,#3284,$);
#5278=PRODUCT_DEFINITION_SHAPE('Placement #151',
'Placement of LEAD-QFP with respect to PGF0176A_ASM',#5277);
#5280=PROPERTY_DEFINITION('geometric validation property',
'centroid of LEAD-QFP',#5278);
#5281=REPRESENTATION('centroid',(#5279),#3275);
#5282=PROPERTY_DEFINITION_REPRESENTATION(#5280,#5281);
#5290=NEXT_ASSEMBLY_USAGE_OCCURRENCE('152','Next assembly relationship',
'LEAD-QFP',#5631,#3284,$);
#5291=PRODUCT_DEFINITION_SHAPE('Placement #152',
'Placement of LEAD-QFP with respect to PGF0176A_ASM',#5290);
#5293=PROPERTY_DEFINITION('geometric validation property',
'centroid of LEAD-QFP',#5291);
#5294=REPRESENTATION('centroid',(#5292),#3275);
#5295=PROPERTY_DEFINITION_REPRESENTATION(#5293,#5294);
#5303=NEXT_ASSEMBLY_USAGE_OCCURRENCE('153','Next assembly relationship',
'LEAD-QFP',#5631,#3284,$);
#5304=PRODUCT_DEFINITION_SHAPE('Placement #153',
'Placement of LEAD-QFP with respect to PGF0176A_ASM',#5303);
#5306=PROPERTY_DEFINITION('geometric validation property',
'centroid of LEAD-QFP',#5304);
#5307=REPRESENTATION('centroid',(#5305),#3275);
#5308=PROPERTY_DEFINITION_REPRESENTATION(#5306,#5307);
#5316=NEXT_ASSEMBLY_USAGE_OCCURRENCE('154','Next assembly relationship',
'LEAD-QFP',#5631,#3284,$);
#5317=PRODUCT_DEFINITION_SHAPE('Placement #154',
'Placement of LEAD-QFP with respect to PGF0176A_ASM',#5316);
#5319=PROPERTY_DEFINITION('geometric validation property',
'centroid of LEAD-QFP',#5317);
#5320=REPRESENTATION('centroid',(#5318),#3275);
#5321=PROPERTY_DEFINITION_REPRESENTATION(#5319,#5320);
#5329=NEXT_ASSEMBLY_USAGE_OCCURRENCE('155','Next assembly relationship',
'LEAD-QFP',#5631,#3284,$);
#5330=PRODUCT_DEFINITION_SHAPE('Placement #155',
'Placement of LEAD-QFP with respect to PGF0176A_ASM',#5329);
#5332=PROPERTY_DEFINITION('geometric validation property',
'centroid of LEAD-QFP',#5330);
#5333=REPRESENTATION('centroid',(#5331),#3275);
#5334=PROPERTY_DEFINITION_REPRESENTATION(#5332,#5333);
#5342=NEXT_ASSEMBLY_USAGE_OCCURRENCE('156','Next assembly relationship',
'LEAD-QFP',#5631,#3284,$);
#5343=PRODUCT_DEFINITION_SHAPE('Placement #156',
'Placement of LEAD-QFP with respect to PGF0176A_ASM',#5342);
#5345=PROPERTY_DEFINITION('geometric validation property',
'centroid of LEAD-QFP',#5343);
#5346=REPRESENTATION('centroid',(#5344),#3275);
#5347=PROPERTY_DEFINITION_REPRESENTATION(#5345,#5346);
#5355=NEXT_ASSEMBLY_USAGE_OCCURRENCE('157','Next assembly relationship',
'LEAD-QFP',#5631,#3284,$);
#5356=PRODUCT_DEFINITION_SHAPE('Placement #157',
'Placement of LEAD-QFP with respect to PGF0176A_ASM',#5355);
#5358=PROPERTY_DEFINITION('geometric validation property',
'centroid of LEAD-QFP',#5356);
#5359=REPRESENTATION('centroid',(#5357),#3275);
#5360=PROPERTY_DEFINITION_REPRESENTATION(#5358,#5359);
#5368=NEXT_ASSEMBLY_USAGE_OCCURRENCE('158','Next assembly relationship',
'LEAD-QFP',#5631,#3284,$);
#5369=PRODUCT_DEFINITION_SHAPE('Placement #158',
'Placement of LEAD-QFP with respect to PGF0176A_ASM',#5368);
#5371=PROPERTY_DEFINITION('geometric validation property',
'centroid of LEAD-QFP',#5369);
#5372=REPRESENTATION('centroid',(#5370),#3275);
#5373=PROPERTY_DEFINITION_REPRESENTATION(#5371,#5372);
#5381=NEXT_ASSEMBLY_USAGE_OCCURRENCE('159','Next assembly relationship',
'LEAD-QFP',#5631,#3284,$);
#5382=PRODUCT_DEFINITION_SHAPE('Placement #159',
'Placement of LEAD-QFP with respect to PGF0176A_ASM',#5381);
#5384=PROPERTY_DEFINITION('geometric validation property',
'centroid of LEAD-QFP',#5382);
#5385=REPRESENTATION('centroid',(#5383),#3275);
#5386=PROPERTY_DEFINITION_REPRESENTATION(#5384,#5385);
#5394=NEXT_ASSEMBLY_USAGE_OCCURRENCE('160','Next assembly relationship',
'LEAD-QFP',#5631,#3284,$);
#5395=PRODUCT_DEFINITION_SHAPE('Placement #160',
'Placement of LEAD-QFP with respect to PGF0176A_ASM',#5394);
#5397=PROPERTY_DEFINITION('geometric validation property',
'centroid of LEAD-QFP',#5395);
#5398=REPRESENTATION('centroid',(#5396),#3275);
#5399=PROPERTY_DEFINITION_REPRESENTATION(#5397,#5398);
#5407=NEXT_ASSEMBLY_USAGE_OCCURRENCE('161','Next assembly relationship',
'LEAD-QFP',#5631,#3284,$);
#5408=PRODUCT_DEFINITION_SHAPE('Placement #161',
'Placement of LEAD-QFP with respect to PGF0176A_ASM',#5407);
#5410=PROPERTY_DEFINITION('geometric validation property',
'centroid of LEAD-QFP',#5408);
#5411=REPRESENTATION('centroid',(#5409),#3275);
#5412=PROPERTY_DEFINITION_REPRESENTATION(#5410,#5411);
#5420=NEXT_ASSEMBLY_USAGE_OCCURRENCE('162','Next assembly relationship',
'LEAD-QFP',#5631,#3284,$);
#5421=PRODUCT_DEFINITION_SHAPE('Placement #162',
'Placement of LEAD-QFP with respect to PGF0176A_ASM',#5420);
#5423=PROPERTY_DEFINITION('geometric validation property',
'centroid of LEAD-QFP',#5421);
#5424=REPRESENTATION('centroid',(#5422),#3275);
#5425=PROPERTY_DEFINITION_REPRESENTATION(#5423,#5424);
#5433=NEXT_ASSEMBLY_USAGE_OCCURRENCE('163','Next assembly relationship',
'LEAD-QFP',#5631,#3284,$);
#5434=PRODUCT_DEFINITION_SHAPE('Placement #163',
'Placement of LEAD-QFP with respect to PGF0176A_ASM',#5433);
#5436=PROPERTY_DEFINITION('geometric validation property',
'centroid of LEAD-QFP',#5434);
#5437=REPRESENTATION('centroid',(#5435),#3275);
#5438=PROPERTY_DEFINITION_REPRESENTATION(#5436,#5437);
#5446=NEXT_ASSEMBLY_USAGE_OCCURRENCE('164','Next assembly relationship',
'LEAD-QFP',#5631,#3284,$);
#5447=PRODUCT_DEFINITION_SHAPE('Placement #164',
'Placement of LEAD-QFP with respect to PGF0176A_ASM',#5446);
#5449=PROPERTY_DEFINITION('geometric validation property',
'centroid of LEAD-QFP',#5447);
#5450=REPRESENTATION('centroid',(#5448),#3275);
#5451=PROPERTY_DEFINITION_REPRESENTATION(#5449,#5450);
#5459=NEXT_ASSEMBLY_USAGE_OCCURRENCE('165','Next assembly relationship',
'LEAD-QFP',#5631,#3284,$);
#5460=PRODUCT_DEFINITION_SHAPE('Placement #165',
'Placement of LEAD-QFP with respect to PGF0176A_ASM',#5459);
#5462=PROPERTY_DEFINITION('geometric validation property',
'centroid of LEAD-QFP',#5460);
#5463=REPRESENTATION('centroid',(#5461),#3275);
#5464=PROPERTY_DEFINITION_REPRESENTATION(#5462,#5463);
#5472=NEXT_ASSEMBLY_USAGE_OCCURRENCE('166','Next assembly relationship',
'LEAD-QFP',#5631,#3284,$);
#5473=PRODUCT_DEFINITION_SHAPE('Placement #166',
'Placement of LEAD-QFP with respect to PGF0176A_ASM',#5472);
#5475=PROPERTY_DEFINITION('geometric validation property',
'centroid of LEAD-QFP',#5473);
#5476=REPRESENTATION('centroid',(#5474),#3275);
#5477=PROPERTY_DEFINITION_REPRESENTATION(#5475,#5476);
#5485=NEXT_ASSEMBLY_USAGE_OCCURRENCE('167','Next assembly relationship',
'LEAD-QFP',#5631,#3284,$);
#5486=PRODUCT_DEFINITION_SHAPE('Placement #167',
'Placement of LEAD-QFP with respect to PGF0176A_ASM',#5485);
#5488=PROPERTY_DEFINITION('geometric validation property',
'centroid of LEAD-QFP',#5486);
#5489=REPRESENTATION('centroid',(#5487),#3275);
#5490=PROPERTY_DEFINITION_REPRESENTATION(#5488,#5489);
#5498=NEXT_ASSEMBLY_USAGE_OCCURRENCE('168','Next assembly relationship',
'LEAD-QFP',#5631,#3284,$);
#5499=PRODUCT_DEFINITION_SHAPE('Placement #168',
'Placement of LEAD-QFP with respect to PGF0176A_ASM',#5498);
#5501=PROPERTY_DEFINITION('geometric validation property',
'centroid of LEAD-QFP',#5499);
#5502=REPRESENTATION('centroid',(#5500),#3275);
#5503=PROPERTY_DEFINITION_REPRESENTATION(#5501,#5502);
#5511=NEXT_ASSEMBLY_USAGE_OCCURRENCE('169','Next assembly relationship',
'LEAD-QFP',#5631,#3284,$);
#5512=PRODUCT_DEFINITION_SHAPE('Placement #169',
'Placement of LEAD-QFP with respect to PGF0176A_ASM',#5511);
#5514=PROPERTY_DEFINITION('geometric validation property',
'centroid of LEAD-QFP',#5512);
#5515=REPRESENTATION('centroid',(#5513),#3275);
#5516=PROPERTY_DEFINITION_REPRESENTATION(#5514,#5515);
#5524=NEXT_ASSEMBLY_USAGE_OCCURRENCE('170','Next assembly relationship',
'LEAD-QFP',#5631,#3284,$);
#5525=PRODUCT_DEFINITION_SHAPE('Placement #170',
'Placement of LEAD-QFP with respect to PGF0176A_ASM',#5524);
#5527=PROPERTY_DEFINITION('geometric validation property',
'centroid of LEAD-QFP',#5525);
#5528=REPRESENTATION('centroid',(#5526),#3275);
#5529=PROPERTY_DEFINITION_REPRESENTATION(#5527,#5528);
#5537=NEXT_ASSEMBLY_USAGE_OCCURRENCE('171','Next assembly relationship',
'LEAD-QFP',#5631,#3284,$);
#5538=PRODUCT_DEFINITION_SHAPE('Placement #171',
'Placement of LEAD-QFP with respect to PGF0176A_ASM',#5537);
#5540=PROPERTY_DEFINITION('geometric validation property',
'centroid of LEAD-QFP',#5538);
#5541=REPRESENTATION('centroid',(#5539),#3275);
#5542=PROPERTY_DEFINITION_REPRESENTATION(#5540,#5541);
#5550=NEXT_ASSEMBLY_USAGE_OCCURRENCE('172','Next assembly relationship',
'LEAD-QFP',#5631,#3284,$);
#5551=PRODUCT_DEFINITION_SHAPE('Placement #172',
'Placement of LEAD-QFP with respect to PGF0176A_ASM',#5550);
#5553=PROPERTY_DEFINITION('geometric validation property',
'centroid of LEAD-QFP',#5551);
#5554=REPRESENTATION('centroid',(#5552),#3275);
#5555=PROPERTY_DEFINITION_REPRESENTATION(#5553,#5554);
#5563=NEXT_ASSEMBLY_USAGE_OCCURRENCE('173','Next assembly relationship',
'LEAD-QFP',#5631,#3284,$);
#5564=PRODUCT_DEFINITION_SHAPE('Placement #173',
'Placement of LEAD-QFP with respect to PGF0176A_ASM',#5563);
#5566=PROPERTY_DEFINITION('geometric validation property',
'centroid of LEAD-QFP',#5564);
#5567=REPRESENTATION('centroid',(#5565),#3275);
#5568=PROPERTY_DEFINITION_REPRESENTATION(#5566,#5567);
#5576=NEXT_ASSEMBLY_USAGE_OCCURRENCE('174','Next assembly relationship',
'LEAD-QFP',#5631,#3284,$);
#5577=PRODUCT_DEFINITION_SHAPE('Placement #174',
'Placement of LEAD-QFP with respect to PGF0176A_ASM',#5576);
#5579=PROPERTY_DEFINITION('geometric validation property',
'centroid of LEAD-QFP',#5577);
#5580=REPRESENTATION('centroid',(#5578),#3275);
#5581=PROPERTY_DEFINITION_REPRESENTATION(#5579,#5580);
#5589=NEXT_ASSEMBLY_USAGE_OCCURRENCE('175','Next assembly relationship',
'LEAD-QFP',#5631,#3284,$);
#5590=PRODUCT_DEFINITION_SHAPE('Placement #175',
'Placement of LEAD-QFP with respect to PGF0176A_ASM',#5589);
#5592=PROPERTY_DEFINITION('geometric validation property',
'centroid of LEAD-QFP',#5590);
#5593=REPRESENTATION('centroid',(#5591),#3275);
#5594=PROPERTY_DEFINITION_REPRESENTATION(#5592,#5593);
#5602=NEXT_ASSEMBLY_USAGE_OCCURRENCE('176','Next assembly relationship',
'LEAD-QFP',#5631,#3284,$);
#5603=PRODUCT_DEFINITION_SHAPE('Placement #176',
'Placement of LEAD-QFP with respect to PGF0176A_ASM',#5602);
#5605=PROPERTY_DEFINITION('geometric validation property',
'centroid of LEAD-QFP',#5603);
#5606=REPRESENTATION('centroid',(#5604),#3275);
#5607=PROPERTY_DEFINITION_REPRESENTATION(#5605,#5606);
#5615=(LENGTH_UNIT()NAMED_UNIT(*)SI_UNIT(.MILLI.,.METRE.));
#5616=(NAMED_UNIT(*)PLANE_ANGLE_UNIT()SI_UNIT($,.RADIAN.));
#5619=(NAMED_UNIT(*)SI_UNIT($,.STERADIAN.)SOLID_ANGLE_UNIT());
#5621=(GEOMETRIC_REPRESENTATION_CONTEXT(3)GLOBAL_UNCERTAINTY_ASSIGNED_CONTEXT((
#5620))GLOBAL_UNIT_ASSIGNED_CONTEXT((#5615,#5618,#5619))REPRESENTATION_CONTEXT(
'ID3','3'));
#5625=AXIS2_PLACEMENT_3D('',#5622,#5623,#5624);
#5631=PRODUCT_DEFINITION('part definition','',#5630,#5627);
#5632=(LENGTH_UNIT()NAMED_UNIT(*)SI_UNIT(.MILLI.,.METRE.));
#5636=PROPERTY_DEFINITION('geometric validation property',
'area of PGF0176A_ASM',#2717);
#5637=REPRESENTATION('surface area',(#5635),#5621);
#5638=PROPERTY_DEFINITION_REPRESENTATION(#5636,#5637);
#5639=(LENGTH_UNIT()NAMED_UNIT(*)SI_UNIT(.MILLI.,.METRE.));
#5643=PROPERTY_DEFINITION('geometric validation property',
'volume of PGF0176A_ASM',#2717);
#5644=REPRESENTATION('volume',(#5642),#5621);
#5645=PROPERTY_DEFINITION_REPRESENTATION(#5643,#5644);
#5647=PROPERTY_DEFINITION('geometric validation property',
'centroid of PGF0176A_ASM',#2717);
#5648=REPRESENTATION('centroid',(#5646),#5621);
#5649=PROPERTY_DEFINITION_REPRESENTATION(#5647,#5648);
ENDSEC;
END-ISO-10303-21;
